2026-07-04 07:42:37,197 [INFO] Wallet: rfFbKaT7pQTUsAYyEH8r5a6XTD45rz3aFe
2026-07-04 07:42:37,197 [INFO] Connected: https://xrplcluster.com
2026-07-04 07:42:37,198 [INFO] Total NFTs to mint: 500
2026-07-04 07:42:37,198 [INFO] Already minted: 0
2026-07-04 07:42:37,198 [INFO] Remaining: 500
2026-07-04 07:42:37,628 [INFO] HTTP Request: POST https://xrplcluster.com "HTTP/1.1 200 OK"
2026-07-04 07:42:37,630 [INFO] Balance: 511.8723 XRP | Sequence: 105336222
2026-07-04 07:42:37,630 [INFO] Batch 1/50: alabama ... hawaii
2026-07-04 07:42:37,636 [ERROR]   ✗ alabama exception: 'account'
2026-07-04 07:42:37,639 [ERROR]   ✗ alaska exception: 'account'
2026-07-04 07:42:37,642 [ERROR]   ✗ arizona exception: 'account'
2026-07-04 07:42:37,645 [ERROR]   ✗ arkansas exception: 'account'
2026-07-04 07:42:37,648 [ERROR]   ✗ california exception: 'account'
2026-07-04 07:42:37,650 [ERROR]   ✗ colorado exception: 'account'
2026-07-04 07:42:37,653 [ERROR]   ✗ connecticut exception: 'account'
2026-07-04 07:42:37,656 [ERROR]   ✗ delaware exception: 'account'
2026-07-04 07:42:37,659 [ERROR]   ✗ georgia exception: 'account'
2026-07-04 07:42:37,661 [ERROR]   ✗ hawaii exception: 'account'
2026-07-04 07:42:37,662 [INFO]   Saved. Minted so far: 0 | Failed: 10
2026-07-04 07:42:41,667 [INFO] Batch 2/50: idaho ... massachusetts
2026-07-04 07:42:41,676 [ERROR]   ✗ idaho exception: 'account'
2026-07-04 07:42:41,685 [ERROR]   ✗ illinois exception: 'account'
2026-07-04 07:42:41,691 [ERROR]   ✗ indiana exception: 'account'
2026-07-04 07:42:41,696 [ERROR]   ✗ iowa exception: 'account'
2026-07-04 07:42:41,699 [ERROR]   ✗ kansas exception: 'account'
2026-07-04 07:42:41,702 [ERROR]   ✗ kentucky exception: 'account'
2026-07-04 07:42:41,705 [ERROR]   ✗ louisiana exception: 'account'
2026-07-04 07:42:41,707 [ERROR]   ✗ maine exception: 'account'
2026-07-04 07:42:41,710 [ERROR]   ✗ maryland exception: 'account'
2026-07-04 07:42:41,713 [ERROR]   ✗ massachusetts exception: 'account'
2026-07-04 07:42:41,713 [INFO]   Saved. Minted so far: 0 | Failed: 20
2026-07-04 07:42:45,715 [INFO] Batch 3/50: michigan ... new-mexico
2026-07-04 07:42:45,722 [ERROR]   ✗ michigan exception: 'account'
2026-07-04 07:42:45,726 [ERROR]   ✗ minnesota exception: 'account'
2026-07-04 07:42:45,729 [ERROR]   ✗ mississippi exception: 'account'
2026-07-04 07:42:45,732 [ERROR]   ✗ missouri exception: 'account'
2026-07-04 07:42:45,735 [ERROR]   ✗ montana exception: 'account'
2026-07-04 07:42:45,738 [ERROR]   ✗ nebraska exception: 'account'
2026-07-04 07:42:45,741 [ERROR]   ✗ nevada exception: 'account'
2026-07-04 07:42:45,745 [ERROR]   ✗ new-hampshire exception: 'account'
2026-07-04 07:42:45,748 [ERROR]   ✗ new-jersey exception: 'account'
2026-07-04 07:42:45,751 [ERROR]   ✗ new-mexico exception: 'account'
2026-07-04 07:42:45,751 [INFO]   Saved. Minted so far: 0 | Failed: 30
2026-07-04 07:44:02,087 [INFO] Wallet: rfFbKaT7pQTUsAYyEH8r5a6XTD45rz3aFe
2026-07-04 07:44:02,087 [INFO] Connected: https://xrplcluster.com
2026-07-04 07:44:02,088 [INFO] Total NFTs: 500
2026-07-04 07:44:02,088 [INFO] Already minted: 0
2026-07-04 07:44:02,089 [INFO] Remaining: 500
2026-07-04 07:44:02,721 [INFO] HTTP Request: POST https://xrplcluster.com "HTTP/1.1 200 OK"
2026-07-04 07:44:03,131 [INFO] HTTP Request: POST https://xrplcluster.com "HTTP/1.1 200 OK"
2026-07-04 07:44:03,539 [INFO] HTTP Request: POST https://xrplcluster.com "HTTP/1.1 200 OK"
2026-07-04 07:44:03,948 [INFO] HTTP Request: POST https://xrplcluster.com "HTTP/1.1 200 OK"
2026-07-04 07:44:04,358 [INFO] HTTP Request: POST https://xrplcluster.com "HTTP/1.1 200 OK"
2026-07-04 07:44:04,767 [INFO] HTTP Request: POST https://xrplcluster.com "HTTP/1.1 200 OK"
2026-07-04 07:44:04,769 [INFO] ✓ [1/500] alabama — tesSUCCESS
2026-07-04 07:44:06,201 [INFO] HTTP Request: POST https://xrplcluster.com "HTTP/1.1 200 OK"
2026-07-04 07:44:06,613 [INFO] HTTP Request: POST https://xrplcluster.com "HTTP/1.1 200 OK"
2026-07-04 07:44:06,978 [INFO] HTTP Request: POST https://xrplcluster.com "HTTP/1.1 200 OK"
2026-07-04 07:44:07,391 [INFO] HTTP Request: POST https://xrplcluster.com "HTTP/1.1 200 OK"
2026-07-04 07:44:07,739 [INFO] HTTP Request: POST https://xrplcluster.com "HTTP/1.1 200 OK"
2026-07-04 07:44:08,147 [INFO] HTTP Request: POST https://xrplcluster.com "HTTP/1.1 200 OK"
2026-07-04 07:44:08,148 [INFO] ✓ [2/500] alaska — tesSUCCESS
2026-07-04 07:44:09,580 [INFO] HTTP Request: POST https://xrplcluster.com "HTTP/1.1 200 OK"
2026-07-04 07:44:09,991 [INFO] HTTP Request: POST https://xrplcluster.com "HTTP/1.1 200 OK"
2026-07-04 07:44:10,399 [INFO] HTTP Request: POST https://xrplcluster.com "HTTP/1.1 200 OK"
2026-07-04 07:44:11,016 [INFO] HTTP Request: POST https://xrplcluster.com "HTTP/1.1 200 OK"
2026-07-04 07:44:11,017 [ERROR] ✗ arizona exception: Request failed, amendmentBlocked: Amendment blocked, need upgrade.
2026-07-04 07:44:12,450 [INFO] HTTP Request: POST https://xrplcluster.com "HTTP/1.1 200 OK"
2026-07-04 07:44:12,850 [INFO] HTTP Request: POST https://xrplcluster.com "HTTP/1.1 200 OK"
2026-07-04 07:44:13,268 [INFO] HTTP Request: POST https://xrplcluster.com "HTTP/1.1 200 OK"
2026-07-04 07:44:13,797 [INFO] HTTP Request: POST https://xrplcluster.com "HTTP/1.1 200 OK"
2026-07-04 07:44:13,798 [ERROR] ✗ arkansas exception: Request failed, amendmentBlocked: Amendment blocked, need upgrade.
2026-07-04 07:44:15,214 [INFO] HTTP Request: POST https://xrplcluster.com "HTTP/1.1 200 OK"
2026-07-04 07:44:15,623 [INFO] HTTP Request: POST https://xrplcluster.com "HTTP/1.1 200 OK"
2026-07-04 07:44:16,236 [INFO] HTTP Request: POST https://xrplcluster.com "HTTP/1.1 200 OK"
2026-07-04 07:44:16,648 [INFO] HTTP Request: POST https://xrplcluster.com "HTTP/1.1 200 OK"
2026-07-04 07:44:16,974 [INFO] HTTP Request: POST https://xrplcluster.com "HTTP/1.1 200 OK"
2026-07-04 07:44:17,300 [INFO] HTTP Request: POST https://xrplcluster.com "HTTP/1.1 200 OK"
2026-07-04 07:44:17,301 [INFO] ✓ [3/500] california — tesSUCCESS
2026-07-04 07:44:18,657 [INFO] HTTP Request: POST https://xrplcluster.com "HTTP/1.1 200 OK"
2026-07-04 07:44:19,206 [INFO] HTTP Request: POST https://xrplcluster.com "HTTP/1.1 200 OK"
2026-07-04 07:44:19,615 [INFO] HTTP Request: POST https://xrplcluster.com "HTTP/1.1 200 OK"
2026-07-04 07:44:20,017 [INFO] HTTP Request: POST https://xrplcluster.com "HTTP/1.1 200 OK"
2026-07-04 07:44:20,435 [INFO] HTTP Request: POST https://xrplcluster.com "HTTP/1.1 200 OK"
2026-07-04 07:44:20,960 [INFO] HTTP Request: POST https://xrplcluster.com "HTTP/1.1 200 OK"
2026-07-04 07:44:20,962 [ERROR] ✗ colorado exception: Request failed, amendmentBlocked: Amendment blocked, need upgrade.
2026-07-04 07:44:22,390 [INFO] HTTP Request: POST https://xrplcluster.com "HTTP/1.1 200 OK"
2026-07-04 07:44:22,829 [INFO] HTTP Request: POST https://xrplcluster.com "HTTP/1.1 200 OK"
2026-07-04 07:44:23,488 [INFO] HTTP Request: POST https://xrplcluster.com "HTTP/1.1 200 OK"
2026-07-04 07:44:23,965 [INFO] HTTP Request: POST https://xrplcluster.com "HTTP/1.1 200 OK"
2026-07-04 07:44:24,285 [INFO] HTTP Request: POST https://xrplcluster.com "HTTP/1.1 200 OK"
2026-07-04 07:44:24,694 [INFO] HTTP Request: POST https://xrplcluster.com "HTTP/1.1 200 OK"
2026-07-04 07:44:24,698 [INFO] ✓ [4/500] connecticut — tesSUCCESS
2026-07-04 07:44:26,034 [INFO] HTTP Request: POST https://xrplcluster.com "HTTP/1.1 200 OK"
2026-07-04 07:44:26,458 [INFO] HTTP Request: POST https://xrplcluster.com "HTTP/1.1 200 OK"
2026-07-04 07:44:26,808 [INFO] HTTP Request: POST https://xrplcluster.com "HTTP/1.1 200 OK"
2026-07-04 07:44:27,157 [INFO] HTTP Request: POST https://xrplcluster.com "HTTP/1.1 200 OK"
2026-07-04 07:44:27,601 [INFO] HTTP Request: POST https://xrplcluster.com "HTTP/1.1 200 OK"
2026-07-04 07:44:28,044 [INFO] HTTP Request: POST https://xrplcluster.com "HTTP/1.1 200 OK"
2026-07-04 07:44:28,047 [INFO] ✓ [5/500] delaware — tesSUCCESS
2026-07-04 07:44:29,594 [INFO] HTTP Request: POST https://xrplcluster.com "HTTP/1.1 200 OK"
2026-07-04 07:44:29,596 [ERROR] ✗ georgia exception: Request failed, amendmentBlocked: Amendment blocked, need upgrade.
2026-07-04 07:44:31,081 [INFO] HTTP Request: POST https://xrplcluster.com "HTTP/1.1 200 OK"
2026-07-04 07:44:31,563 [INFO] HTTP Request: POST https://xrplcluster.com "HTTP/1.1 200 OK"
2026-07-04 07:44:31,976 [INFO] HTTP Request: POST https://xrplcluster.com "HTTP/1.1 200 OK"
2026-07-04 07:44:32,485 [INFO] HTTP Request: POST https://xrplcluster.com "HTTP/1.1 200 OK"
2026-07-04 07:44:32,885 [INFO] HTTP Request: POST https://xrplcluster.com "HTTP/1.1 200 OK"
2026-07-04 07:44:33,540 [INFO] HTTP Request: POST https://xrplcluster.com "HTTP/1.1 200 OK"
2026-07-04 07:44:33,541 [ERROR] ✗ hawaii exception: Request failed, amendmentBlocked: Amendment blocked, need upgrade.
2026-07-04 07:44:34,905 [INFO] HTTP Request: POST https://xrplcluster.com "HTTP/1.1 200 OK"
2026-07-04 07:44:35,348 [INFO] HTTP Request: POST https://xrplcluster.com "HTTP/1.1 200 OK"
2026-07-04 07:44:35,681 [INFO] HTTP Request: POST https://xrplcluster.com "HTTP/1.1 200 OK"
2026-07-04 07:44:36,102 [INFO] HTTP Request: POST https://xrplcluster.com "HTTP/1.1 200 OK"
2026-07-04 07:44:36,511 [INFO] HTTP Request: POST https://xrplcluster.com "HTTP/1.1 200 OK"
2026-07-04 07:44:36,921 [INFO] HTTP Request: POST https://xrplcluster.com "HTTP/1.1 200 OK"
2026-07-04 07:44:36,923 [INFO] ✓ [6/500] idaho — tesSUCCESS
2026-07-04 07:44:38,325 [INFO] HTTP Request: POST https://xrplcluster.com "HTTP/1.1 200 OK"
2026-07-04 07:44:38,753 [INFO] HTTP Request: POST https://xrplcluster.com "HTTP/1.1 200 OK"
2026-07-04 07:44:39,158 [INFO] HTTP Request: POST https://xrplcluster.com "HTTP/1.1 200 OK"
2026-07-04 07:44:39,584 [INFO] HTTP Request: POST https://xrplcluster.com "HTTP/1.1 200 OK"
2026-07-04 07:44:39,915 [INFO] HTTP Request: POST https://xrplcluster.com "HTTP/1.1 200 OK"
2026-07-04 07:44:40,608 [INFO] HTTP Request: POST https://xrplcluster.com "HTTP/1.1 200 OK"
2026-07-04 07:44:40,609 [INFO] ✓ [7/500] illinois — tesSUCCESS
2026-07-04 07:44:42,022 [INFO] HTTP Request: POST https://xrplcluster.com "HTTP/1.1 200 OK"
2026-07-04 07:44:42,360 [INFO] HTTP Request: POST https://xrplcluster.com "HTTP/1.1 200 OK"
2026-07-04 07:44:42,712 [INFO] HTTP Request: POST https://xrplcluster.com "HTTP/1.1 200 OK"
2026-07-04 07:44:43,116 [INFO] HTTP Request: POST https://xrplcluster.com "HTTP/1.1 200 OK"
2026-07-04 07:44:43,567 [INFO] HTTP Request: POST https://xrplcluster.com "HTTP/1.1 200 OK"
2026-07-04 07:44:44,029 [INFO] HTTP Request: POST https://xrplcluster.com "HTTP/1.1 200 OK"
2026-07-04 07:44:44,030 [INFO] ✓ [8/500] indiana — tesSUCCESS
2026-07-04 07:44:45,371 [INFO] HTTP Request: POST https://xrplcluster.com "HTTP/1.1 200 OK"
2026-07-04 07:44:45,771 [INFO] HTTP Request: POST https://xrplcluster.com "HTTP/1.1 200 OK"
2026-07-04 07:44:46,282 [INFO] HTTP Request: POST https://xrplcluster.com "HTTP/1.1 200 OK"
2026-07-04 07:44:46,748 [INFO] HTTP Request: POST https://xrplcluster.com "HTTP/1.1 200 OK"
2026-07-04 07:44:47,210 [INFO] HTTP Request: POST https://xrplcluster.com "HTTP/1.1 200 OK"
2026-07-04 07:44:47,657 [INFO] HTTP Request: POST https://xrplcluster.com "HTTP/1.1 200 OK"
2026-07-04 07:44:47,659 [INFO] ✓ [9/500] iowa — tesSUCCESS
2026-07-04 07:44:49,099 [INFO] HTTP Request: POST https://xrplcluster.com "HTTP/1.1 200 OK"
2026-07-04 07:44:49,691 [INFO] HTTP Request: POST https://xrplcluster.com "HTTP/1.1 200 OK"
2026-07-04 07:44:50,112 [INFO] HTTP Request: POST https://xrplcluster.com "HTTP/1.1 200 OK"
2026-07-04 07:44:50,650 [INFO] HTTP Request: POST https://xrplcluster.com "HTTP/1.1 200 OK"
2026-07-04 07:44:50,652 [ERROR] ✗ kansas exception: Request failed, amendmentBlocked: Amendment blocked, need upgrade.
2026-07-04 07:44:52,026 [INFO] HTTP Request: POST https://xrplcluster.com "HTTP/1.1 200 OK"
2026-07-04 07:44:52,433 [INFO] HTTP Request: POST https://xrplcluster.com "HTTP/1.1 200 OK"
2026-07-04 07:44:52,987 [INFO] HTTP Request: POST https://xrplcluster.com "HTTP/1.1 200 OK"
2026-07-04 07:44:53,352 [INFO] HTTP Request: POST https://xrplcluster.com "HTTP/1.1 200 OK"
2026-07-04 07:44:53,755 [INFO] HTTP Request: POST https://xrplcluster.com "HTTP/1.1 200 OK"
2026-07-04 07:44:54,227 [INFO] HTTP Request: POST https://xrplcluster.com "HTTP/1.1 200 OK"
2026-07-04 07:44:54,228 [INFO] ✓ [10/500] kentucky — tesSUCCESS
2026-07-04 07:44:55,592 [INFO] HTTP Request: POST https://xrplcluster.com "HTTP/1.1 200 OK"
2026-07-04 07:44:55,956 [INFO] HTTP Request: POST https://xrplcluster.com "HTTP/1.1 200 OK"
2026-07-04 07:44:56,278 [INFO] HTTP Request: POST https://xrplcluster.com "HTTP/1.1 200 OK"
2026-07-04 07:44:56,891 [INFO] HTTP Request: POST https://xrplcluster.com "HTTP/1.1 200 OK"
2026-07-04 07:44:56,892 [ERROR] ✗ louisiana exception: Request failed, amendmentBlocked: Amendment blocked, need upgrade.
2026-07-04 07:44:58,226 [INFO] HTTP Request: POST https://xrplcluster.com "HTTP/1.1 200 OK"
2026-07-04 07:44:58,614 [INFO] HTTP Request: POST https://xrplcluster.com "HTTP/1.1 200 OK"
2026-07-04 07:44:58,937 [INFO] HTTP Request: POST https://xrplcluster.com "HTTP/1.1 200 OK"
2026-07-04 07:44:59,331 [INFO] HTTP Request: POST https://xrplcluster.com "HTTP/1.1 200 OK"
2026-07-04 07:44:59,849 [INFO] HTTP Request: POST https://xrplcluster.com "HTTP/1.1 200 OK"
2026-07-04 07:45:00,270 [INFO] HTTP Request: POST https://xrplcluster.com "HTTP/1.1 200 OK"
2026-07-04 07:45:00,272 [INFO] ✓ [11/500] maine — tesSUCCESS
2026-07-04 07:45:01,592 [INFO] HTTP Request: POST https://xrplcluster.com "HTTP/1.1 200 OK"
2026-07-04 07:45:02,011 [INFO] HTTP Request: POST https://xrplcluster.com "HTTP/1.1 200 OK"
2026-07-04 07:45:02,341 [INFO] HTTP Request: POST https://xrplcluster.com "HTTP/1.1 200 OK"
2026-07-04 07:45:02,798 [INFO] HTTP Request: POST https://xrplcluster.com "HTTP/1.1 200 OK"
2026-07-04 07:45:03,232 [INFO] HTTP Request: POST https://xrplcluster.com "HTTP/1.1 200 OK"
2026-07-04 07:45:03,657 [INFO] HTTP Request: POST https://xrplcluster.com "HTTP/1.1 200 OK"
2026-07-04 07:45:03,662 [INFO] ✓ [12/500] maryland — tesSUCCESS
2026-07-04 07:45:05,205 [INFO] HTTP Request: POST https://xrplcluster.com "HTTP/1.1 200 OK"
2026-07-04 07:45:05,208 [ERROR] ✗ massachusetts exception: Request failed, amendmentBlocked: Amendment blocked, need upgrade.
2026-07-04 07:45:06,655 [INFO] HTTP Request: POST https://xrplcluster.com "HTTP/1.1 200 OK"
2026-07-04 07:45:07,215 [INFO] HTTP Request: POST https://xrplcluster.com "HTTP/1.1 200 OK"
2026-07-04 07:45:07,647 [INFO] HTTP Request: POST https://xrplcluster.com "HTTP/1.1 200 OK"
2026-07-04 07:45:08,235 [INFO] HTTP Request: POST https://xrplcluster.com "HTTP/1.1 200 OK"
2026-07-04 07:45:08,237 [ERROR] ✗ michigan exception: Request failed, amendmentBlocked: Amendment blocked, need upgrade.
2026-07-04 07:45:09,691 [INFO] HTTP Request: POST https://xrplcluster.com "HTTP/1.1 200 OK"
2026-07-04 07:45:10,095 [INFO] HTTP Request: POST https://xrplcluster.com "HTTP/1.1 200 OK"
2026-07-04 07:45:10,418 [INFO] HTTP Request: POST https://xrplcluster.com "HTTP/1.1 200 OK"
2026-07-04 07:45:10,761 [INFO] HTTP Request: POST https://xrplcluster.com "HTTP/1.1 200 OK"
2026-07-04 07:45:11,123 [INFO] HTTP Request: POST https://xrplcluster.com "HTTP/1.1 200 OK"
2026-07-04 07:45:11,547 [INFO] HTTP Request: POST https://xrplcluster.com "HTTP/1.1 200 OK"
2026-07-04 07:45:11,550 [INFO] ✓ [13/500] minnesota — tesSUCCESS
2026-07-04 07:45:12,886 [INFO] HTTP Request: POST https://xrplcluster.com "HTTP/1.1 200 OK"
2026-07-04 07:45:13,295 [INFO] HTTP Request: POST https://xrplcluster.com "HTTP/1.1 200 OK"
2026-07-04 07:45:13,822 [INFO] HTTP Request: POST https://xrplcluster.com "HTTP/1.1 200 OK"
2026-07-04 07:45:14,178 [INFO] HTTP Request: POST https://xrplcluster.com "HTTP/1.1 200 OK"
2026-07-04 07:45:14,570 [INFO] HTTP Request: POST https://xrplcluster.com "HTTP/1.1 200 OK"
2026-07-04 07:45:14,926 [INFO] HTTP Request: POST https://xrplcluster.com "HTTP/1.1 200 OK"
2026-07-04 07:45:14,928 [INFO] ✓ [14/500] mississippi — tesSUCCESS
2026-07-04 07:45:16,448 [INFO] HTTP Request: POST https://xrplcluster.com "HTTP/1.1 200 OK"
2026-07-04 07:45:16,899 [INFO] HTTP Request: POST https://xrplcluster.com "HTTP/1.1 200 OK"
2026-07-04 07:45:17,458 [INFO] HTTP Request: POST https://xrplcluster.com "HTTP/1.1 200 OK"
2026-07-04 07:45:17,871 [INFO] HTTP Request: POST https://xrplcluster.com "HTTP/1.1 200 OK"
2026-07-04 07:45:18,409 [INFO] HTTP Request: POST https://xrplcluster.com "HTTP/1.1 200 OK"
2026-07-04 07:45:18,738 [INFO] HTTP Request: POST https://xrplcluster.com "HTTP/1.1 200 OK"
2026-07-04 07:45:18,739 [INFO] ✓ [15/500] missouri — tesSUCCESS
2026-07-04 07:45:20,111 [INFO] HTTP Request: POST https://xrplcluster.com "HTTP/1.1 200 OK"
2026-07-04 07:45:20,445 [INFO] HTTP Request: POST https://xrplcluster.com "HTTP/1.1 200 OK"
2026-07-04 07:45:20,808 [INFO] HTTP Request: POST https://xrplcluster.com "HTTP/1.1 200 OK"
2026-07-04 07:45:21,249 [INFO] HTTP Request: POST https://xrplcluster.com "HTTP/1.1 200 OK"
2026-07-04 07:45:21,672 [INFO] HTTP Request: POST https://xrplcluster.com "HTTP/1.1 200 OK"
2026-07-04 07:45:22,006 [INFO] HTTP Request: POST https://xrplcluster.com "HTTP/1.1 200 OK"
2026-07-04 07:45:22,008 [INFO] ✓ [16/500] montana — tesSUCCESS
2026-07-04 07:45:23,423 [INFO] HTTP Request: POST https://xrplcluster.com "HTTP/1.1 200 OK"
2026-07-04 07:45:23,747 [INFO] HTTP Request: POST https://xrplcluster.com "HTTP/1.1 200 OK"
2026-07-04 07:45:24,159 [INFO] HTTP Request: POST https://xrplcluster.com "HTTP/1.1 200 OK"
2026-07-04 07:45:24,615 [INFO] HTTP Request: POST https://xrplcluster.com "HTTP/1.1 200 OK"
2026-07-04 07:45:25,142 [INFO] HTTP Request: POST https://xrplcluster.com "HTTP/1.1 200 OK"
2026-07-04 07:45:25,818 [INFO] HTTP Request: POST https://xrplcluster.com "HTTP/1.1 200 OK"
2026-07-04 07:45:25,821 [INFO] ✓ [17/500] nebraska — tesSUCCESS
2026-07-04 07:45:27,390 [INFO] HTTP Request: POST https://xrplcluster.com "HTTP/1.1 200 OK"
2026-07-04 07:45:27,393 [ERROR] ✗ nevada exception: Request failed, amendmentBlocked: Amendment blocked, need upgrade.
2026-07-04 07:45:28,967 [INFO] HTTP Request: POST https://xrplcluster.com "HTTP/1.1 200 OK"
2026-07-04 07:45:28,971 [ERROR] ✗ new-hampshire exception: Request failed, amendmentBlocked: Amendment blocked, need upgrade.
2026-07-04 07:45:30,338 [INFO] HTTP Request: POST https://xrplcluster.com "HTTP/1.1 200 OK"
2026-07-04 07:45:30,764 [INFO] HTTP Request: POST https://xrplcluster.com "HTTP/1.1 200 OK"
2026-07-04 07:45:31,122 [INFO] HTTP Request: POST https://xrplcluster.com "HTTP/1.1 200 OK"
2026-07-04 07:45:31,553 [INFO] HTTP Request: POST https://xrplcluster.com "HTTP/1.1 200 OK"
2026-07-04 07:45:32,086 [INFO] HTTP Request: POST https://xrplcluster.com "HTTP/1.1 200 OK"
2026-07-04 07:45:32,428 [INFO] HTTP Request: POST https://xrplcluster.com "HTTP/1.1 200 OK"
2026-07-04 07:45:32,430 [INFO] ✓ [18/500] new-jersey — tesSUCCESS
2026-07-04 07:45:33,960 [INFO] HTTP Request: POST https://xrplcluster.com "HTTP/1.1 200 OK"
2026-07-04 07:45:34,470 [INFO] HTTP Request: POST https://xrplcluster.com "HTTP/1.1 200 OK"
2026-07-04 07:45:34,787 [INFO] HTTP Request: POST https://xrplcluster.com "HTTP/1.1 200 OK"
2026-07-04 07:45:35,188 [INFO] HTTP Request: POST https://xrplcluster.com "HTTP/1.1 200 OK"
2026-07-04 07:45:35,606 [INFO] HTTP Request: POST https://xrplcluster.com "HTTP/1.1 200 OK"
2026-07-04 07:45:36,028 [INFO] HTTP Request: POST https://xrplcluster.com "HTTP/1.1 200 OK"
2026-07-04 07:45:36,030 [INFO] ✓ [19/500] new-mexico — tesSUCCESS
2026-07-04 07:45:37,357 [INFO] HTTP Request: POST https://xrplcluster.com "HTTP/1.1 200 OK"
2026-07-04 07:45:37,851 [INFO] HTTP Request: POST https://xrplcluster.com "HTTP/1.1 200 OK"
2026-07-04 07:45:38,464 [INFO] HTTP Request: POST https://xrplcluster.com "HTTP/1.1 200 OK"
2026-07-04 07:45:38,776 [INFO] HTTP Request: POST https://xrplcluster.com "HTTP/1.1 200 OK"
2026-07-04 07:45:39,283 [INFO] HTTP Request: POST https://xrplcluster.com "HTTP/1.1 200 OK"
2026-07-04 07:45:39,795 [INFO] HTTP Request: POST https://xrplcluster.com "HTTP/1.1 200 OK"
2026-07-04 07:45:39,797 [INFO] ✓ [20/500] new-york — tesSUCCESS
2026-07-04 07:45:41,229 [INFO] HTTP Request: POST https://xrplcluster.com "HTTP/1.1 200 OK"
2026-07-04 07:45:41,640 [INFO] HTTP Request: POST https://xrplcluster.com "HTTP/1.1 200 OK"
2026-07-04 07:45:42,159 [INFO] HTTP Request: POST https://xrplcluster.com "HTTP/1.1 200 OK"
2026-07-04 07:45:42,560 [INFO] HTTP Request: POST https://xrplcluster.com "HTTP/1.1 200 OK"
2026-07-04 07:45:43,093 [INFO] HTTP Request: POST https://xrplcluster.com "HTTP/1.1 200 OK"
2026-07-04 07:45:43,524 [INFO] HTTP Request: POST https://xrplcluster.com "HTTP/1.1 200 OK"
2026-07-04 07:45:43,527 [INFO] ✓ [21/500] north-carolina — tesSUCCESS
2026-07-04 07:45:45,017 [INFO] HTTP Request: POST https://xrplcluster.com "HTTP/1.1 200 OK"
2026-07-04 07:45:45,540 [INFO] HTTP Request: POST https://xrplcluster.com "HTTP/1.1 200 OK"
2026-07-04 07:45:45,989 [INFO] HTTP Request: POST https://xrplcluster.com "HTTP/1.1 200 OK"
2026-07-04 07:45:46,451 [INFO] HTTP Request: POST https://xrplcluster.com "HTTP/1.1 200 OK"
2026-07-04 07:45:46,862 [INFO] HTTP Request: POST https://xrplcluster.com "HTTP/1.1 200 OK"
2026-07-04 07:45:47,199 [INFO] HTTP Request: POST https://xrplcluster.com "HTTP/1.1 200 OK"
2026-07-04 07:45:47,200 [INFO] ✓ [22/500] north-dakota — tesSUCCESS
2026-07-04 07:45:48,712 [INFO] HTTP Request: POST https://xrplcluster.com "HTTP/1.1 200 OK"
2026-07-04 07:45:48,715 [ERROR] ✗ ohio exception: Request failed, amendmentBlocked: Amendment blocked, need upgrade.
2026-07-04 07:45:50,050 [INFO] HTTP Request: POST https://xrplcluster.com "HTTP/1.1 200 OK"
2026-07-04 07:45:50,453 [INFO] HTTP Request: POST https://xrplcluster.com "HTTP/1.1 200 OK"
2026-07-04 07:45:50,805 [INFO] HTTP Request: POST https://xrplcluster.com "HTTP/1.1 200 OK"
2026-07-04 07:45:51,127 [INFO] HTTP Request: POST https://xrplcluster.com "HTTP/1.1 200 OK"
2026-07-04 07:45:51,450 [INFO] HTTP Request: POST https://xrplcluster.com "HTTP/1.1 200 OK"
2026-07-04 07:45:51,878 [INFO] HTTP Request: POST https://xrplcluster.com "HTTP/1.1 200 OK"
2026-07-04 07:45:51,880 [INFO] ✓ [23/500] oklahoma — tesSUCCESS
2026-07-04 07:45:53,313 [INFO] HTTP Request: POST https://xrplcluster.com "HTTP/1.1 200 OK"
2026-07-04 07:45:53,836 [INFO] HTTP Request: POST https://xrplcluster.com "HTTP/1.1 200 OK"
2026-07-04 07:45:54,336 [INFO] HTTP Request: POST https://xrplcluster.com "HTTP/1.1 200 OK"
2026-07-04 07:45:54,745 [INFO] HTTP Request: POST https://xrplcluster.com "HTTP/1.1 200 OK"
2026-07-04 07:45:55,155 [INFO] HTTP Request: POST https://xrplcluster.com "HTTP/1.1 200 OK"
2026-07-04 07:45:55,532 [INFO] HTTP Request: POST https://xrplcluster.com "HTTP/1.1 200 OK"
2026-07-04 07:45:55,534 [INFO] ✓ [24/500] oregon — tesSUCCESS
2026-07-04 07:45:56,899 [INFO] HTTP Request: POST https://xrplcluster.com "HTTP/1.1 200 OK"
2026-07-04 07:45:57,408 [INFO] HTTP Request: POST https://xrplcluster.com "HTTP/1.1 200 OK"
2026-07-04 07:45:57,824 [INFO] HTTP Request: POST https://xrplcluster.com "HTTP/1.1 200 OK"
2026-07-04 07:45:58,433 [INFO] HTTP Request: POST https://xrplcluster.com "HTTP/1.1 200 OK"
2026-07-04 07:45:58,435 [ERROR] ✗ pennsylvania exception: Request failed, amendmentBlocked: Amendment blocked, need upgrade.
2026-07-04 07:45:59,865 [INFO] HTTP Request: POST https://xrplcluster.com "HTTP/1.1 200 OK"
2026-07-04 07:46:00,275 [INFO] HTTP Request: POST https://xrplcluster.com "HTTP/1.1 200 OK"
2026-07-04 07:46:00,685 [INFO] HTTP Request: POST https://xrplcluster.com "HTTP/1.1 200 OK"
2026-07-04 07:46:01,094 [INFO] HTTP Request: POST https://xrplcluster.com "HTTP/1.1 200 OK"
2026-07-04 07:46:01,410 [INFO] HTTP Request: POST https://xrplcluster.com "HTTP/1.1 200 OK"
2026-07-04 07:46:01,912 [INFO] HTTP Request: POST https://xrplcluster.com "HTTP/1.1 200 OK"
2026-07-04 07:46:01,914 [INFO] ✓ [25/500] rhode-island — tesSUCCESS
2026-07-04 07:46:03,347 [INFO] HTTP Request: POST https://xrplcluster.com "HTTP/1.1 200 OK"
2026-07-04 07:46:03,758 [INFO] HTTP Request: POST https://xrplcluster.com "HTTP/1.1 200 OK"
2026-07-04 07:46:04,167 [INFO] HTTP Request: POST https://xrplcluster.com "HTTP/1.1 200 OK"
2026-07-04 07:46:04,578 [INFO] HTTP Request: POST https://xrplcluster.com "HTTP/1.1 200 OK"
2026-07-04 07:46:04,986 [INFO] HTTP Request: POST https://xrplcluster.com "HTTP/1.1 200 OK"
2026-07-04 07:46:05,498 [INFO] HTTP Request: POST https://xrplcluster.com "HTTP/1.1 200 OK"
2026-07-04 07:46:05,499 [INFO] ✓ [26/500] south-carolina — tesSUCCESS
2026-07-04 07:46:06,933 [INFO] HTTP Request: POST https://xrplcluster.com "HTTP/1.1 200 OK"
2026-07-04 07:46:07,254 [INFO] HTTP Request: POST https://xrplcluster.com "HTTP/1.1 200 OK"
2026-07-04 07:46:07,649 [INFO] HTTP Request: POST https://xrplcluster.com "HTTP/1.1 200 OK"
2026-07-04 07:46:08,057 [INFO] HTTP Request: POST https://xrplcluster.com "HTTP/1.1 200 OK"
2026-07-04 07:46:08,469 [INFO] HTTP Request: POST https://xrplcluster.com "HTTP/1.1 200 OK"
2026-07-04 07:46:08,892 [INFO] HTTP Request: POST https://xrplcluster.com "HTTP/1.1 200 OK"
2026-07-04 07:46:08,893 [INFO] ✓ [27/500] south-dakota — tesSUCCESS
2026-07-04 07:46:10,310 [INFO] HTTP Request: POST https://xrplcluster.com "HTTP/1.1 200 OK"
2026-07-04 07:46:10,823 [INFO] HTTP Request: POST https://xrplcluster.com "HTTP/1.1 200 OK"
2026-07-04 07:46:11,334 [INFO] HTTP Request: POST https://xrplcluster.com "HTTP/1.1 200 OK"
2026-07-04 07:46:11,765 [INFO] HTTP Request: POST https://xrplcluster.com "HTTP/1.1 200 OK"
2026-07-04 07:46:12,154 [INFO] HTTP Request: POST https://xrplcluster.com "HTTP/1.1 200 OK"
2026-07-04 07:46:12,666 [INFO] HTTP Request: POST https://xrplcluster.com "HTTP/1.1 200 OK"
2026-07-04 07:46:12,668 [INFO] ✓ [28/500] tennessee — tesSUCCESS
2026-07-04 07:46:13,993 [INFO] HTTP Request: POST https://xrplcluster.com "HTTP/1.1 200 OK"
2026-07-04 07:46:14,407 [INFO] HTTP Request: POST https://xrplcluster.com "HTTP/1.1 200 OK"
2026-07-04 07:46:15,020 [INFO] HTTP Request: POST https://xrplcluster.com "HTTP/1.1 200 OK"
2026-07-04 07:46:15,635 [INFO] HTTP Request: POST https://xrplcluster.com "HTTP/1.1 200 OK"
2026-07-04 07:46:15,637 [ERROR] ✗ texas exception: Request failed, amendmentBlocked: Amendment blocked, need upgrade.
2026-07-04 07:46:17,273 [INFO] HTTP Request: POST https://xrplcluster.com "HTTP/1.1 200 OK"
2026-07-04 07:46:17,275 [ERROR] ✗ utah exception: Request failed, amendmentBlocked: Amendment blocked, need upgrade.
2026-07-04 07:46:18,707 [INFO] HTTP Request: POST https://xrplcluster.com "HTTP/1.1 200 OK"
2026-07-04 07:46:19,031 [INFO] HTTP Request: POST https://xrplcluster.com "HTTP/1.1 200 OK"
2026-07-04 07:46:19,436 [INFO] HTTP Request: POST https://xrplcluster.com "HTTP/1.1 200 OK"
2026-07-04 07:46:19,833 [INFO] HTTP Request: POST https://xrplcluster.com "HTTP/1.1 200 OK"
2026-07-04 07:46:20,231 [INFO] HTTP Request: POST https://xrplcluster.com "HTTP/1.1 200 OK"
2026-07-04 07:46:20,653 [INFO] HTTP Request: POST https://xrplcluster.com "HTTP/1.1 200 OK"
2026-07-04 07:46:20,654 [INFO] ✓ [29/500] vermont — tesSUCCESS
2026-07-04 07:46:22,086 [INFO] HTTP Request: POST https://xrplcluster.com "HTTP/1.1 200 OK"
2026-07-04 07:46:22,410 [INFO] HTTP Request: POST https://xrplcluster.com "HTTP/1.1 200 OK"
2026-07-04 07:46:23,013 [INFO] HTTP Request: POST https://xrplcluster.com "HTTP/1.1 200 OK"
2026-07-04 07:46:23,418 [INFO] HTTP Request: POST https://xrplcluster.com "HTTP/1.1 200 OK"
2026-07-04 07:46:23,930 [INFO] HTTP Request: POST https://xrplcluster.com "HTTP/1.1 200 OK"
2026-07-04 07:46:24,357 [INFO] HTTP Request: POST https://xrplcluster.com "HTTP/1.1 200 OK"
2026-07-04 07:46:24,359 [INFO] ✓ [30/500] virginia — tesSUCCESS
2026-07-04 07:46:25,778 [INFO] HTTP Request: POST https://xrplcluster.com "HTTP/1.1 200 OK"
2026-07-04 07:46:26,317 [INFO] HTTP Request: POST https://xrplcluster.com "HTTP/1.1 200 OK"
2026-07-04 07:46:26,797 [INFO] HTTP Request: POST https://xrplcluster.com "HTTP/1.1 200 OK"
2026-07-04 07:46:27,309 [INFO] HTTP Request: POST https://xrplcluster.com "HTTP/1.1 200 OK"
2026-07-04 07:46:27,821 [INFO] HTTP Request: POST https://xrplcluster.com "HTTP/1.1 200 OK"
2026-07-04 07:46:28,247 [INFO] HTTP Request: POST https://xrplcluster.com "HTTP/1.1 200 OK"
2026-07-04 07:46:28,250 [INFO] ✓ [31/500] washington-state — tesSUCCESS
2026-07-04 07:46:29,664 [INFO] HTTP Request: POST https://xrplcluster.com "HTTP/1.1 200 OK"
2026-07-04 07:46:30,176 [INFO] HTTP Request: POST https://xrplcluster.com "HTTP/1.1 200 OK"
2026-07-04 07:46:30,586 [INFO] HTTP Request: POST https://xrplcluster.com "HTTP/1.1 200 OK"
2026-07-04 07:46:30,997 [INFO] HTTP Request: POST https://xrplcluster.com "HTTP/1.1 200 OK"
2026-07-04 07:46:31,322 [INFO] HTTP Request: POST https://xrplcluster.com "HTTP/1.1 200 OK"
2026-07-04 07:46:31,751 [INFO] HTTP Request: POST https://xrplcluster.com "HTTP/1.1 200 OK"
2026-07-04 07:46:31,753 [INFO] ✓ [32/500] west-virginia — tesSUCCESS
2026-07-04 07:46:33,101 [INFO] HTTP Request: POST https://xrplcluster.com "HTTP/1.1 200 OK"
2026-07-04 07:46:33,537 [INFO] HTTP Request: POST https://xrplcluster.com "HTTP/1.1 200 OK"
2026-07-04 07:46:33,964 [INFO] HTTP Request: POST https://xrplcluster.com "HTTP/1.1 200 OK"
2026-07-04 07:46:34,284 [INFO] HTTP Request: POST https://xrplcluster.com "HTTP/1.1 200 OK"
2026-07-04 07:46:34,672 [INFO] HTTP Request: POST https://xrplcluster.com "HTTP/1.1 200 OK"
2026-07-04 07:46:35,091 [INFO] HTTP Request: POST https://xrplcluster.com "HTTP/1.1 200 OK"
2026-07-04 07:46:35,093 [INFO] ✓ [33/500] wisconsin — tesSUCCESS
2026-07-04 07:46:36,524 [INFO] HTTP Request: POST https://xrplcluster.com "HTTP/1.1 200 OK"
2026-07-04 07:46:37,036 [INFO] HTTP Request: POST https://xrplcluster.com "HTTP/1.1 200 OK"
2026-07-04 07:46:37,368 [INFO] HTTP Request: POST https://xrplcluster.com "HTTP/1.1 200 OK"
2026-07-04 07:46:37,769 [INFO] HTTP Request: POST https://xrplcluster.com "HTTP/1.1 200 OK"
2026-07-04 07:46:38,184 [INFO] HTTP Request: POST https://xrplcluster.com "HTTP/1.1 200 OK"
2026-07-04 07:46:38,675 [INFO] HTTP Request: POST https://xrplcluster.com "HTTP/1.1 200 OK"
2026-07-04 07:46:38,676 [INFO] ✓ [34/500] wyoming — tesSUCCESS
2026-07-04 07:46:40,217 [INFO] HTTP Request: POST https://xrplcluster.com "HTTP/1.1 200 OK"
2026-07-04 07:46:40,220 [ERROR] ✗ washington-dc exception: Request failed, amendmentBlocked: Amendment blocked, need upgrade.
2026-07-04 07:46:41,579 [INFO] HTTP Request: POST https://xrplcluster.com "HTTP/1.1 200 OK"
2026-07-04 07:46:42,104 [INFO] HTTP Request: POST https://xrplcluster.com "HTTP/1.1 200 OK"
2026-07-04 07:46:42,437 [INFO] HTTP Request: POST https://xrplcluster.com "HTTP/1.1 200 OK"
2026-07-04 07:46:42,873 [INFO] HTTP Request: POST https://xrplcluster.com "HTTP/1.1 200 OK"
2026-07-04 07:46:43,269 [INFO] HTTP Request: POST https://xrplcluster.com "HTTP/1.1 200 OK"
2026-07-04 07:46:43,795 [INFO] HTTP Request: POST https://xrplcluster.com "HTTP/1.1 200 OK"
2026-07-04 07:46:43,797 [INFO] ✓ [35/500] puerto-rico — tesSUCCESS
2026-07-04 07:46:45,153 [INFO] HTTP Request: POST https://xrplcluster.com "HTTP/1.1 200 OK"
2026-07-04 07:46:45,536 [INFO] HTTP Request: POST https://xrplcluster.com "HTTP/1.1 200 OK"
2026-07-04 07:46:46,047 [INFO] HTTP Request: POST https://xrplcluster.com "HTTP/1.1 200 OK"
2026-07-04 07:46:46,457 [INFO] HTTP Request: POST https://xrplcluster.com "HTTP/1.1 200 OK"
2026-07-04 07:46:46,970 [INFO] HTTP Request: POST https://xrplcluster.com "HTTP/1.1 200 OK"
2026-07-04 07:46:47,380 [INFO] HTTP Request: POST https://xrplcluster.com "HTTP/1.1 200 OK"
2026-07-04 07:46:47,381 [INFO] ✓ [36/500] guam — tesSUCCESS
2026-07-04 07:46:48,713 [INFO] HTTP Request: POST https://xrplcluster.com "HTTP/1.1 200 OK"
2026-07-04 07:46:49,222 [INFO] HTTP Request: POST https://xrplcluster.com "HTTP/1.1 200 OK"
2026-07-04 07:46:49,632 [INFO] HTTP Request: POST https://xrplcluster.com "HTTP/1.1 200 OK"
2026-07-04 07:46:50,159 [INFO] HTTP Request: POST https://xrplcluster.com "HTTP/1.1 200 OK"
2026-07-04 07:46:50,164 [ERROR] ✗ us-virgin-islands exception: Request failed, amendmentBlocked: Amendment blocked, need upgrade.
2026-07-04 07:46:51,680 [INFO] HTTP Request: POST https://xrplcluster.com "HTTP/1.1 200 OK"
2026-07-04 07:46:52,089 [INFO] HTTP Request: POST https://xrplcluster.com "HTTP/1.1 200 OK"
2026-07-04 07:46:52,601 [INFO] HTTP Request: POST https://xrplcluster.com "HTTP/1.1 200 OK"
2026-07-04 07:46:53,120 [INFO] HTTP Request: POST https://xrplcluster.com "HTTP/1.1 200 OK"
2026-07-04 07:46:53,122 [ERROR] ✗ american-samoa exception: Request failed, amendmentBlocked: Amendment blocked, need upgrade.
2026-07-04 07:46:54,650 [INFO] HTTP Request: POST https://xrplcluster.com "HTTP/1.1 200 OK"
2026-07-04 07:46:55,058 [INFO] HTTP Request: POST https://xrplcluster.com "HTTP/1.1 200 OK"
2026-07-04 07:46:55,572 [INFO] HTTP Request: POST https://xrplcluster.com "HTTP/1.1 200 OK"
2026-07-04 07:46:55,982 [INFO] HTTP Request: POST https://xrplcluster.com "HTTP/1.1 200 OK"
2026-07-04 07:46:56,598 [INFO] HTTP Request: POST https://xrplcluster.com "HTTP/1.1 200 OK"
2026-07-04 07:46:57,170 [INFO] HTTP Request: POST https://xrplcluster.com "HTTP/1.1 200 OK"
2026-07-04 07:46:57,172 [ERROR] ✗ northern-mariana-islands exception: Request failed, amendmentBlocked: Amendment blocked, need upgrade.
2026-07-04 07:46:58,643 [INFO] HTTP Request: POST https://xrplcluster.com "HTTP/1.1 200 OK"
2026-07-04 07:46:59,054 [INFO] HTTP Request: POST https://xrplcluster.com "HTTP/1.1 200 OK"
2026-07-04 07:46:59,668 [INFO] HTTP Request: POST https://xrplcluster.com "HTTP/1.1 200 OK"
2026-07-04 07:47:00,076 [INFO] HTTP Request: POST https://xrplcluster.com "HTTP/1.1 200 OK"
2026-07-04 07:47:00,396 [INFO] HTTP Request: POST https://xrplcluster.com "HTTP/1.1 200 OK"
2026-07-04 07:47:00,902 [INFO] HTTP Request: POST https://xrplcluster.com "HTTP/1.1 200 OK"
2026-07-04 07:47:00,903 [INFO] ✓ [37/500] george-washington-president — tesSUCCESS
2026-07-04 07:47:02,329 [INFO] HTTP Request: POST https://xrplcluster.com "HTTP/1.1 200 OK"
2026-07-04 07:47:02,841 [INFO] HTTP Request: POST https://xrplcluster.com "HTTP/1.1 200 OK"
2026-07-04 07:47:03,252 [INFO] HTTP Request: POST https://xrplcluster.com "HTTP/1.1 200 OK"
2026-07-04 07:47:03,576 [INFO] HTTP Request: POST https://xrplcluster.com "HTTP/1.1 200 OK"
2026-07-04 07:47:03,980 [INFO] HTTP Request: POST https://xrplcluster.com "HTTP/1.1 200 OK"
2026-07-04 07:47:04,378 [INFO] HTTP Request: POST https://xrplcluster.com "HTTP/1.1 200 OK"
2026-07-04 07:47:04,380 [INFO] ✓ [38/500] john-adams-president — tesSUCCESS
2026-07-04 07:47:05,811 [INFO] HTTP Request: POST https://xrplcluster.com "HTTP/1.1 200 OK"
2026-07-04 07:47:06,327 [INFO] HTTP Request: POST https://xrplcluster.com "HTTP/1.1 200 OK"
2026-07-04 07:47:06,721 [INFO] HTTP Request: POST https://xrplcluster.com "HTTP/1.1 200 OK"
2026-07-04 07:47:07,143 [INFO] HTTP Request: POST https://xrplcluster.com "HTTP/1.1 200 OK"
2026-07-04 07:47:07,552 [INFO] HTTP Request: POST https://xrplcluster.com "HTTP/1.1 200 OK"
2026-07-04 07:47:07,879 [INFO] HTTP Request: POST https://xrplcluster.com "HTTP/1.1 200 OK"
2026-07-04 07:47:07,884 [INFO] ✓ [39/500] thomas-jefferson-president — tesSUCCESS
2026-07-04 07:47:09,397 [INFO] HTTP Request: POST https://xrplcluster.com "HTTP/1.1 200 OK"
2026-07-04 07:47:09,907 [INFO] HTTP Request: POST https://xrplcluster.com "HTTP/1.1 200 OK"
2026-07-04 07:47:10,419 [INFO] HTTP Request: POST https://xrplcluster.com "HTTP/1.1 200 OK"
2026-07-04 07:47:10,821 [INFO] HTTP Request: POST https://xrplcluster.com "HTTP/1.1 200 OK"
2026-07-04 07:47:11,340 [INFO] HTTP Request: POST https://xrplcluster.com "HTTP/1.1 200 OK"
2026-07-04 07:47:11,751 [INFO] HTTP Request: POST https://xrplcluster.com "HTTP/1.1 200 OK"
2026-07-04 07:47:11,752 [INFO] ✓ [40/500] james-madison-president — tesSUCCESS
2026-07-04 07:47:13,099 [INFO] HTTP Request: POST https://xrplcluster.com "HTTP/1.1 200 OK"
2026-07-04 07:47:13,595 [INFO] HTTP Request: POST https://xrplcluster.com "HTTP/1.1 200 OK"
2026-07-04 07:47:13,926 [INFO] HTTP Request: POST https://xrplcluster.com "HTTP/1.1 200 OK"
2026-07-04 07:47:14,324 [INFO] HTTP Request: POST https://xrplcluster.com "HTTP/1.1 200 OK"
2026-07-04 07:47:14,720 [INFO] HTTP Request: POST https://xrplcluster.com "HTTP/1.1 200 OK"
2026-07-04 07:47:15,130 [INFO] HTTP Request: POST https://xrplcluster.com "HTTP/1.1 200 OK"
2026-07-04 07:47:15,133 [INFO] ✓ [41/500] james-monroe-president — tesSUCCESS
2026-07-04 07:47:16,552 [INFO] HTTP Request: POST https://xrplcluster.com "HTTP/1.1 200 OK"
2026-07-04 07:47:16,973 [INFO] HTTP Request: POST https://xrplcluster.com "HTTP/1.1 200 OK"
2026-07-04 07:47:17,303 [INFO] HTTP Request: POST https://xrplcluster.com "HTTP/1.1 200 OK"
2026-07-04 07:47:17,814 [INFO] HTTP Request: POST https://xrplcluster.com "HTTP/1.1 200 OK"
2026-07-04 07:47:17,817 [ERROR] ✗ john-quincy-adams-president exception: Request failed, amendmentBlocked: Amendment blocked, need upgrade.
2026-07-04 07:47:19,151 [INFO] HTTP Request: POST https://xrplcluster.com "HTTP/1.1 200 OK"
2026-07-04 07:47:19,477 [INFO] HTTP Request: POST https://xrplcluster.com "HTTP/1.1 200 OK"
2026-07-04 07:47:19,842 [INFO] HTTP Request: POST https://xrplcluster.com "HTTP/1.1 200 OK"
2026-07-04 07:47:20,352 [INFO] HTTP Request: POST https://xrplcluster.com "HTTP/1.1 200 OK"
2026-07-04 07:47:20,966 [INFO] HTTP Request: POST https://xrplcluster.com "HTTP/1.1 200 OK"
2026-07-04 07:47:21,479 [INFO] HTTP Request: POST https://xrplcluster.com "HTTP/1.1 200 OK"
2026-07-04 07:47:21,481 [INFO] ✓ [42/500] andrew-jackson-president — tesSUCCESS
2026-07-04 07:47:23,014 [INFO] HTTP Request: POST https://xrplcluster.com "HTTP/1.1 200 OK"
2026-07-04 07:47:23,016 [ERROR] ✗ martin-van-buren-president exception: Request failed, amendmentBlocked: Amendment blocked, need upgrade.
2026-07-04 07:47:24,338 [INFO] HTTP Request: POST https://xrplcluster.com "HTTP/1.1 200 OK"
2026-07-04 07:47:24,754 [INFO] HTTP Request: POST https://xrplcluster.com "HTTP/1.1 200 OK"
2026-07-04 07:47:25,079 [INFO] HTTP Request: POST https://xrplcluster.com "HTTP/1.1 200 OK"
2026-07-04 07:47:25,576 [INFO] HTTP Request: POST https://xrplcluster.com "HTTP/1.1 200 OK"
2026-07-04 07:47:25,986 [INFO] HTTP Request: POST https://xrplcluster.com "HTTP/1.1 200 OK"
2026-07-04 07:47:26,497 [INFO] HTTP Request: POST https://xrplcluster.com "HTTP/1.1 200 OK"
2026-07-04 07:47:26,500 [INFO] ✓ [43/500] william-henry-harrison-president — tesSUCCESS
2026-07-04 07:47:27,929 [INFO] HTTP Request: POST https://xrplcluster.com "HTTP/1.1 200 OK"
2026-07-04 07:47:28,441 [INFO] HTTP Request: POST https://xrplcluster.com "HTTP/1.1 200 OK"
2026-07-04 07:47:28,853 [INFO] HTTP Request: POST https://xrplcluster.com "HTTP/1.1 200 OK"
2026-07-04 07:47:29,363 [INFO] HTTP Request: POST https://xrplcluster.com "HTTP/1.1 200 OK"
2026-07-04 07:47:29,978 [INFO] HTTP Request: POST https://xrplcluster.com "HTTP/1.1 200 OK"
2026-07-04 07:47:30,594 [INFO] HTTP Request: POST https://xrplcluster.com "HTTP/1.1 200 OK"
2026-07-04 07:47:30,595 [ERROR] ✗ john-tyler-president exception: Request failed, amendmentBlocked: Amendment blocked, need upgrade.
2026-07-04 07:47:32,026 [INFO] HTTP Request: POST https://xrplcluster.com "HTTP/1.1 200 OK"
2026-07-04 07:47:32,556 [INFO] HTTP Request: POST https://xrplcluster.com "HTTP/1.1 200 OK"
2026-07-04 07:47:33,034 [INFO] HTTP Request: POST https://xrplcluster.com "HTTP/1.1 200 OK"
2026-07-04 07:47:33,459 [INFO] HTTP Request: POST https://xrplcluster.com "HTTP/1.1 200 OK"
2026-07-04 07:47:33,972 [INFO] HTTP Request: POST https://xrplcluster.com "HTTP/1.1 200 OK"
2026-07-04 07:47:34,381 [INFO] HTTP Request: POST https://xrplcluster.com "HTTP/1.1 200 OK"
2026-07-04 07:47:34,383 [INFO] ✓ [44/500] james-polk-president — tesSUCCESS
2026-07-04 07:47:35,811 [INFO] HTTP Request: POST https://xrplcluster.com "HTTP/1.1 200 OK"
2026-07-04 07:47:36,327 [INFO] HTTP Request: POST https://xrplcluster.com "HTTP/1.1 200 OK"
2026-07-04 07:47:36,838 [INFO] HTTP Request: POST https://xrplcluster.com "HTTP/1.1 200 OK"
2026-07-04 07:47:37,353 [INFO] HTTP Request: POST https://xrplcluster.com "HTTP/1.1 200 OK"
2026-07-04 07:47:37,356 [ERROR] ✗ zachary-taylor-president exception: Request failed, amendmentBlocked: Amendment blocked, need upgrade.
2026-07-04 07:47:38,719 [INFO] HTTP Request: POST https://xrplcluster.com "HTTP/1.1 200 OK"
2026-07-04 07:47:39,194 [INFO] HTTP Request: POST https://xrplcluster.com "HTTP/1.1 200 OK"
2026-07-04 07:47:39,604 [INFO] HTTP Request: POST https://xrplcluster.com "HTTP/1.1 200 OK"
2026-07-04 07:47:40,013 [INFO] HTTP Request: POST https://xrplcluster.com "HTTP/1.1 200 OK"
2026-07-04 07:47:40,427 [INFO] HTTP Request: POST https://xrplcluster.com "HTTP/1.1 200 OK"
2026-07-04 07:47:40,836 [INFO] HTTP Request: POST https://xrplcluster.com "HTTP/1.1 200 OK"
2026-07-04 07:47:40,838 [INFO] ✓ [45/500] millard-fillmore-president — tesSUCCESS
2026-07-04 07:47:42,180 [INFO] HTTP Request: POST https://xrplcluster.com "HTTP/1.1 200 OK"
2026-07-04 07:47:42,587 [INFO] HTTP Request: POST https://xrplcluster.com "HTTP/1.1 200 OK"
2026-07-04 07:47:43,189 [INFO] HTTP Request: POST https://xrplcluster.com "HTTP/1.1 200 OK"
2026-07-04 07:47:43,591 [INFO] HTTP Request: POST https://xrplcluster.com "HTTP/1.1 200 OK"
2026-07-04 07:47:44,119 [INFO] HTTP Request: POST https://xrplcluster.com "HTTP/1.1 200 OK"
2026-07-04 07:47:44,530 [INFO] HTTP Request: POST https://xrplcluster.com "HTTP/1.1 200 OK"
2026-07-04 07:47:44,532 [INFO] ✓ [46/500] franklin-pierce-president — tesSUCCESS
2026-07-04 07:47:45,938 [INFO] HTTP Request: POST https://xrplcluster.com "HTTP/1.1 200 OK"
2026-07-04 07:47:46,361 [INFO] HTTP Request: POST https://xrplcluster.com "HTTP/1.1 200 OK"
2026-07-04 07:47:46,780 [INFO] HTTP Request: POST https://xrplcluster.com "HTTP/1.1 200 OK"
2026-07-04 07:47:47,187 [INFO] HTTP Request: POST https://xrplcluster.com "HTTP/1.1 200 OK"
2026-07-04 07:47:47,693 [INFO] HTTP Request: POST https://xrplcluster.com "HTTP/1.1 200 OK"
2026-07-04 07:47:48,102 [INFO] HTTP Request: POST https://xrplcluster.com "HTTP/1.1 200 OK"
2026-07-04 07:47:48,103 [INFO] ✓ [47/500] james-buchanan-president — tesSUCCESS
2026-07-04 07:47:49,460 [INFO] HTTP Request: POST https://xrplcluster.com "HTTP/1.1 200 OK"
2026-07-04 07:47:49,905 [INFO] HTTP Request: POST https://xrplcluster.com "HTTP/1.1 200 OK"
2026-07-04 07:47:50,246 [INFO] HTTP Request: POST https://xrplcluster.com "HTTP/1.1 200 OK"
2026-07-04 07:47:50,664 [INFO] HTTP Request: POST https://xrplcluster.com "HTTP/1.1 200 OK"
2026-07-04 07:47:51,071 [INFO] HTTP Request: POST https://xrplcluster.com "HTTP/1.1 200 OK"
2026-07-04 07:47:51,483 [INFO] HTTP Request: POST https://xrplcluster.com "HTTP/1.1 200 OK"
2026-07-04 07:47:51,490 [INFO] ✓ [48/500] abraham-lincoln-president — tesSUCCESS
2026-07-04 07:47:53,018 [INFO] HTTP Request: POST https://xrplcluster.com "HTTP/1.1 200 OK"
2026-07-04 07:47:53,427 [INFO] HTTP Request: POST https://xrplcluster.com "HTTP/1.1 200 OK"
2026-07-04 07:47:53,939 [INFO] HTTP Request: POST https://xrplcluster.com "HTTP/1.1 200 OK"
2026-07-04 07:47:54,349 [INFO] HTTP Request: POST https://xrplcluster.com "HTTP/1.1 200 OK"
2026-07-04 07:47:54,758 [INFO] HTTP Request: POST https://xrplcluster.com "HTTP/1.1 200 OK"
2026-07-04 07:47:55,188 [INFO] HTTP Request: POST https://xrplcluster.com "HTTP/1.1 200 OK"
2026-07-04 07:47:55,190 [INFO] ✓ [49/500] andrew-johnson-president — tesSUCCESS
2026-07-04 07:47:56,633 [INFO] HTTP Request: POST https://xrplcluster.com "HTTP/1.1 200 OK"
2026-07-04 07:47:57,049 [INFO] HTTP Request: POST https://xrplcluster.com "HTTP/1.1 200 OK"
2026-07-04 07:47:57,383 [INFO] HTTP Request: POST https://xrplcluster.com "HTTP/1.1 200 OK"
2026-07-04 07:47:57,832 [INFO] HTTP Request: POST https://xrplcluster.com "HTTP/1.1 200 OK"
2026-07-04 07:47:58,240 [INFO] HTTP Request: POST https://xrplcluster.com "HTTP/1.1 200 OK"
2026-07-04 07:47:58,753 [INFO] HTTP Request: POST https://xrplcluster.com "HTTP/1.1 200 OK"
2026-07-04 07:47:58,755 [INFO] ✓ [50/500] ulysses-grant-president — tesSUCCESS
2026-07-04 07:48:00,186 [INFO] HTTP Request: POST https://xrplcluster.com "HTTP/1.1 200 OK"
2026-07-04 07:48:00,700 [INFO] HTTP Request: POST https://xrplcluster.com "HTTP/1.1 200 OK"
2026-07-04 07:48:01,210 [INFO] HTTP Request: POST https://xrplcluster.com "HTTP/1.1 200 OK"
2026-07-04 07:48:01,739 [INFO] HTTP Request: POST https://xrplcluster.com "HTTP/1.1 200 OK"
2026-07-04 07:48:01,741 [ERROR] ✗ rutherford-hayes-president exception: Request failed, amendmentBlocked: Amendment blocked, need upgrade.
2026-07-04 07:48:03,156 [INFO] HTTP Request: POST https://xrplcluster.com "HTTP/1.1 200 OK"
2026-07-04 07:48:03,565 [INFO] HTTP Request: POST https://xrplcluster.com "HTTP/1.1 200 OK"
2026-07-04 07:48:03,976 [INFO] HTTP Request: POST https://xrplcluster.com "HTTP/1.1 200 OK"
2026-07-04 07:48:04,385 [INFO] HTTP Request: POST https://xrplcluster.com "HTTP/1.1 200 OK"
2026-07-04 07:48:04,711 [INFO] HTTP Request: POST https://xrplcluster.com "HTTP/1.1 200 OK"
2026-07-04 07:48:05,124 [INFO] HTTP Request: POST https://xrplcluster.com "HTTP/1.1 200 OK"
2026-07-04 07:48:05,126 [INFO] ✓ [51/500] james-garfield-president — tesSUCCESS
2026-07-04 07:48:06,535 [INFO] HTTP Request: POST https://xrplcluster.com "HTTP/1.1 200 OK"
2026-07-04 07:48:07,047 [INFO] HTTP Request: POST https://xrplcluster.com "HTTP/1.1 200 OK"
2026-07-04 07:48:07,558 [INFO] HTTP Request: POST https://xrplcluster.com "HTTP/1.1 200 OK"
2026-07-04 07:48:07,970 [INFO] HTTP Request: POST https://xrplcluster.com "HTTP/1.1 200 OK"
2026-07-04 07:48:08,307 [INFO] HTTP Request: POST https://xrplcluster.com "HTTP/1.1 200 OK"
2026-07-04 07:48:08,890 [INFO] HTTP Request: POST https://xrplcluster.com "HTTP/1.1 200 OK"
2026-07-04 07:48:08,893 [ERROR] ✗ chester-arthur-president exception: Request failed, amendmentBlocked: Amendment blocked, need upgrade.
2026-07-04 07:48:10,429 [INFO] HTTP Request: POST https://xrplcluster.com "HTTP/1.1 200 OK"
2026-07-04 07:48:10,432 [ERROR] ✗ grover-cleveland-president exception: Request failed, amendmentBlocked: Amendment blocked, need upgrade.
2026-07-04 07:48:11,860 [INFO] HTTP Request: POST https://xrplcluster.com "HTTP/1.1 200 OK"
2026-07-04 07:48:12,371 [INFO] HTTP Request: POST https://xrplcluster.com "HTTP/1.1 200 OK"
2026-07-04 07:48:12,986 [INFO] HTTP Request: POST https://xrplcluster.com "HTTP/1.1 200 OK"
2026-07-04 07:48:13,326 [INFO] HTTP Request: POST https://xrplcluster.com "HTTP/1.1 200 OK"
2026-07-04 07:48:13,908 [INFO] HTTP Request: POST https://xrplcluster.com "HTTP/1.1 200 OK"
2026-07-04 07:48:14,319 [INFO] HTTP Request: POST https://xrplcluster.com "HTTP/1.1 200 OK"
2026-07-04 07:48:14,321 [INFO] ✓ [52/500] benjamin-harrison-president — tesSUCCESS
2026-07-04 07:48:15,746 [INFO] HTTP Request: POST https://xrplcluster.com "HTTP/1.1 200 OK"
2026-07-04 07:48:16,263 [INFO] HTTP Request: POST https://xrplcluster.com "HTTP/1.1 200 OK"
2026-07-04 07:48:16,687 [INFO] HTTP Request: POST https://xrplcluster.com "HTTP/1.1 200 OK"
2026-07-04 07:48:17,006 [INFO] HTTP Request: POST https://xrplcluster.com "HTTP/1.1 200 OK"
2026-07-04 07:48:17,595 [INFO] HTTP Request: POST https://xrplcluster.com "HTTP/1.1 200 OK"
2026-07-04 07:48:18,005 [INFO] HTTP Request: POST https://xrplcluster.com "HTTP/1.1 200 OK"
2026-07-04 07:48:18,008 [INFO] ✓ [53/500] william-mckinley-president — tesSUCCESS
2026-07-04 07:48:19,336 [INFO] HTTP Request: POST https://xrplcluster.com "HTTP/1.1 200 OK"
2026-07-04 07:48:19,692 [INFO] HTTP Request: POST https://xrplcluster.com "HTTP/1.1 200 OK"
2026-07-04 07:48:20,031 [INFO] HTTP Request: POST https://xrplcluster.com "HTTP/1.1 200 OK"
2026-07-04 07:48:20,392 [INFO] HTTP Request: POST https://xrplcluster.com "HTTP/1.1 200 OK"
2026-07-04 07:48:20,802 [INFO] HTTP Request: POST https://xrplcluster.com "HTTP/1.1 200 OK"
2026-07-04 07:48:21,281 [INFO] HTTP Request: POST https://xrplcluster.com "HTTP/1.1 200 OK"
2026-07-04 07:48:21,283 [INFO] ✓ [54/500] theodore-roosevelt-president — tesSUCCESS
2026-07-04 07:48:22,716 [INFO] HTTP Request: POST https://xrplcluster.com "HTTP/1.1 200 OK"
2026-07-04 07:48:23,125 [INFO] HTTP Request: POST https://xrplcluster.com "HTTP/1.1 200 OK"
2026-07-04 07:48:23,535 [INFO] HTTP Request: POST https://xrplcluster.com "HTTP/1.1 200 OK"
2026-07-04 07:48:23,868 [INFO] HTTP Request: POST https://xrplcluster.com "HTTP/1.1 200 OK"
2026-07-04 07:48:24,288 [INFO] HTTP Request: POST https://xrplcluster.com "HTTP/1.1 200 OK"
2026-07-04 07:48:24,655 [INFO] HTTP Request: POST https://xrplcluster.com "HTTP/1.1 200 OK"
2026-07-04 07:48:24,656 [INFO] ✓ [55/500] william-taft-president — tesSUCCESS
2026-07-04 07:48:25,990 [INFO] HTTP Request: POST https://xrplcluster.com "HTTP/1.1 200 OK"
2026-07-04 07:48:26,316 [INFO] HTTP Request: POST https://xrplcluster.com "HTTP/1.1 200 OK"
2026-07-04 07:48:26,811 [INFO] HTTP Request: POST https://xrplcluster.com "HTTP/1.1 200 OK"
2026-07-04 07:48:27,221 [INFO] HTTP Request: POST https://xrplcluster.com "HTTP/1.1 200 OK"
2026-07-04 07:48:27,632 [INFO] HTTP Request: POST https://xrplcluster.com "HTTP/1.1 200 OK"
2026-07-04 07:48:28,042 [INFO] HTTP Request: POST https://xrplcluster.com "HTTP/1.1 200 OK"
2026-07-04 07:48:28,044 [INFO] ✓ [56/500] woodrow-wilson-president — tesSUCCESS
2026-07-04 07:48:29,581 [INFO] HTTP Request: POST https://xrplcluster.com "HTTP/1.1 200 OK"
2026-07-04 07:48:30,093 [INFO] HTTP Request: POST https://xrplcluster.com "HTTP/1.1 200 OK"
2026-07-04 07:48:30,608 [INFO] HTTP Request: POST https://xrplcluster.com "HTTP/1.1 200 OK"
2026-07-04 07:48:31,017 [INFO] HTTP Request: POST https://xrplcluster.com "HTTP/1.1 200 OK"
2026-07-04 07:48:31,420 [INFO] HTTP Request: POST https://xrplcluster.com "HTTP/1.1 200 OK"
2026-07-04 07:48:31,939 [INFO] HTTP Request: POST https://xrplcluster.com "HTTP/1.1 200 OK"
2026-07-04 07:48:31,940 [INFO] ✓ [57/500] warren-harding-president — tesSUCCESS
2026-07-04 07:48:33,373 [INFO] HTTP Request: POST https://xrplcluster.com "HTTP/1.1 200 OK"
2026-07-04 07:48:33,783 [INFO] HTTP Request: POST https://xrplcluster.com "HTTP/1.1 200 OK"
2026-07-04 07:48:34,192 [INFO] HTTP Request: POST https://xrplcluster.com "HTTP/1.1 200 OK"
2026-07-04 07:48:34,603 [INFO] HTTP Request: POST https://xrplcluster.com "HTTP/1.1 200 OK"
2026-07-04 07:48:35,013 [INFO] HTTP Request: POST https://xrplcluster.com "HTTP/1.1 200 OK"
2026-07-04 07:48:35,526 [INFO] HTTP Request: POST https://xrplcluster.com "HTTP/1.1 200 OK"
2026-07-04 07:48:35,529 [INFO] ✓ [58/500] calvin-coolidge-president — tesSUCCESS
2026-07-04 07:48:36,961 [INFO] HTTP Request: POST https://xrplcluster.com "HTTP/1.1 200 OK"
2026-07-04 07:48:37,361 [INFO] HTTP Request: POST https://xrplcluster.com "HTTP/1.1 200 OK"
2026-07-04 07:48:37,735 [INFO] HTTP Request: POST https://xrplcluster.com "HTTP/1.1 200 OK"
2026-07-04 07:48:38,089 [INFO] HTTP Request: POST https://xrplcluster.com "HTTP/1.1 200 OK"
2026-07-04 07:48:38,497 [INFO] HTTP Request: POST https://xrplcluster.com "HTTP/1.1 200 OK"
2026-07-04 07:48:38,906 [INFO] HTTP Request: POST https://xrplcluster.com "HTTP/1.1 200 OK"
2026-07-04 07:48:38,908 [INFO] ✓ [59/500] herbert-hoover-president — tesSUCCESS
2026-07-04 07:48:40,342 [INFO] HTTP Request: POST https://xrplcluster.com "HTTP/1.1 200 OK"
2026-07-04 07:48:40,753 [INFO] HTTP Request: POST https://xrplcluster.com "HTTP/1.1 200 OK"
2026-07-04 07:48:41,264 [INFO] HTTP Request: POST https://xrplcluster.com "HTTP/1.1 200 OK"
2026-07-04 07:48:41,674 [INFO] HTTP Request: POST https://xrplcluster.com "HTTP/1.1 200 OK"
2026-07-04 07:48:42,110 [INFO] HTTP Request: POST https://xrplcluster.com "HTTP/1.1 200 OK"
2026-07-04 07:48:42,539 [INFO] HTTP Request: POST https://xrplcluster.com "HTTP/1.1 200 OK"
2026-07-04 07:48:42,541 [INFO] ✓ [60/500] franklin-roosevelt-president — tesSUCCESS
2026-07-04 07:48:43,930 [INFO] HTTP Request: POST https://xrplcluster.com "HTTP/1.1 200 OK"
2026-07-04 07:48:44,440 [INFO] HTTP Request: POST https://xrplcluster.com "HTTP/1.1 200 OK"
2026-07-04 07:48:44,972 [INFO] HTTP Request: POST https://xrplcluster.com "HTTP/1.1 200 OK"
2026-07-04 07:48:45,362 [INFO] HTTP Request: POST https://xrplcluster.com "HTTP/1.1 200 OK"
2026-07-04 07:48:45,772 [INFO] HTTP Request: POST https://xrplcluster.com "HTTP/1.1 200 OK"
2026-07-04 07:48:46,183 [INFO] HTTP Request: POST https://xrplcluster.com "HTTP/1.1 200 OK"
2026-07-04 07:48:46,185 [INFO] ✓ [61/500] harry-truman-president — tesSUCCESS
2026-07-04 07:48:47,616 [INFO] HTTP Request: POST https://xrplcluster.com "HTTP/1.1 200 OK"
2026-07-04 07:48:48,026 [INFO] HTTP Request: POST https://xrplcluster.com "HTTP/1.1 200 OK"
2026-07-04 07:48:48,539 [INFO] HTTP Request: POST https://xrplcluster.com "HTTP/1.1 200 OK"
2026-07-04 07:48:49,050 [INFO] HTTP Request: POST https://xrplcluster.com "HTTP/1.1 200 OK"
2026-07-04 07:48:49,458 [INFO] HTTP Request: POST https://xrplcluster.com "HTTP/1.1 200 OK"
2026-07-04 07:48:49,869 [INFO] HTTP Request: POST https://xrplcluster.com "HTTP/1.1 200 OK"
2026-07-04 07:48:49,871 [INFO] ✓ [62/500] dwight-eisenhower-president — tesSUCCESS
2026-07-04 07:48:51,509 [INFO] HTTP Request: POST https://xrplcluster.com "HTTP/1.1 200 OK"
2026-07-04 07:48:51,511 [ERROR] ✗ john-kennedy-president exception: Request failed, amendmentBlocked: Amendment blocked, need upgrade.
2026-07-04 07:48:52,943 [INFO] HTTP Request: POST https://xrplcluster.com "HTTP/1.1 200 OK"
2026-07-04 07:48:53,352 [INFO] HTTP Request: POST https://xrplcluster.com "HTTP/1.1 200 OK"
2026-07-04 07:48:53,877 [INFO] HTTP Request: POST https://xrplcluster.com "HTTP/1.1 200 OK"
2026-07-04 07:48:54,479 [INFO] HTTP Request: POST https://xrplcluster.com "HTTP/1.1 200 OK"
2026-07-04 07:48:54,481 [ERROR] ✗ lyndon-johnson-president exception: Request failed, amendmentBlocked: Amendment blocked, need upgrade.
2026-07-04 07:48:56,014 [INFO] HTTP Request: POST https://xrplcluster.com "HTTP/1.1 200 OK"
2026-07-04 07:48:56,017 [ERROR] ✗ richard-nixon-president exception: Request failed, amendmentBlocked: Amendment blocked, need upgrade.
2026-07-04 07:48:57,449 [INFO] HTTP Request: POST https://xrplcluster.com "HTTP/1.1 200 OK"
2026-07-04 07:48:57,961 [INFO] HTTP Request: POST https://xrplcluster.com "HTTP/1.1 200 OK"
2026-07-04 07:48:58,473 [INFO] HTTP Request: POST https://xrplcluster.com "HTTP/1.1 200 OK"
2026-07-04 07:48:58,883 [INFO] HTTP Request: POST https://xrplcluster.com "HTTP/1.1 200 OK"
2026-07-04 07:48:59,293 [INFO] HTTP Request: POST https://xrplcluster.com "HTTP/1.1 200 OK"
2026-07-04 07:48:59,908 [INFO] HTTP Request: POST https://xrplcluster.com "HTTP/1.1 200 OK"
2026-07-04 07:48:59,910 [ERROR] ✗ gerald-ford-president exception: Request failed, amendmentBlocked: Amendment blocked, need upgrade.
2026-07-04 07:49:01,242 [INFO] HTTP Request: POST https://xrplcluster.com "HTTP/1.1 200 OK"
2026-07-04 07:49:01,595 [INFO] HTTP Request: POST https://xrplcluster.com "HTTP/1.1 200 OK"
2026-07-04 07:49:02,059 [INFO] HTTP Request: POST https://xrplcluster.com "HTTP/1.1 200 OK"
2026-07-04 07:49:02,468 [INFO] HTTP Request: POST https://xrplcluster.com "HTTP/1.1 200 OK"
2026-07-04 07:49:02,980 [INFO] HTTP Request: POST https://xrplcluster.com "HTTP/1.1 200 OK"
2026-07-04 07:49:03,492 [INFO] HTTP Request: POST https://xrplcluster.com "HTTP/1.1 200 OK"
2026-07-04 07:49:03,494 [INFO] ✓ [63/500] jimmy-carter-president — tesSUCCESS
2026-07-04 07:49:04,926 [INFO] HTTP Request: POST https://xrplcluster.com "HTTP/1.1 200 OK"
2026-07-04 07:49:05,438 [INFO] HTTP Request: POST https://xrplcluster.com "HTTP/1.1 200 OK"
2026-07-04 07:49:05,850 [INFO] HTTP Request: POST https://xrplcluster.com "HTTP/1.1 200 OK"
2026-07-04 07:49:06,257 [INFO] HTTP Request: POST https://xrplcluster.com "HTTP/1.1 200 OK"
2026-07-04 07:49:06,770 [INFO] HTTP Request: POST https://xrplcluster.com "HTTP/1.1 200 OK"
2026-07-04 07:49:07,256 [INFO] HTTP Request: POST https://xrplcluster.com "HTTP/1.1 200 OK"
2026-07-04 07:49:07,258 [INFO] ✓ [64/500] ronald-reagan-president — tesSUCCESS
2026-07-04 07:49:08,614 [INFO] HTTP Request: POST https://xrplcluster.com "HTTP/1.1 200 OK"
2026-07-04 07:49:09,126 [INFO] HTTP Request: POST https://xrplcluster.com "HTTP/1.1 200 OK"
2026-07-04 07:49:09,534 [INFO] HTTP Request: POST https://xrplcluster.com "HTTP/1.1 200 OK"
2026-07-04 07:49:09,987 [INFO] HTTP Request: POST https://xrplcluster.com "HTTP/1.1 200 OK"
2026-07-04 07:49:10,455 [INFO] HTTP Request: POST https://xrplcluster.com "HTTP/1.1 200 OK"
2026-07-04 07:49:11,071 [INFO] HTTP Request: POST https://xrplcluster.com "HTTP/1.1 200 OK"
2026-07-04 07:49:11,073 [ERROR] ✗ george-hw-bush-president exception: Request failed, amendmentBlocked: Amendment blocked, need upgrade.
2026-07-04 07:49:12,505 [INFO] HTTP Request: POST https://xrplcluster.com "HTTP/1.1 200 OK"
2026-07-04 07:49:12,838 [INFO] HTTP Request: POST https://xrplcluster.com "HTTP/1.1 200 OK"
2026-07-04 07:49:13,323 [INFO] HTTP Request: POST https://xrplcluster.com "HTTP/1.1 200 OK"
2026-07-04 07:49:13,733 [INFO] HTTP Request: POST https://xrplcluster.com "HTTP/1.1 200 OK"
2026-07-04 07:49:14,157 [INFO] HTTP Request: POST https://xrplcluster.com "HTTP/1.1 200 OK"
2026-07-04 07:49:14,655 [INFO] HTTP Request: POST https://xrplcluster.com "HTTP/1.1 200 OK"
2026-07-04 07:49:14,657 [INFO] ✓ [65/500] bill-clinton-president — tesSUCCESS
2026-07-04 07:49:16,190 [INFO] HTTP Request: POST https://xrplcluster.com "HTTP/1.1 200 OK"
2026-07-04 07:49:16,601 [INFO] HTTP Request: POST https://xrplcluster.com "HTTP/1.1 200 OK"
2026-07-04 07:49:17,010 [INFO] HTTP Request: POST https://xrplcluster.com "HTTP/1.1 200 OK"
2026-07-04 07:49:17,421 [INFO] HTTP Request: POST https://xrplcluster.com "HTTP/1.1 200 OK"
2026-07-04 07:49:17,751 [INFO] HTTP Request: POST https://xrplcluster.com "HTTP/1.1 200 OK"
2026-07-04 07:49:18,191 [INFO] HTTP Request: POST https://xrplcluster.com "HTTP/1.1 200 OK"
2026-07-04 07:49:18,195 [INFO] ✓ [66/500] george-w-bush-president — tesSUCCESS
2026-07-04 07:49:19,608 [INFO] HTTP Request: POST https://xrplcluster.com "HTTP/1.1 200 OK"
2026-07-04 07:49:20,082 [INFO] HTTP Request: POST https://xrplcluster.com "HTTP/1.1 200 OK"
2026-07-04 07:49:20,596 [INFO] HTTP Request: POST https://xrplcluster.com "HTTP/1.1 200 OK"
2026-07-04 07:49:21,004 [INFO] HTTP Request: POST https://xrplcluster.com "HTTP/1.1 200 OK"
2026-07-04 07:49:21,414 [INFO] HTTP Request: POST https://xrplcluster.com "HTTP/1.1 200 OK"
2026-07-04 07:49:21,823 [INFO] HTTP Request: POST https://xrplcluster.com "HTTP/1.1 200 OK"
2026-07-04 07:49:21,826 [INFO] ✓ [67/500] barack-obama-president — tesSUCCESS
2026-07-04 07:49:23,259 [INFO] HTTP Request: POST https://xrplcluster.com "HTTP/1.1 200 OK"
2026-07-04 07:49:23,667 [INFO] HTTP Request: POST https://xrplcluster.com "HTTP/1.1 200 OK"
2026-07-04 07:49:24,281 [INFO] HTTP Request: POST https://xrplcluster.com "HTTP/1.1 200 OK"
2026-07-04 07:49:24,691 [INFO] HTTP Request: POST https://xrplcluster.com "HTTP/1.1 200 OK"
2026-07-04 07:49:25,100 [INFO] HTTP Request: POST https://xrplcluster.com "HTTP/1.1 200 OK"
2026-07-04 07:49:25,510 [INFO] HTTP Request: POST https://xrplcluster.com "HTTP/1.1 200 OK"
2026-07-04 07:49:25,511 [INFO] ✓ [68/500] donald-trump-president — tesSUCCESS
2026-07-04 07:49:26,945 [INFO] HTTP Request: POST https://xrplcluster.com "HTTP/1.1 200 OK"
2026-07-04 07:49:27,364 [INFO] HTTP Request: POST https://xrplcluster.com "HTTP/1.1 200 OK"
2026-07-04 07:49:27,692 [INFO] HTTP Request: POST https://xrplcluster.com "HTTP/1.1 200 OK"
2026-07-04 07:49:28,173 [INFO] HTTP Request: POST https://xrplcluster.com "HTTP/1.1 200 OK"
2026-07-04 07:49:28,684 [INFO] HTTP Request: POST https://xrplcluster.com "HTTP/1.1 200 OK"
2026-07-04 07:49:29,094 [INFO] HTTP Request: POST https://xrplcluster.com "HTTP/1.1 200 OK"
2026-07-04 07:49:29,095 [INFO] ✓ [69/500] joe-biden-president — tesSUCCESS
2026-07-04 07:49:30,528 [INFO] HTTP Request: POST https://xrplcluster.com "HTTP/1.1 200 OK"
2026-07-04 07:49:30,937 [INFO] HTTP Request: POST https://xrplcluster.com "HTTP/1.1 200 OK"
2026-07-04 07:49:31,449 [INFO] HTTP Request: POST https://xrplcluster.com "HTTP/1.1 200 OK"
2026-07-04 07:49:31,860 [INFO] HTTP Request: POST https://xrplcluster.com "HTTP/1.1 200 OK"
2026-07-04 07:49:32,476 [INFO] HTTP Request: POST https://xrplcluster.com "HTTP/1.1 200 OK"
2026-07-04 07:49:33,023 [INFO] HTTP Request: POST https://xrplcluster.com "HTTP/1.1 200 OK"
2026-07-04 07:49:33,026 [ERROR] ✗ benjamin-franklin-founding exception: Request failed, amendmentBlocked: Amendment blocked, need upgrade.
2026-07-04 07:49:34,522 [INFO] HTTP Request: POST https://xrplcluster.com "HTTP/1.1 200 OK"
2026-07-04 07:49:34,930 [INFO] HTTP Request: POST https://xrplcluster.com "HTTP/1.1 200 OK"
2026-07-04 07:49:35,341 [INFO] HTTP Request: POST https://xrplcluster.com "HTTP/1.1 200 OK"
2026-07-04 07:49:35,751 [INFO] HTTP Request: POST https://xrplcluster.com "HTTP/1.1 200 OK"
2026-07-04 07:49:36,264 [INFO] HTTP Request: POST https://xrplcluster.com "HTTP/1.1 200 OK"
2026-07-04 07:49:36,877 [INFO] HTTP Request: POST https://xrplcluster.com "HTTP/1.1 200 OK"
2026-07-04 07:49:36,879 [ERROR] ✗ alexander-hamilton-founding exception: Request failed, amendmentBlocked: Amendment blocked, need upgrade.
2026-07-04 07:49:38,516 [INFO] HTTP Request: POST https://xrplcluster.com "HTTP/1.1 200 OK"
2026-07-04 07:49:38,520 [ERROR] ✗ john-jay-founding exception: Request failed, amendmentBlocked: Amendment blocked, need upgrade.
2026-07-04 07:49:39,950 [INFO] HTTP Request: POST https://xrplcluster.com "HTTP/1.1 200 OK"
2026-07-04 07:49:40,292 [INFO] HTTP Request: POST https://xrplcluster.com "HTTP/1.1 200 OK"
2026-07-04 07:49:40,691 [INFO] HTTP Request: POST https://xrplcluster.com "HTTP/1.1 200 OK"
2026-07-04 07:49:41,178 [INFO] HTTP Request: POST https://xrplcluster.com "HTTP/1.1 200 OK"
2026-07-04 07:49:41,690 [INFO] HTTP Request: POST https://xrplcluster.com "HTTP/1.1 200 OK"
2026-07-04 07:49:42,201 [INFO] HTTP Request: POST https://xrplcluster.com "HTTP/1.1 200 OK"
2026-07-04 07:49:42,204 [INFO] ✓ [70/500] samuel-adams-founding — tesSUCCESS
2026-07-04 07:49:43,629 [INFO] HTTP Request: POST https://xrplcluster.com "HTTP/1.1 200 OK"
2026-07-04 07:49:43,958 [INFO] HTTP Request: POST https://xrplcluster.com "HTTP/1.1 200 OK"
2026-07-04 07:49:44,455 [INFO] HTTP Request: POST https://xrplcluster.com "HTTP/1.1 200 OK"
2026-07-04 07:49:44,779 [INFO] HTTP Request: POST https://xrplcluster.com "HTTP/1.1 200 OK"
2026-07-04 07:49:45,229 [INFO] HTTP Request: POST https://xrplcluster.com "HTTP/1.1 200 OK"
2026-07-04 07:49:45,684 [INFO] HTTP Request: POST https://xrplcluster.com "HTTP/1.1 200 OK"
2026-07-04 07:49:45,686 [INFO] ✓ [71/500] patrick-henry-founding — tesSUCCESS
2026-07-04 07:49:47,098 [INFO] HTTP Request: POST https://xrplcluster.com "HTTP/1.1 200 OK"
2026-07-04 07:49:47,559 [INFO] HTTP Request: POST https://xrplcluster.com "HTTP/1.1 200 OK"
2026-07-04 07:49:48,039 [INFO] HTTP Request: POST https://xrplcluster.com "HTTP/1.1 200 OK"
2026-07-04 07:49:48,448 [INFO] HTTP Request: POST https://xrplcluster.com "HTTP/1.1 200 OK"
2026-07-04 07:49:48,858 [INFO] HTTP Request: POST https://xrplcluster.com "HTTP/1.1 200 OK"
2026-07-04 07:49:49,370 [INFO] HTTP Request: POST https://xrplcluster.com "HTTP/1.1 200 OK"
2026-07-04 07:49:49,372 [INFO] ✓ [72/500] paul-revere-founding — tesSUCCESS
2026-07-04 07:49:50,728 [INFO] HTTP Request: POST https://xrplcluster.com "HTTP/1.1 200 OK"
2026-07-04 07:49:51,212 [INFO] HTTP Request: POST https://xrplcluster.com "HTTP/1.1 200 OK"
2026-07-04 07:49:51,725 [INFO] HTTP Request: POST https://xrplcluster.com "HTTP/1.1 200 OK"
2026-07-04 07:49:52,237 [INFO] HTTP Request: POST https://xrplcluster.com "HTTP/1.1 200 OK"
2026-07-04 07:49:52,647 [INFO] HTTP Request: POST https://xrplcluster.com "HTTP/1.1 200 OK"
2026-07-04 07:49:53,066 [INFO] HTTP Request: POST https://xrplcluster.com "HTTP/1.1 200 OK"
2026-07-04 07:49:53,068 [INFO] ✓ [73/500] betsy-ross-founding — tesSUCCESS
2026-07-04 07:49:54,592 [INFO] HTTP Request: POST https://xrplcluster.com "HTTP/1.1 200 OK"
2026-07-04 07:49:55,206 [INFO] HTTP Request: POST https://xrplcluster.com "HTTP/1.1 200 OK"
2026-07-04 07:49:55,533 [INFO] HTTP Request: POST https://xrplcluster.com "HTTP/1.1 200 OK"
2026-07-04 07:49:56,028 [INFO] HTTP Request: POST https://xrplcluster.com "HTTP/1.1 200 OK"
2026-07-04 07:49:56,437 [INFO] HTTP Request: POST https://xrplcluster.com "HTTP/1.1 200 OK"
2026-07-04 07:49:56,845 [INFO] HTTP Request: POST https://xrplcluster.com "HTTP/1.1 200 OK"
2026-07-04 07:49:56,847 [INFO] ✓ [74/500] thomas-paine-founding — tesSUCCESS
2026-07-04 07:49:58,278 [INFO] HTTP Request: POST https://xrplcluster.com "HTTP/1.1 200 OK"
2026-07-04 07:49:58,688 [INFO] HTTP Request: POST https://xrplcluster.com "HTTP/1.1 200 OK"
2026-07-04 07:49:59,303 [INFO] HTTP Request: POST https://xrplcluster.com "HTTP/1.1 200 OK"
2026-07-04 07:49:59,815 [INFO] HTTP Request: POST https://xrplcluster.com "HTTP/1.1 200 OK"
2026-07-04 07:50:00,429 [INFO] HTTP Request: POST https://xrplcluster.com "HTTP/1.1 200 OK"
2026-07-04 07:50:00,837 [INFO] HTTP Request: POST https://xrplcluster.com "HTTP/1.1 200 OK"
2026-07-04 07:50:00,840 [INFO] ✓ [75/500] john-hancock-founding — tesSUCCESS
2026-07-04 07:50:02,376 [INFO] HTTP Request: POST https://xrplcluster.com "HTTP/1.1 200 OK"
2026-07-04 07:50:02,784 [INFO] HTTP Request: POST https://xrplcluster.com "HTTP/1.1 200 OK"
2026-07-04 07:50:03,129 [INFO] HTTP Request: POST https://xrplcluster.com "HTTP/1.1 200 OK"
2026-07-04 07:50:03,603 [INFO] HTTP Request: POST https://xrplcluster.com "HTTP/1.1 200 OK"
2026-07-04 07:50:04,015 [INFO] HTTP Request: POST https://xrplcluster.com "HTTP/1.1 200 OK"
2026-07-04 07:50:04,525 [INFO] HTTP Request: POST https://xrplcluster.com "HTTP/1.1 200 OK"
2026-07-04 07:50:04,527 [INFO] ✓ [76/500] james-wilson-founding — tesSUCCESS
2026-07-04 07:50:05,959 [INFO] HTTP Request: POST https://xrplcluster.com "HTTP/1.1 200 OK"
2026-07-04 07:50:06,574 [INFO] HTTP Request: POST https://xrplcluster.com "HTTP/1.1 200 OK"
2026-07-04 07:50:06,983 [INFO] HTTP Request: POST https://xrplcluster.com "HTTP/1.1 200 OK"
2026-07-04 07:50:07,403 [INFO] HTTP Request: POST https://xrplcluster.com "HTTP/1.1 200 OK"
2026-07-04 07:50:07,817 [INFO] HTTP Request: POST https://xrplcluster.com "HTTP/1.1 200 OK"
2026-07-04 07:50:08,233 [INFO] HTTP Request: POST https://xrplcluster.com "HTTP/1.1 200 OK"
2026-07-04 07:50:08,235 [INFO] ✓ [77/500] declaration-of-independence — tesSUCCESS
2026-07-04 07:50:09,645 [INFO] HTTP Request: POST https://xrplcluster.com "HTTP/1.1 200 OK"
2026-07-04 07:50:09,968 [INFO] HTTP Request: POST https://xrplcluster.com "HTTP/1.1 200 OK"
2026-07-04 07:50:10,374 [INFO] HTTP Request: POST https://xrplcluster.com "HTTP/1.1 200 OK"
2026-07-04 07:50:10,875 [INFO] HTTP Request: POST https://xrplcluster.com "HTTP/1.1 200 OK"
2026-07-04 07:50:11,386 [INFO] HTTP Request: POST https://xrplcluster.com "HTTP/1.1 200 OK"
2026-07-04 07:50:11,929 [INFO] HTTP Request: POST https://xrplcluster.com "HTTP/1.1 200 OK"
2026-07-04 07:50:11,932 [ERROR] ✗ us-constitution exception: Request failed, amendmentBlocked: Amendment blocked, need upgrade.
2026-07-04 07:50:13,494 [INFO] HTTP Request: POST https://xrplcluster.com "HTTP/1.1 200 OK"
2026-07-04 07:50:13,496 [ERROR] ✗ bill-of-rights exception: Request failed, amendmentBlocked: Amendment blocked, need upgrade.
2026-07-04 07:50:14,824 [INFO] HTTP Request: POST https://xrplcluster.com "HTTP/1.1 200 OK"
2026-07-04 07:50:15,279 [INFO] HTTP Request: POST https://xrplcluster.com "HTTP/1.1 200 OK"
2026-07-04 07:50:15,726 [INFO] HTTP Request: POST https://xrplcluster.com "HTTP/1.1 200 OK"
2026-07-04 07:50:16,199 [INFO] HTTP Request: POST https://xrplcluster.com "HTTP/1.1 200 OK"
2026-07-04 07:50:16,711 [INFO] HTTP Request: POST https://xrplcluster.com "HTTP/1.1 200 OK"
2026-07-04 07:50:17,326 [INFO] HTTP Request: POST https://xrplcluster.com "HTTP/1.1 200 OK"
2026-07-04 07:50:17,328 [ERROR] ✗ federalist-papers exception: Request failed, amendmentBlocked: Amendment blocked, need upgrade.
2026-07-04 07:50:18,761 [INFO] HTTP Request: POST https://xrplcluster.com "HTTP/1.1 200 OK"
2026-07-04 07:50:19,271 [INFO] HTTP Request: POST https://xrplcluster.com "HTTP/1.1 200 OK"
2026-07-04 07:50:19,670 [INFO] HTTP Request: POST https://xrplcluster.com "HTTP/1.1 200 OK"
2026-07-04 07:50:20,069 [INFO] HTTP Request: POST https://xrplcluster.com "HTTP/1.1 200 OK"
2026-07-04 07:50:20,603 [INFO] HTTP Request: POST https://xrplcluster.com "HTTP/1.1 200 OK"
2026-07-04 07:50:21,012 [INFO] HTTP Request: POST https://xrplcluster.com "HTTP/1.1 200 OK"
2026-07-04 07:50:21,014 [INFO] ✓ [78/500] gettysburg-address — tesSUCCESS
2026-07-04 07:50:22,420 [INFO] HTTP Request: POST https://xrplcluster.com "HTTP/1.1 200 OK"
2026-07-04 07:50:22,857 [INFO] HTTP Request: POST https://xrplcluster.com "HTTP/1.1 200 OK"
2026-07-04 07:50:23,194 [INFO] HTTP Request: POST https://xrplcluster.com "HTTP/1.1 200 OK"
2026-07-04 07:50:23,674 [INFO] HTTP Request: POST https://xrplcluster.com "HTTP/1.1 200 OK"
2026-07-04 07:50:24,088 [INFO] HTTP Request: POST https://xrplcluster.com "HTTP/1.1 200 OK"
2026-07-04 07:50:24,597 [INFO] HTTP Request: POST https://xrplcluster.com "HTTP/1.1 200 OK"
2026-07-04 07:50:24,600 [INFO] ✓ [79/500] battle-of-yorktown — tesSUCCESS
2026-07-04 07:50:26,030 [INFO] HTTP Request: POST https://xrplcluster.com "HTTP/1.1 200 OK"
2026-07-04 07:50:26,439 [INFO] HTTP Request: POST https://xrplcluster.com "HTTP/1.1 200 OK"
2026-07-04 07:50:26,848 [INFO] HTTP Request: POST https://xrplcluster.com "HTTP/1.1 200 OK"
2026-07-04 07:50:27,361 [INFO] HTTP Request: POST https://xrplcluster.com "HTTP/1.1 200 OK"
2026-07-04 07:50:27,770 [INFO] HTTP Request: POST https://xrplcluster.com "HTTP/1.1 200 OK"
2026-07-04 07:50:28,182 [INFO] HTTP Request: POST https://xrplcluster.com "HTTP/1.1 200 OK"
2026-07-04 07:50:28,184 [INFO] ✓ [80/500] battle-of-bunker-hill — tesSUCCESS
2026-07-04 07:50:29,607 [INFO] HTTP Request: POST https://xrplcluster.com "HTTP/1.1 200 OK"
2026-07-04 07:50:30,126 [INFO] HTTP Request: POST https://xrplcluster.com "HTTP/1.1 200 OK"
2026-07-04 07:50:30,535 [INFO] HTTP Request: POST https://xrplcluster.com "HTTP/1.1 200 OK"
2026-07-04 07:50:30,945 [INFO] HTTP Request: POST https://xrplcluster.com "HTTP/1.1 200 OK"
2026-07-04 07:50:31,457 [INFO] HTTP Request: POST https://xrplcluster.com "HTTP/1.1 200 OK"
2026-07-04 07:50:31,968 [INFO] HTTP Request: POST https://xrplcluster.com "HTTP/1.1 200 OK"
2026-07-04 07:50:31,970 [INFO] ✓ [81/500] battle-of-lexington — tesSUCCESS
2026-07-04 07:50:33,300 [INFO] HTTP Request: POST https://xrplcluster.com "HTTP/1.1 200 OK"
2026-07-04 07:50:33,812 [INFO] HTTP Request: POST https://xrplcluster.com "HTTP/1.1 200 OK"
2026-07-04 07:50:34,221 [INFO] HTTP Request: POST https://xrplcluster.com "HTTP/1.1 200 OK"
2026-07-04 07:50:34,711 [INFO] HTTP Request: POST https://xrplcluster.com "HTTP/1.1 200 OK"
2026-07-04 07:50:35,085 [INFO] HTTP Request: POST https://xrplcluster.com "HTTP/1.1 200 OK"
2026-07-04 07:50:35,552 [INFO] HTTP Request: POST https://xrplcluster.com "HTTP/1.1 200 OK"
2026-07-04 07:50:35,554 [INFO] ✓ [82/500] continental-congress — tesSUCCESS
2026-07-04 07:50:36,986 [INFO] HTTP Request: POST https://xrplcluster.com "HTTP/1.1 200 OK"
2026-07-04 07:50:37,420 [INFO] HTTP Request: POST https://xrplcluster.com "HTTP/1.1 200 OK"
2026-07-04 07:50:37,847 [INFO] HTTP Request: POST https://xrplcluster.com "HTTP/1.1 200 OK"
2026-07-04 07:50:38,319 [INFO] HTTP Request: POST https://xrplcluster.com "HTTP/1.1 200 OK"
2026-07-04 07:50:38,728 [INFO] HTTP Request: POST https://xrplcluster.com "HTTP/1.1 200 OK"
2026-07-04 07:50:39,058 [INFO] HTTP Request: POST https://xrplcluster.com "HTTP/1.1 200 OK"
2026-07-04 07:50:39,062 [INFO] ✓ [83/500] emancipation-proclamation — tesSUCCESS
2026-07-04 07:50:40,468 [INFO] HTTP Request: POST https://xrplcluster.com "HTTP/1.1 200 OK"
2026-07-04 07:50:40,797 [INFO] HTTP Request: POST https://xrplcluster.com "HTTP/1.1 200 OK"
2026-07-04 07:50:41,185 [INFO] HTTP Request: POST https://xrplcluster.com "HTTP/1.1 200 OK"
2026-07-04 07:50:41,594 [INFO] HTTP Request: POST https://xrplcluster.com "HTTP/1.1 200 OK"
2026-07-04 07:50:42,018 [INFO] HTTP Request: POST https://xrplcluster.com "HTTP/1.1 200 OK"
2026-07-04 07:50:42,436 [INFO] HTTP Request: POST https://xrplcluster.com "HTTP/1.1 200 OK"
2026-07-04 07:50:42,439 [INFO] ✓ [84/500] statue-of-liberty — tesSUCCESS
2026-07-04 07:50:43,857 [INFO] HTTP Request: POST https://xrplcluster.com "HTTP/1.1 200 OK"
2026-07-04 07:50:44,267 [INFO] HTTP Request: POST https://xrplcluster.com "HTTP/1.1 200 OK"
2026-07-04 07:50:44,666 [INFO] HTTP Request: POST https://xrplcluster.com "HTTP/1.1 200 OK"
2026-07-04 07:50:45,179 [INFO] HTTP Request: POST https://xrplcluster.com "HTTP/1.1 200 OK"
2026-07-04 07:50:45,691 [INFO] HTTP Request: POST https://xrplcluster.com "HTTP/1.1 200 OK"
2026-07-04 07:50:46,107 [INFO] HTTP Request: POST https://xrplcluster.com "HTTP/1.1 200 OK"
2026-07-04 07:50:46,109 [INFO] ✓ [85/500] liberty-bell — tesSUCCESS
2026-07-04 07:50:47,533 [INFO] HTTP Request: POST https://xrplcluster.com "HTTP/1.1 200 OK"
2026-07-04 07:50:47,950 [INFO] HTTP Request: POST https://xrplcluster.com "HTTP/1.1 200 OK"
2026-07-04 07:50:48,456 [INFO] HTTP Request: POST https://xrplcluster.com "HTTP/1.1 200 OK"
2026-07-04 07:50:48,975 [INFO] HTTP Request: POST https://xrplcluster.com "HTTP/1.1 200 OK"
2026-07-04 07:50:48,979 [ERROR] ✗ mount-rushmore exception: Request failed, amendmentBlocked: Amendment blocked, need upgrade.
2026-07-04 07:50:50,401 [INFO] HTTP Request: POST https://xrplcluster.com "HTTP/1.1 200 OK"
2026-07-04 07:50:50,924 [INFO] HTTP Request: POST https://xrplcluster.com "HTTP/1.1 200 OK"
2026-07-04 07:50:51,248 [INFO] HTTP Request: POST https://xrplcluster.com "HTTP/1.1 200 OK"
2026-07-04 07:50:51,732 [INFO] HTTP Request: POST https://xrplcluster.com "HTTP/1.1 200 OK"
2026-07-04 07:50:52,143 [INFO] HTTP Request: POST https://xrplcluster.com "HTTP/1.1 200 OK"
2026-07-04 07:50:52,654 [INFO] HTTP Request: POST https://xrplcluster.com "HTTP/1.1 200 OK"
2026-07-04 07:50:52,656 [INFO] ✓ [86/500] washington-monument — tesSUCCESS
2026-07-04 07:50:54,089 [INFO] HTTP Request: POST https://xrplcluster.com "HTTP/1.1 200 OK"
2026-07-04 07:50:54,612 [INFO] HTTP Request: POST https://xrplcluster.com "HTTP/1.1 200 OK"
2026-07-04 07:50:54,935 [INFO] HTTP Request: POST https://xrplcluster.com "HTTP/1.1 200 OK"
2026-07-04 07:50:55,462 [INFO] HTTP Request: POST https://xrplcluster.com "HTTP/1.1 200 OK"
2026-07-04 07:50:55,464 [ERROR] ✗ lincoln-memorial exception: Request failed, amendmentBlocked: Amendment blocked, need upgrade.
2026-07-04 07:50:56,954 [INFO] HTTP Request: POST https://xrplcluster.com "HTTP/1.1 200 OK"
2026-07-04 07:50:57,364 [INFO] HTTP Request: POST https://xrplcluster.com "HTTP/1.1 200 OK"
2026-07-04 07:50:57,775 [INFO] HTTP Request: POST https://xrplcluster.com "HTTP/1.1 200 OK"
2026-07-04 07:50:58,285 [INFO] HTTP Request: POST https://xrplcluster.com "HTTP/1.1 200 OK"
2026-07-04 07:50:58,696 [INFO] HTTP Request: POST https://xrplcluster.com "HTTP/1.1 200 OK"
2026-07-04 07:50:59,105 [INFO] HTTP Request: POST https://xrplcluster.com "HTTP/1.1 200 OK"
2026-07-04 07:50:59,107 [INFO] ✓ [87/500] us-capitol-building — tesSUCCESS
2026-07-04 07:51:00,541 [INFO] HTTP Request: POST https://xrplcluster.com "HTTP/1.1 200 OK"
2026-07-04 07:51:00,949 [INFO] HTTP Request: POST https://xrplcluster.com "HTTP/1.1 200 OK"
2026-07-04 07:51:01,365 [INFO] HTTP Request: POST https://xrplcluster.com "HTTP/1.1 200 OK"
2026-07-04 07:51:01,870 [INFO] HTTP Request: POST https://xrplcluster.com "HTTP/1.1 200 OK"
2026-07-04 07:51:02,382 [INFO] HTTP Request: POST https://xrplcluster.com "HTTP/1.1 200 OK"
2026-07-04 07:51:02,791 [INFO] HTTP Request: POST https://xrplcluster.com "HTTP/1.1 200 OK"
2026-07-04 07:51:02,794 [ERROR] ✗ white-house — tefPAST_SEQ
2026-07-04 07:51:04,327 [INFO] HTTP Request: POST https://xrplcluster.com "HTTP/1.1 200 OK"
2026-07-04 07:51:04,841 [INFO] HTTP Request: POST https://xrplcluster.com "HTTP/1.1 200 OK"
2026-07-04 07:51:05,352 [INFO] HTTP Request: POST https://xrplcluster.com "HTTP/1.1 200 OK"
2026-07-04 07:51:05,864 [INFO] HTTP Request: POST https://xrplcluster.com "HTTP/1.1 200 OK"
2026-07-04 07:51:06,274 [INFO] HTTP Request: POST https://xrplcluster.com "HTTP/1.1 200 OK"
2026-07-04 07:51:06,683 [INFO] HTTP Request: POST https://xrplcluster.com "HTTP/1.1 200 OK"
2026-07-04 07:51:06,684 [INFO] ✓ [88/500] golden-gate-bridge — terQUEUED
2026-07-04 07:51:08,116 [INFO] HTTP Request: POST https://xrplcluster.com "HTTP/1.1 200 OK"
2026-07-04 07:51:08,630 [INFO] HTTP Request: POST https://xrplcluster.com "HTTP/1.1 200 OK"
2026-07-04 07:51:08,970 [INFO] HTTP Request: POST https://xrplcluster.com "HTTP/1.1 200 OK"
2026-07-04 07:51:09,448 [INFO] HTTP Request: POST https://xrplcluster.com "HTTP/1.1 200 OK"
2026-07-04 07:51:09,858 [INFO] HTTP Request: POST https://xrplcluster.com "HTTP/1.1 200 OK"
2026-07-04 07:51:10,389 [INFO] HTTP Request: POST https://xrplcluster.com "HTTP/1.1 200 OK"
2026-07-04 07:51:10,391 [INFO] ✓ [89/500] grand-canyon — tesSUCCESS
2026-07-04 07:51:11,906 [INFO] HTTP Request: POST https://xrplcluster.com "HTTP/1.1 200 OK"
2026-07-04 07:51:12,417 [INFO] HTTP Request: POST https://xrplcluster.com "HTTP/1.1 200 OK"
2026-07-04 07:51:12,827 [INFO] HTTP Request: POST https://xrplcluster.com "HTTP/1.1 200 OK"
2026-07-04 07:51:13,142 [INFO] HTTP Request: POST https://xrplcluster.com "HTTP/1.1 200 OK"
2026-07-04 07:51:13,646 [INFO] HTTP Request: POST https://xrplcluster.com "HTTP/1.1 200 OK"
2026-07-04 07:51:14,070 [INFO] HTTP Request: POST https://xrplcluster.com "HTTP/1.1 200 OK"
2026-07-04 07:51:14,072 [INFO] ✓ [90/500] yellowstone — tesSUCCESS
2026-07-04 07:51:15,489 [INFO] HTTP Request: POST https://xrplcluster.com "HTTP/1.1 200 OK"
2026-07-04 07:51:15,899 [INFO] HTTP Request: POST https://xrplcluster.com "HTTP/1.1 200 OK"
2026-07-04 07:51:16,308 [INFO] HTTP Request: POST https://xrplcluster.com "HTTP/1.1 200 OK"
2026-07-04 07:51:16,729 [INFO] HTTP Request: POST https://xrplcluster.com "HTTP/1.1 200 OK"
2026-07-04 07:51:17,052 [INFO] HTTP Request: POST https://xrplcluster.com "HTTP/1.1 200 OK"
2026-07-04 07:51:17,536 [INFO] HTTP Request: POST https://xrplcluster.com "HTTP/1.1 200 OK"
2026-07-04 07:51:17,538 [ERROR] ✗ niagara-falls — tefPAST_SEQ
2026-07-04 07:51:19,073 [INFO] HTTP Request: POST https://xrplcluster.com "HTTP/1.1 200 OK"
2026-07-04 07:51:19,076 [ERROR] ✗ everglades exception: Request failed, amendmentBlocked: Amendment blocked, need upgrade.
2026-07-04 07:51:20,506 [INFO] HTTP Request: POST https://xrplcluster.com "HTTP/1.1 200 OK"
2026-07-04 07:51:21,018 [INFO] HTTP Request: POST https://xrplcluster.com "HTTP/1.1 200 OK"
2026-07-04 07:51:21,428 [INFO] HTTP Request: POST https://xrplcluster.com "HTTP/1.1 200 OK"
2026-07-04 07:51:21,940 [INFO] HTTP Request: POST https://xrplcluster.com "HTTP/1.1 200 OK"
2026-07-04 07:51:22,350 [INFO] HTTP Request: POST https://xrplcluster.com "HTTP/1.1 200 OK"
2026-07-04 07:51:22,761 [INFO] HTTP Request: POST https://xrplcluster.com "HTTP/1.1 200 OK"
2026-07-04 07:51:22,762 [ERROR] ✗ times-square — telCAN_NOT_QUEUE_FEE
2026-07-04 07:51:24,193 [INFO] HTTP Request: POST https://xrplcluster.com "HTTP/1.1 200 OK"
2026-07-04 07:51:24,603 [INFO] HTTP Request: POST https://xrplcluster.com "HTTP/1.1 200 OK"
2026-07-04 07:51:25,115 [INFO] HTTP Request: POST https://xrplcluster.com "HTTP/1.1 200 OK"
2026-07-04 07:51:25,729 [INFO] HTTP Request: POST https://xrplcluster.com "HTTP/1.1 200 OK"
2026-07-04 07:51:25,731 [ERROR] ✗ las-vegas-strip exception: Request failed, amendmentBlocked: Amendment blocked, need upgrade.
2026-07-04 07:51:27,163 [INFO] HTTP Request: POST https://xrplcluster.com "HTTP/1.1 200 OK"
2026-07-04 07:51:27,572 [INFO] HTTP Request: POST https://xrplcluster.com "HTTP/1.1 200 OK"
2026-07-04 07:51:27,982 [INFO] HTTP Request: POST https://xrplcluster.com "HTTP/1.1 200 OK"
2026-07-04 07:51:28,392 [INFO] HTTP Request: POST https://xrplcluster.com "HTTP/1.1 200 OK"
2026-07-04 07:51:28,801 [INFO] HTTP Request: POST https://xrplcluster.com "HTTP/1.1 200 OK"
2026-07-04 07:51:29,314 [INFO] HTTP Request: POST https://xrplcluster.com "HTTP/1.1 200 OK"
2026-07-04 07:51:29,315 [INFO] ✓ [91/500] hollywood-sign — tesSUCCESS
2026-07-04 07:51:30,746 [INFO] HTTP Request: POST https://xrplcluster.com "HTTP/1.1 200 OK"
2026-07-04 07:51:31,156 [INFO] HTTP Request: POST https://xrplcluster.com "HTTP/1.1 200 OK"
2026-07-04 07:51:31,511 [INFO] HTTP Request: POST https://xrplcluster.com "HTTP/1.1 200 OK"
2026-07-04 07:51:31,874 [INFO] HTTP Request: POST https://xrplcluster.com "HTTP/1.1 200 OK"
2026-07-04 07:51:32,385 [INFO] HTTP Request: POST https://xrplcluster.com "HTTP/1.1 200 OK"
2026-07-04 07:51:32,795 [INFO] HTTP Request: POST https://xrplcluster.com "HTTP/1.1 200 OK"
2026-07-04 07:51:32,796 [INFO] ✓ [92/500] americas-250th — tesSUCCESS
2026-07-04 07:51:34,229 [INFO] HTTP Request: POST https://xrplcluster.com "HTTP/1.1 200 OK"
2026-07-04 07:51:34,638 [INFO] HTTP Request: POST https://xrplcluster.com "HTTP/1.1 200 OK"
2026-07-04 07:51:35,047 [INFO] HTTP Request: POST https://xrplcluster.com "HTTP/1.1 200 OK"
2026-07-04 07:51:35,559 [INFO] HTTP Request: POST https://xrplcluster.com "HTTP/1.1 200 OK"
2026-07-04 07:51:35,969 [INFO] HTTP Request: POST https://xrplcluster.com "HTTP/1.1 200 OK"
2026-07-04 07:51:36,380 [INFO] HTTP Request: POST https://xrplcluster.com "HTTP/1.1 200 OK"
2026-07-04 07:51:36,382 [INFO] ✓ [93/500] semiquincentennial — tesSUCCESS
2026-07-04 07:51:37,711 [INFO] HTTP Request: POST https://xrplcluster.com "HTTP/1.1 200 OK"
2026-07-04 07:51:38,037 [INFO] HTTP Request: POST https://xrplcluster.com "HTTP/1.1 200 OK"
2026-07-04 07:51:38,427 [INFO] HTTP Request: POST https://xrplcluster.com "HTTP/1.1 200 OK"
2026-07-04 07:51:38,836 [INFO] HTTP Request: POST https://xrplcluster.com "HTTP/1.1 200 OK"
2026-07-04 07:51:39,246 [INFO] HTTP Request: POST https://xrplcluster.com "HTTP/1.1 200 OK"
2026-07-04 07:51:39,656 [INFO] HTTP Request: POST https://xrplcluster.com "HTTP/1.1 200 OK"
2026-07-04 07:51:39,657 [INFO] ✓ [94/500] independence-day-usa — tesSUCCESS
2026-07-04 07:51:41,089 [INFO] HTTP Request: POST https://xrplcluster.com "HTTP/1.1 200 OK"
2026-07-04 07:51:41,683 [INFO] HTTP Request: POST https://xrplcluster.com "HTTP/1.1 200 OK"
2026-07-04 07:51:42,113 [INFO] HTTP Request: POST https://xrplcluster.com "HTTP/1.1 200 OK"
2026-07-04 07:51:42,625 [INFO] HTTP Request: POST https://xrplcluster.com "HTTP/1.1 200 OK"
2026-07-04 07:51:43,035 [INFO] HTTP Request: POST https://xrplcluster.com "HTTP/1.1 200 OK"
2026-07-04 07:51:43,444 [INFO] HTTP Request: POST https://xrplcluster.com "HTTP/1.1 200 OK"
2026-07-04 07:51:43,446 [INFO] ✓ [95/500] july-fourth — tesSUCCESS
2026-07-04 07:51:44,878 [INFO] HTTP Request: POST https://xrplcluster.com "HTTP/1.1 200 OK"
2026-07-04 07:51:45,287 [INFO] HTTP Request: POST https://xrplcluster.com "HTTP/1.1 200 OK"
2026-07-04 07:51:45,902 [INFO] HTTP Request: POST https://xrplcluster.com "HTTP/1.1 200 OK"
2026-07-04 07:51:46,414 [INFO] HTTP Request: POST https://xrplcluster.com "HTTP/1.1 200 OK"
2026-07-04 07:51:47,028 [INFO] HTTP Request: POST https://xrplcluster.com "HTTP/1.1 200 OK"
2026-07-04 07:51:47,644 [INFO] HTTP Request: POST https://xrplcluster.com "HTTP/1.1 200 OK"
2026-07-04 07:51:47,645 [ERROR] ✗ bald-eagle exception: Request failed, amendmentBlocked: Amendment blocked, need upgrade.
2026-07-04 07:51:49,076 [INFO] HTTP Request: POST https://xrplcluster.com "HTTP/1.1 200 OK"
2026-07-04 07:51:49,486 [INFO] HTTP Request: POST https://xrplcluster.com "HTTP/1.1 200 OK"
2026-07-04 07:51:49,804 [INFO] HTTP Request: POST https://xrplcluster.com "HTTP/1.1 200 OK"
2026-07-04 07:51:50,206 [INFO] HTTP Request: POST https://xrplcluster.com "HTTP/1.1 200 OK"
2026-07-04 07:51:50,717 [INFO] HTTP Request: POST https://xrplcluster.com "HTTP/1.1 200 OK"
2026-07-04 07:51:51,229 [INFO] HTTP Request: POST https://xrplcluster.com "HTTP/1.1 200 OK"
2026-07-04 07:51:51,231 [INFO] ✓ [96/500] fireworks-display — tesSUCCESS
2026-07-04 07:51:52,661 [INFO] HTTP Request: POST https://xrplcluster.com "HTTP/1.1 200 OK"
2026-07-04 07:51:53,275 [INFO] HTTP Request: POST https://xrplcluster.com "HTTP/1.1 200 OK"
2026-07-04 07:51:53,801 [INFO] HTTP Request: POST https://xrplcluster.com "HTTP/1.1 200 OK"
2026-07-04 07:51:54,140 [INFO] HTTP Request: POST https://xrplcluster.com "HTTP/1.1 200 OK"
2026-07-04 07:51:54,771 [INFO] HTTP Request: POST https://xrplcluster.com "HTTP/1.1 200 OK"
2026-07-04 07:51:55,307 [INFO] HTTP Request: POST https://xrplcluster.com "HTTP/1.1 200 OK"
2026-07-04 07:51:55,310 [INFO] ✓ [97/500] american-patriotism — tesSUCCESS
2026-07-04 07:51:56,861 [INFO] HTTP Request: POST https://xrplcluster.com "HTTP/1.1 200 OK"
2026-07-04 07:51:57,197 [INFO] HTTP Request: POST https://xrplcluster.com "HTTP/1.1 200 OK"
2026-07-04 07:51:57,670 [INFO] HTTP Request: POST https://xrplcluster.com "HTTP/1.1 200 OK"
2026-07-04 07:51:58,067 [INFO] HTTP Request: POST https://xrplcluster.com "HTTP/1.1 200 OK"
2026-07-04 07:51:58,469 [INFO] HTTP Request: POST https://xrplcluster.com "HTTP/1.1 200 OK"
2026-07-04 07:51:58,967 [INFO] HTTP Request: POST https://xrplcluster.com "HTTP/1.1 200 OK"
2026-07-04 07:51:58,971 [INFO] ✓ [98/500] red-white-blue — tesSUCCESS
2026-07-04 07:52:00,391 [INFO] HTTP Request: POST https://xrplcluster.com "HTTP/1.1 200 OK"
2026-07-04 07:52:00,901 [INFO] HTTP Request: POST https://xrplcluster.com "HTTP/1.1 200 OK"
2026-07-04 07:52:01,406 [INFO] HTTP Request: POST https://xrplcluster.com "HTTP/1.1 200 OK"
2026-07-04 07:52:01,888 [INFO] HTTP Request: POST https://xrplcluster.com "HTTP/1.1 200 OK"
2026-07-04 07:52:02,247 [INFO] HTTP Request: POST https://xrplcluster.com "HTTP/1.1 200 OK"
2026-07-04 07:52:02,640 [INFO] HTTP Request: POST https://xrplcluster.com "HTTP/1.1 200 OK"
2026-07-04 07:52:02,642 [INFO] ✓ [99/500] old-glory — tesSUCCESS
2026-07-04 07:52:04,276 [INFO] HTTP Request: POST https://xrplcluster.com "HTTP/1.1 200 OK"
2026-07-04 07:52:04,278 [ERROR] ✗ star-spangled-banner exception: Request failed, amendmentBlocked: Amendment blocked, need upgrade.
2026-07-04 07:52:05,614 [INFO] HTTP Request: POST https://xrplcluster.com "HTTP/1.1 200 OK"
2026-07-04 07:52:06,046 [INFO] HTTP Request: POST https://xrplcluster.com "HTTP/1.1 200 OK"
2026-07-04 07:52:06,408 [INFO] HTTP Request: POST https://xrplcluster.com "HTTP/1.1 200 OK"
2026-07-04 07:52:06,844 [INFO] HTTP Request: POST https://xrplcluster.com "HTTP/1.1 200 OK"
2026-07-04 07:52:07,260 [INFO] HTTP Request: POST https://xrplcluster.com "HTTP/1.1 200 OK"
2026-07-04 07:52:07,691 [INFO] HTTP Request: POST https://xrplcluster.com "HTTP/1.1 200 OK"
2026-07-04 07:52:07,693 [INFO] ✓ [100/500] betsy-ross-flag — tesSUCCESS
2026-07-04 07:52:09,098 [INFO] HTTP Request: POST https://xrplcluster.com "HTTP/1.1 200 OK"
2026-07-04 07:52:09,433 [INFO] HTTP Request: POST https://xrplcluster.com "HTTP/1.1 200 OK"
2026-07-04 07:52:09,867 [INFO] HTTP Request: POST https://xrplcluster.com "HTTP/1.1 200 OK"
2026-07-04 07:52:10,420 [INFO] HTTP Request: POST https://xrplcluster.com "HTTP/1.1 200 OK"
2026-07-04 07:52:10,422 [ERROR] ✗ fourth-of-july-celebration exception: Request failed, amendmentBlocked: Amendment blocked, need upgrade.
2026-07-04 07:52:11,918 [INFO] HTTP Request: POST https://xrplcluster.com "HTTP/1.1 200 OK"
2026-07-04 07:52:12,388 [INFO] HTTP Request: POST https://xrplcluster.com "HTTP/1.1 200 OK"
2026-07-04 07:52:12,816 [INFO] HTTP Request: POST https://xrplcluster.com "HTTP/1.1 200 OK"
2026-07-04 07:52:13,226 [INFO] HTTP Request: POST https://xrplcluster.com "HTTP/1.1 200 OK"
2026-07-04 07:52:13,718 [INFO] HTTP Request: POST https://xrplcluster.com "HTTP/1.1 200 OK"
2026-07-04 07:52:14,098 [INFO] HTTP Request: POST https://xrplcluster.com "HTTP/1.1 200 OK"
2026-07-04 07:52:14,100 [INFO] ✓ [101/500] america-first — tesSUCCESS
2026-07-04 07:52:15,634 [INFO] HTTP Request: POST https://xrplcluster.com "HTTP/1.1 200 OK"
2026-07-04 07:52:16,247 [INFO] HTTP Request: POST https://xrplcluster.com "HTTP/1.1 200 OK"
2026-07-04 07:52:16,744 [INFO] HTTP Request: POST https://xrplcluster.com "HTTP/1.1 200 OK"
2026-07-04 07:52:17,226 [INFO] HTTP Request: POST https://xrplcluster.com "HTTP/1.1 200 OK"
2026-07-04 07:52:17,655 [INFO] HTTP Request: POST https://xrplcluster.com "HTTP/1.1 200 OK"
2026-07-04 07:52:18,094 [INFO] HTTP Request: POST https://xrplcluster.com "HTTP/1.1 200 OK"
2026-07-04 07:52:18,098 [INFO] ✓ [102/500] make-money-online — tesSUCCESS
2026-07-04 07:52:19,576 [INFO] HTTP Request: POST https://xrplcluster.com "HTTP/1.1 200 OK"
2026-07-04 07:52:20,001 [INFO] HTTP Request: POST https://xrplcluster.com "HTTP/1.1 200 OK"
2026-07-04 07:52:20,537 [INFO] HTTP Request: POST https://xrplcluster.com "HTTP/1.1 200 OK"
2026-07-04 07:52:20,966 [INFO] HTTP Request: POST https://xrplcluster.com "HTTP/1.1 200 OK"
2026-07-04 07:52:21,403 [INFO] HTTP Request: POST https://xrplcluster.com "HTTP/1.1 200 OK"
2026-07-04 07:52:21,959 [INFO] HTTP Request: POST https://xrplcluster.com "HTTP/1.1 200 OK"
2026-07-04 07:52:21,961 [ERROR] ✗ passive-income-ideas exception: Request failed, amendmentBlocked: Amendment blocked, need upgrade.
2026-07-04 07:52:23,535 [INFO] HTTP Request: POST https://xrplcluster.com "HTTP/1.1 200 OK"
2026-07-04 07:52:23,538 [ERROR] ✗ real-estate-investing exception: Request failed, amendmentBlocked: Amendment blocked, need upgrade.
2026-07-04 07:52:24,980 [INFO] HTTP Request: POST https://xrplcluster.com "HTTP/1.1 200 OK"
2026-07-04 07:52:25,428 [INFO] HTTP Request: POST https://xrplcluster.com "HTTP/1.1 200 OK"
2026-07-04 07:52:25,773 [INFO] HTTP Request: POST https://xrplcluster.com "HTTP/1.1 200 OK"
2026-07-04 07:52:26,333 [INFO] HTTP Request: POST https://xrplcluster.com "HTTP/1.1 200 OK"
2026-07-04 07:52:26,338 [ERROR] ✗ entrepreneurship exception: Request failed, amendmentBlocked: Amendment blocked, need upgrade.
2026-07-04 07:52:27,774 [INFO] HTTP Request: POST https://xrplcluster.com "HTTP/1.1 200 OK"
2026-07-04 07:52:28,154 [INFO] HTTP Request: POST https://xrplcluster.com "HTTP/1.1 200 OK"
2026-07-04 07:52:28,602 [INFO] HTTP Request: POST https://xrplcluster.com "HTTP/1.1 200 OK"
2026-07-04 07:52:29,030 [INFO] HTTP Request: POST https://xrplcluster.com "HTTP/1.1 200 OK"
2026-07-04 07:52:29,480 [INFO] HTTP Request: POST https://xrplcluster.com "HTTP/1.1 200 OK"
2026-07-04 07:52:29,919 [INFO] HTTP Request: POST https://xrplcluster.com "HTTP/1.1 200 OK"
2026-07-04 07:52:29,922 [INFO] ✓ [103/500] small-business-owner — tesSUCCESS
2026-07-04 07:52:31,348 [INFO] HTTP Request: POST https://xrplcluster.com "HTTP/1.1 200 OK"
2026-07-04 07:52:31,792 [INFO] HTTP Request: POST https://xrplcluster.com "HTTP/1.1 200 OK"
2026-07-04 07:52:32,239 [INFO] HTTP Request: POST https://xrplcluster.com "HTTP/1.1 200 OK"
2026-07-04 07:52:32,587 [INFO] HTTP Request: POST https://xrplcluster.com "HTTP/1.1 200 OK"
2026-07-04 07:52:33,008 [INFO] HTTP Request: POST https://xrplcluster.com "HTTP/1.1 200 OK"
2026-07-04 07:52:33,370 [INFO] HTTP Request: POST https://xrplcluster.com "HTTP/1.1 200 OK"
2026-07-04 07:52:33,372 [INFO] ✓ [104/500] startup-founder — tesSUCCESS
2026-07-04 07:52:34,960 [INFO] HTTP Request: POST https://xrplcluster.com "HTTP/1.1 200 OK"
2026-07-04 07:52:34,963 [ERROR] ✗ venture-capital exception: Request failed, amendmentBlocked: Amendment blocked, need upgrade.
2026-07-04 07:52:36,474 [INFO] HTTP Request: POST https://xrplcluster.com "HTTP/1.1 200 OK"
2026-07-04 07:52:36,896 [INFO] HTTP Request: POST https://xrplcluster.com "HTTP/1.1 200 OK"
2026-07-04 07:52:37,413 [INFO] HTTP Request: POST https://xrplcluster.com "HTTP/1.1 200 OK"
2026-07-04 07:52:37,926 [INFO] HTTP Request: POST https://xrplcluster.com "HTTP/1.1 200 OK"
2026-07-04 07:52:38,369 [INFO] HTTP Request: POST https://xrplcluster.com "HTTP/1.1 200 OK"
2026-07-04 07:52:38,914 [INFO] HTTP Request: POST https://xrplcluster.com "HTTP/1.1 200 OK"
2026-07-04 07:52:38,916 [INFO] ✓ [105/500] stock-market-investing — tesSUCCESS
2026-07-04 07:52:40,412 [INFO] HTTP Request: POST https://xrplcluster.com "HTTP/1.1 200 OK"
2026-07-04 07:52:40,756 [INFO] HTTP Request: POST https://xrplcluster.com "HTTP/1.1 200 OK"
2026-07-04 07:52:41,174 [INFO] HTTP Request: POST https://xrplcluster.com "HTTP/1.1 200 OK"
2026-07-04 07:52:41,739 [INFO] HTTP Request: POST https://xrplcluster.com "HTTP/1.1 200 OK"
2026-07-04 07:52:41,743 [ERROR] ✗ 401k-retirement exception: Request failed, amendmentBlocked: Amendment blocked, need upgrade.
2026-07-04 07:52:43,197 [INFO] HTTP Request: POST https://xrplcluster.com "HTTP/1.1 200 OK"
2026-07-04 07:52:43,618 [INFO] HTTP Request: POST https://xrplcluster.com "HTTP/1.1 200 OK"
2026-07-04 07:52:44,043 [INFO] HTTP Request: POST https://xrplcluster.com "HTTP/1.1 200 OK"
2026-07-04 07:52:44,484 [INFO] HTTP Request: POST https://xrplcluster.com "HTTP/1.1 200 OK"
2026-07-04 07:52:44,923 [INFO] HTTP Request: POST https://xrplcluster.com "HTTP/1.1 200 OK"
2026-07-04 07:52:45,457 [INFO] HTTP Request: POST https://xrplcluster.com "HTTP/1.1 200 OK"
2026-07-04 07:52:45,459 [ERROR] ✗ social-security exception: Request failed, amendmentBlocked: Amendment blocked, need upgrade.
2026-07-04 07:52:46,785 [INFO] HTTP Request: POST https://xrplcluster.com "HTTP/1.1 200 OK"
2026-07-04 07:52:47,140 [INFO] HTTP Request: POST https://xrplcluster.com "HTTP/1.1 200 OK"
2026-07-04 07:52:47,652 [INFO] HTTP Request: POST https://xrplcluster.com "HTTP/1.1 200 OK"
2026-07-04 07:52:48,162 [INFO] HTTP Request: POST https://xrplcluster.com "HTTP/1.1 200 OK"
2026-07-04 07:52:48,572 [INFO] HTTP Request: POST https://xrplcluster.com "HTTP/1.1 200 OK"
2026-07-04 07:52:49,084 [INFO] HTTP Request: POST https://xrplcluster.com "HTTP/1.1 200 OK"
2026-07-04 07:52:49,086 [INFO] ✓ [106/500] american-manufacturing — tesSUCCESS
2026-07-04 07:52:50,724 [INFO] HTTP Request: POST https://xrplcluster.com "HTTP/1.1 200 OK"
2026-07-04 07:52:50,727 [ERROR] ✗ supply-chain-america exception: Request failed, amendmentBlocked: Amendment blocked, need upgrade.
2026-07-04 07:52:52,156 [INFO] HTTP Request: POST https://xrplcluster.com "HTTP/1.1 200 OK"
2026-07-04 07:52:52,668 [INFO] HTTP Request: POST https://xrplcluster.com "HTTP/1.1 200 OK"
2026-07-04 07:52:53,180 [INFO] HTTP Request: POST https://xrplcluster.com "HTTP/1.1 200 OK"
2026-07-04 07:52:53,589 [INFO] HTTP Request: POST https://xrplcluster.com "HTTP/1.1 200 OK"
2026-07-04 07:52:53,940 [INFO] HTTP Request: POST https://xrplcluster.com "HTTP/1.1 200 OK"
2026-07-04 07:52:54,408 [INFO] HTTP Request: POST https://xrplcluster.com "HTTP/1.1 200 OK"
2026-07-04 07:52:54,411 [INFO] ✓ [107/500] e-commerce-usa — tesSUCCESS
2026-07-04 07:52:55,945 [INFO] HTTP Request: POST https://xrplcluster.com "HTTP/1.1 200 OK"
2026-07-04 07:52:56,276 [INFO] HTTP Request: POST https://xrplcluster.com "HTTP/1.1 200 OK"
2026-07-04 07:52:56,764 [INFO] HTTP Request: POST https://xrplcluster.com "HTTP/1.1 200 OK"
2026-07-04 07:52:57,168 [INFO] HTTP Request: POST https://xrplcluster.com "HTTP/1.1 200 OK"
2026-07-04 07:52:57,583 [INFO] HTTP Request: POST https://xrplcluster.com "HTTP/1.1 200 OK"
2026-07-04 07:52:57,993 [INFO] HTTP Request: POST https://xrplcluster.com "HTTP/1.1 200 OK"
2026-07-04 07:52:57,996 [INFO] ✓ [108/500] gig-economy — tesSUCCESS
2026-07-04 07:52:59,427 [INFO] HTTP Request: POST https://xrplcluster.com "HTTP/1.1 200 OK"
2026-07-04 07:52:59,836 [INFO] HTTP Request: POST https://xrplcluster.com "HTTP/1.1 200 OK"
2026-07-04 07:53:00,348 [INFO] HTTP Request: POST https://xrplcluster.com "HTTP/1.1 200 OK"
2026-07-04 07:53:00,758 [INFO] HTTP Request: POST https://xrplcluster.com "HTTP/1.1 200 OK"
2026-07-04 07:53:01,167 [INFO] HTTP Request: POST https://xrplcluster.com "HTTP/1.1 200 OK"
2026-07-04 07:53:01,494 [INFO] HTTP Request: POST https://xrplcluster.com "HTTP/1.1 200 OK"
2026-07-04 07:53:01,498 [INFO] ✓ [109/500] side-hustle — tesSUCCESS
2026-07-04 07:53:02,909 [INFO] HTTP Request: POST https://xrplcluster.com "HTTP/1.1 200 OK"
2026-07-04 07:53:03,234 [INFO] HTTP Request: POST https://xrplcluster.com "HTTP/1.1 200 OK"
2026-07-04 07:53:03,625 [INFO] HTTP Request: POST https://xrplcluster.com "HTTP/1.1 200 OK"
2026-07-04 07:53:04,240 [INFO] HTTP Request: POST https://xrplcluster.com "HTTP/1.1 200 OK"
2026-07-04 07:53:04,242 [ERROR] ✗ financial-independence exception: Request failed, amendmentBlocked: Amendment blocked, need upgrade.
2026-07-04 07:53:05,619 [INFO] HTTP Request: POST https://xrplcluster.com "HTTP/1.1 200 OK"
2026-07-04 07:53:06,083 [INFO] HTTP Request: POST https://xrplcluster.com "HTTP/1.1 200 OK"
2026-07-04 07:53:06,614 [INFO] HTTP Request: POST https://xrplcluster.com "HTTP/1.1 200 OK"
2026-07-04 07:53:07,086 [INFO] HTTP Request: POST https://xrplcluster.com "HTTP/1.1 200 OK"
2026-07-04 07:53:07,517 [INFO] HTTP Request: POST https://xrplcluster.com "HTTP/1.1 200 OK"
2026-07-04 07:53:07,928 [INFO] HTTP Request: POST https://xrplcluster.com "HTTP/1.1 200 OK"
2026-07-04 07:53:07,931 [INFO] ✓ [110/500] day-trading — tesSUCCESS
2026-07-04 07:53:09,359 [INFO] HTTP Request: POST https://xrplcluster.com "HTTP/1.1 200 OK"
2026-07-04 07:53:09,974 [INFO] HTTP Request: POST https://xrplcluster.com "HTTP/1.1 200 OK"
2026-07-04 07:53:10,487 [INFO] HTTP Request: POST https://xrplcluster.com "HTTP/1.1 200 OK"
2026-07-04 07:53:10,998 [INFO] HTTP Request: POST https://xrplcluster.com "HTTP/1.1 200 OK"
2026-07-04 07:53:11,511 [INFO] HTTP Request: POST https://xrplcluster.com "HTTP/1.1 200 OK"
2026-07-04 07:53:11,988 [INFO] HTTP Request: POST https://xrplcluster.com "HTTP/1.1 200 OK"
2026-07-04 07:53:11,990 [INFO] ✓ [111/500] cryptocurrency-usa — tesSUCCESS
2026-07-04 07:53:13,558 [INFO] HTTP Request: POST https://xrplcluster.com "HTTP/1.1 200 OK"
2026-07-04 07:53:13,560 [ERROR] ✗ bitcoin-usa exception: Request failed, amendmentBlocked: Amendment blocked, need upgrade.
2026-07-04 07:53:14,992 [INFO] HTTP Request: POST https://xrplcluster.com "HTTP/1.1 200 OK"
2026-07-04 07:53:15,606 [INFO] HTTP Request: POST https://xrplcluster.com "HTTP/1.1 200 OK"
2026-07-04 07:53:16,016 [INFO] HTTP Request: POST https://xrplcluster.com "HTTP/1.1 200 OK"
2026-07-04 07:53:16,426 [INFO] HTTP Request: POST https://xrplcluster.com "HTTP/1.1 200 OK"
2026-07-04 07:53:16,938 [INFO] HTTP Request: POST https://xrplcluster.com "HTTP/1.1 200 OK"
2026-07-04 07:53:17,450 [INFO] HTTP Request: POST https://xrplcluster.com "HTTP/1.1 200 OK"
2026-07-04 07:53:17,452 [INFO] ✓ [112/500] federal-reserve — tesSUCCESS
2026-07-04 07:53:18,883 [INFO] HTTP Request: POST https://xrplcluster.com "HTTP/1.1 200 OK"
2026-07-04 07:53:19,293 [INFO] HTTP Request: POST https://xrplcluster.com "HTTP/1.1 200 OK"
2026-07-04 07:53:19,907 [INFO] HTTP Request: POST https://xrplcluster.com "HTTP/1.1 200 OK"
2026-07-04 07:53:20,318 [INFO] HTTP Request: POST https://xrplcluster.com "HTTP/1.1 200 OK"
2026-07-04 07:53:20,726 [INFO] HTTP Request: POST https://xrplcluster.com "HTTP/1.1 200 OK"
2026-07-04 07:53:21,238 [INFO] HTTP Request: POST https://xrplcluster.com "HTTP/1.1 200 OK"
2026-07-04 07:53:21,241 [INFO] ✓ [113/500] wall-street — tesSUCCESS
2026-07-04 07:53:22,775 [INFO] HTTP Request: POST https://xrplcluster.com "HTTP/1.1 200 OK"
2026-07-04 07:53:23,286 [INFO] HTTP Request: POST https://xrplcluster.com "HTTP/1.1 200 OK"
2026-07-04 07:53:23,619 [INFO] HTTP Request: POST https://xrplcluster.com "HTTP/1.1 200 OK"
2026-07-04 07:53:24,040 [INFO] HTTP Request: POST https://xrplcluster.com "HTTP/1.1 200 OK"
2026-07-04 07:53:24,366 [INFO] HTTP Request: POST https://xrplcluster.com "HTTP/1.1 200 OK"
2026-07-04 07:53:24,822 [INFO] HTTP Request: POST https://xrplcluster.com "HTTP/1.1 200 OK"
2026-07-04 07:53:24,825 [INFO] ✓ [114/500] silicon-valley — tesSUCCESS
2026-07-04 07:53:26,360 [INFO] HTTP Request: POST https://xrplcluster.com "HTTP/1.1 200 OK"
2026-07-04 07:53:26,683 [INFO] HTTP Request: POST https://xrplcluster.com "HTTP/1.1 200 OK"
2026-07-04 07:53:27,076 [INFO] HTTP Request: POST https://xrplcluster.com "HTTP/1.1 200 OK"
2026-07-04 07:53:27,485 [INFO] HTTP Request: POST https://xrplcluster.com "HTTP/1.1 200 OK"
2026-07-04 07:53:27,894 [INFO] HTTP Request: POST https://xrplcluster.com "HTTP/1.1 200 OK"
2026-07-04 07:53:28,406 [INFO] HTTP Request: POST https://xrplcluster.com "HTTP/1.1 200 OK"
2026-07-04 07:53:28,409 [INFO] ✓ [115/500] american-innovation — tesSUCCESS
2026-07-04 07:53:29,841 [INFO] HTTP Request: POST https://xrplcluster.com "HTTP/1.1 200 OK"
2026-07-04 07:53:30,352 [INFO] HTTP Request: POST https://xrplcluster.com "HTTP/1.1 200 OK"
2026-07-04 07:53:30,864 [INFO] HTTP Request: POST https://xrplcluster.com "HTTP/1.1 200 OK"
2026-07-04 07:53:31,274 [INFO] HTTP Request: POST https://xrplcluster.com "HTTP/1.1 200 OK"
2026-07-04 07:53:31,711 [INFO] HTTP Request: POST https://xrplcluster.com "HTTP/1.1 200 OK"
2026-07-04 07:53:32,186 [INFO] HTTP Request: POST https://xrplcluster.com "HTTP/1.1 200 OK"
2026-07-04 07:53:32,188 [INFO] ✓ [116/500] industrial-revolution-usa — tesSUCCESS
2026-07-04 07:53:33,628 [INFO] HTTP Request: POST https://xrplcluster.com "HTTP/1.1 200 OK"
2026-07-04 07:53:34,141 [INFO] HTTP Request: POST https://xrplcluster.com "HTTP/1.1 200 OK"
2026-07-04 07:53:34,550 [INFO] HTTP Request: POST https://xrplcluster.com "HTTP/1.1 200 OK"
2026-07-04 07:53:34,960 [INFO] HTTP Request: POST https://xrplcluster.com "HTTP/1.1 200 OK"
2026-07-04 07:53:35,473 [INFO] HTTP Request: POST https://xrplcluster.com "HTTP/1.1 200 OK"
2026-07-04 07:53:35,984 [INFO] HTTP Request: POST https://xrplcluster.com "HTTP/1.1 200 OK"
2026-07-04 07:53:35,987 [INFO] ✓ [117/500] american-steel — tesSUCCESS
2026-07-04 07:53:37,521 [INFO] HTTP Request: POST https://xrplcluster.com "HTTP/1.1 200 OK"
2026-07-04 07:53:37,524 [ERROR] ✗ oil-and-gas-usa exception: Request failed, amendmentBlocked: Amendment blocked, need upgrade.
2026-07-04 07:53:38,954 [INFO] HTTP Request: POST https://xrplcluster.com "HTTP/1.1 200 OK"
2026-07-04 07:53:39,362 [INFO] HTTP Request: POST https://xrplcluster.com "HTTP/1.1 200 OK"
2026-07-04 07:53:39,875 [INFO] HTTP Request: POST https://xrplcluster.com "HTTP/1.1 200 OK"
2026-07-04 07:53:40,286 [INFO] HTTP Request: POST https://xrplcluster.com "HTTP/1.1 200 OK"
2026-07-04 07:53:40,684 [INFO] HTTP Request: POST https://xrplcluster.com "HTTP/1.1 200 OK"
2026-07-04 07:53:41,104 [INFO] HTTP Request: POST https://xrplcluster.com "HTTP/1.1 200 OK"
2026-07-04 07:53:41,106 [INFO] ✓ [118/500] renewable-energy-usa — tesSUCCESS
2026-07-04 07:53:42,743 [INFO] HTTP Request: POST https://xrplcluster.com "HTTP/1.1 200 OK"
2026-07-04 07:53:42,747 [ERROR] ✗ agriculture-usa exception: Request failed, amendmentBlocked: Amendment blocked, need upgrade.
2026-07-04 07:53:44,279 [INFO] HTTP Request: POST https://xrplcluster.com "HTTP/1.1 200 OK"
2026-07-04 07:53:44,893 [INFO] HTTP Request: POST https://xrplcluster.com "HTTP/1.1 200 OK"
2026-07-04 07:53:45,405 [INFO] HTTP Request: POST https://xrplcluster.com "HTTP/1.1 200 OK"
2026-07-04 07:53:45,814 [INFO] HTTP Request: POST https://xrplcluster.com "HTTP/1.1 200 OK"
2026-07-04 07:53:46,428 [INFO] HTTP Request: POST https://xrplcluster.com "HTTP/1.1 200 OK"
2026-07-04 07:53:46,942 [INFO] HTTP Request: POST https://xrplcluster.com "HTTP/1.1 200 OK"
2026-07-04 07:53:46,943 [INFO] ✓ [119/500] defense-industry — tesSUCCESS
2026-07-04 07:53:48,368 [INFO] HTTP Request: POST https://xrplcluster.com "HTTP/1.1 200 OK"
2026-07-04 07:53:48,784 [INFO] HTTP Request: POST https://xrplcluster.com "HTTP/1.1 200 OK"
2026-07-04 07:53:49,197 [INFO] HTTP Request: POST https://xrplcluster.com "HTTP/1.1 200 OK"
2026-07-04 07:53:49,603 [INFO] HTTP Request: POST https://xrplcluster.com "HTTP/1.1 200 OK"
2026-07-04 07:53:50,115 [INFO] HTTP Request: POST https://xrplcluster.com "HTTP/1.1 200 OK"
2026-07-04 07:53:50,626 [INFO] HTTP Request: POST https://xrplcluster.com "HTTP/1.1 200 OK"
2026-07-04 07:53:50,629 [INFO] ✓ [120/500] healthcare-usa — tesSUCCESS
2026-07-04 07:53:52,163 [INFO] HTTP Request: POST https://xrplcluster.com "HTTP/1.1 200 OK"
2026-07-04 07:53:52,573 [INFO] HTTP Request: POST https://xrplcluster.com "HTTP/1.1 200 OK"
2026-07-04 07:53:53,187 [INFO] HTTP Request: POST https://xrplcluster.com "HTTP/1.1 200 OK"
2026-07-04 07:53:53,596 [INFO] HTTP Request: POST https://xrplcluster.com "HTTP/1.1 200 OK"
2026-07-04 07:53:54,007 [INFO] HTTP Request: POST https://xrplcluster.com "HTTP/1.1 200 OK"
2026-07-04 07:53:54,621 [INFO] HTTP Request: POST https://xrplcluster.com "HTTP/1.1 200 OK"
2026-07-04 07:53:54,623 [ERROR] ✗ education-system-usa exception: Request failed, amendmentBlocked: Amendment blocked, need upgrade.
2026-07-04 07:53:56,056 [INFO] HTTP Request: POST https://xrplcluster.com "HTTP/1.1 200 OK"
2026-07-04 07:53:56,464 [INFO] HTTP Request: POST https://xrplcluster.com "HTTP/1.1 200 OK"
2026-07-04 07:53:56,874 [INFO] HTTP Request: POST https://xrplcluster.com "HTTP/1.1 200 OK"
2026-07-04 07:53:57,201 [INFO] HTTP Request: POST https://xrplcluster.com "HTTP/1.1 200 OK"
2026-07-04 07:53:57,692 [INFO] HTTP Request: POST https://xrplcluster.com "HTTP/1.1 200 OK"
2026-07-04 07:53:58,205 [INFO] HTTP Request: POST https://xrplcluster.com "HTTP/1.1 200 OK"
2026-07-04 07:53:58,208 [INFO] ✓ [121/500] immigration-economy — tesSUCCESS
2026-07-04 07:53:59,638 [INFO] HTTP Request: POST https://xrplcluster.com "HTTP/1.1 200 OK"
2026-07-04 07:54:00,151 [INFO] HTTP Request: POST https://xrplcluster.com "HTTP/1.1 200 OK"
2026-07-04 07:54:00,663 [INFO] HTTP Request: POST https://xrplcluster.com "HTTP/1.1 200 OK"
2026-07-04 07:54:01,072 [INFO] HTTP Request: POST https://xrplcluster.com "HTTP/1.1 200 OK"
2026-07-04 07:54:01,480 [INFO] HTTP Request: POST https://xrplcluster.com "HTTP/1.1 200 OK"
2026-07-04 07:54:01,936 [INFO] HTTP Request: POST https://xrplcluster.com "HTTP/1.1 200 OK"
2026-07-04 07:54:01,938 [INFO] ✓ [122/500] minimum-wage — tesSUCCESS
2026-07-04 07:54:03,427 [INFO] HTTP Request: POST https://xrplcluster.com "HTTP/1.1 200 OK"
2026-07-04 07:54:03,838 [INFO] HTTP Request: POST https://xrplcluster.com "HTTP/1.1 200 OK"
2026-07-04 07:54:04,349 [INFO] HTTP Request: POST https://xrplcluster.com "HTTP/1.1 200 OK"
2026-07-04 07:54:04,758 [INFO] HTTP Request: POST https://xrplcluster.com "HTTP/1.1 200 OK"
2026-07-04 07:54:05,168 [INFO] HTTP Request: POST https://xrplcluster.com "HTTP/1.1 200 OK"
2026-07-04 07:54:05,577 [INFO] HTTP Request: POST https://xrplcluster.com "HTTP/1.1 200 OK"
2026-07-04 07:54:05,579 [INFO] ✓ [123/500] labor-union — tesSUCCESS
2026-07-04 07:54:06,991 [INFO] HTTP Request: POST https://xrplcluster.com "HTTP/1.1 200 OK"
2026-07-04 07:54:07,404 [INFO] HTTP Request: POST https://xrplcluster.com "HTTP/1.1 200 OK"
2026-07-04 07:54:07,831 [INFO] HTTP Request: POST https://xrplcluster.com "HTTP/1.1 200 OK"
2026-07-04 07:54:08,241 [INFO] HTTP Request: POST https://xrplcluster.com "HTTP/1.1 200 OK"
2026-07-04 07:54:08,752 [INFO] HTTP Request: POST https://xrplcluster.com "HTTP/1.1 200 OK"
2026-07-04 07:54:09,264 [INFO] HTTP Request: POST https://xrplcluster.com "HTTP/1.1 200 OK"
2026-07-04 07:54:09,267 [INFO] ✓ [124/500] american-middle-class — tesSUCCESS
2026-07-04 07:54:10,603 [INFO] HTTP Request: POST https://xrplcluster.com "HTTP/1.1 200 OK"
2026-07-04 07:54:11,016 [INFO] HTTP Request: POST https://xrplcluster.com "HTTP/1.1 200 OK"
2026-07-04 07:54:11,415 [INFO] HTTP Request: POST https://xrplcluster.com "HTTP/1.1 200 OK"
2026-07-04 07:54:11,752 [INFO] HTTP Request: POST https://xrplcluster.com "HTTP/1.1 200 OK"
2026-07-04 07:54:12,133 [INFO] HTTP Request: POST https://xrplcluster.com "HTTP/1.1 200 OK"
2026-07-04 07:54:12,747 [INFO] HTTP Request: POST https://xrplcluster.com "HTTP/1.1 200 OK"
2026-07-04 07:54:12,750 [ERROR] ✗ homeownership-usa exception: Request failed, amendmentBlocked: Amendment blocked, need upgrade.
2026-07-04 07:54:14,179 [INFO] HTTP Request: POST https://xrplcluster.com "HTTP/1.1 200 OK"
2026-07-04 07:54:14,691 [INFO] HTTP Request: POST https://xrplcluster.com "HTTP/1.1 200 OK"
2026-07-04 07:54:15,101 [INFO] HTTP Request: POST https://xrplcluster.com "HTTP/1.1 200 OK"
2026-07-04 07:54:15,612 [INFO] HTTP Request: POST https://xrplcluster.com "HTTP/1.1 200 OK"
2026-07-04 07:54:16,022 [INFO] HTTP Request: POST https://xrplcluster.com "HTTP/1.1 200 OK"
2026-07-04 07:54:16,535 [INFO] HTTP Request: POST https://xrplcluster.com "HTTP/1.1 200 OK"
2026-07-04 07:54:16,538 [INFO] ✓ [125/500] american-infrastructure — tesSUCCESS
2026-07-04 07:54:17,969 [INFO] HTTP Request: POST https://xrplcluster.com "HTTP/1.1 200 OK"
2026-07-04 07:54:18,378 [INFO] HTTP Request: POST https://xrplcluster.com "HTTP/1.1 200 OK"
2026-07-04 07:54:18,788 [INFO] HTTP Request: POST https://xrplcluster.com "HTTP/1.1 200 OK"
2026-07-04 07:54:19,198 [INFO] HTTP Request: POST https://xrplcluster.com "HTTP/1.1 200 OK"
2026-07-04 07:54:19,607 [INFO] HTTP Request: POST https://xrplcluster.com "HTTP/1.1 200 OK"
2026-07-04 07:54:20,223 [INFO] HTTP Request: POST https://xrplcluster.com "HTTP/1.1 200 OK"
2026-07-04 07:54:20,224 [ERROR] ✗ national-debt-usa exception: Request failed, amendmentBlocked: Amendment blocked, need upgrade.
2026-07-04 07:54:21,654 [INFO] HTTP Request: POST https://xrplcluster.com "HTTP/1.1 200 OK"
2026-07-04 07:54:22,065 [INFO] HTTP Request: POST https://xrplcluster.com "HTTP/1.1 200 OK"
2026-07-04 07:54:22,576 [INFO] HTTP Request: POST https://xrplcluster.com "HTTP/1.1 200 OK"
2026-07-04 07:54:23,089 [INFO] HTTP Request: POST https://xrplcluster.com "HTTP/1.1 200 OK"
2026-07-04 07:54:23,499 [INFO] HTTP Request: POST https://xrplcluster.com "HTTP/1.1 200 OK"
2026-07-04 07:54:23,844 [INFO] HTTP Request: POST https://xrplcluster.com "HTTP/1.1 200 OK"
2026-07-04 07:54:23,846 [INFO] ✓ [126/500] us-dollar — tesSUCCESS
2026-07-04 07:54:25,239 [INFO] HTTP Request: POST https://xrplcluster.com "HTTP/1.1 200 OK"
2026-07-04 07:54:25,649 [INFO] HTTP Request: POST https://xrplcluster.com "HTTP/1.1 200 OK"
2026-07-04 07:54:26,173 [INFO] HTTP Request: POST https://xrplcluster.com "HTTP/1.1 200 OK"
2026-07-04 07:54:26,513 [INFO] HTTP Request: POST https://xrplcluster.com "HTTP/1.1 200 OK"
2026-07-04 07:54:26,979 [INFO] HTTP Request: POST https://xrplcluster.com "HTTP/1.1 200 OK"
2026-07-04 07:54:27,399 [INFO] HTTP Request: POST https://xrplcluster.com "HTTP/1.1 200 OK"
2026-07-04 07:54:27,402 [INFO] ✓ [127/500] inflation-usa — tesSUCCESS
2026-07-04 07:54:28,925 [INFO] HTTP Request: POST https://xrplcluster.com "HTTP/1.1 200 OK"
2026-07-04 07:54:29,437 [INFO] HTTP Request: POST https://xrplcluster.com "HTTP/1.1 200 OK"
2026-07-04 07:54:29,847 [INFO] HTTP Request: POST https://xrplcluster.com "HTTP/1.1 200 OK"
2026-07-04 07:54:30,358 [INFO] HTTP Request: POST https://xrplcluster.com "HTTP/1.1 200 OK"
2026-07-04 07:54:30,871 [INFO] HTTP Request: POST https://xrplcluster.com "HTTP/1.1 200 OK"
2026-07-04 07:54:31,248 [INFO] HTTP Request: POST https://xrplcluster.com "HTTP/1.1 200 OK"
2026-07-04 07:54:31,250 [INFO] ✓ [128/500] american-tax-system — tesSUCCESS
2026-07-04 07:54:32,613 [INFO] HTTP Request: POST https://xrplcluster.com "HTTP/1.1 200 OK"
2026-07-04 07:54:33,021 [INFO] HTTP Request: POST https://xrplcluster.com "HTTP/1.1 200 OK"
2026-07-04 07:54:33,534 [INFO] HTTP Request: POST https://xrplcluster.com "HTTP/1.1 200 OK"
2026-07-04 07:54:33,943 [INFO] HTTP Request: POST https://xrplcluster.com "HTTP/1.1 200 OK"
2026-07-04 07:54:34,352 [INFO] HTTP Request: POST https://xrplcluster.com "HTTP/1.1 200 OK"
2026-07-04 07:54:34,883 [INFO] HTTP Request: POST https://xrplcluster.com "HTTP/1.1 200 OK"
2026-07-04 07:54:34,886 [ERROR] ✗ small-business-loan exception: Request failed, amendmentBlocked: Amendment blocked, need upgrade.
2026-07-04 07:54:36,468 [INFO] HTTP Request: POST https://xrplcluster.com "HTTP/1.1 200 OK"
2026-07-04 07:54:36,471 [ERROR] ✗ american-exports exception: Request failed, amendmentBlocked: Amendment blocked, need upgrade.
2026-07-04 07:54:37,810 [INFO] HTTP Request: POST https://xrplcluster.com "HTTP/1.1 200 OK"
2026-07-04 07:54:38,234 [INFO] HTTP Request: POST https://xrplcluster.com "HTTP/1.1 200 OK"
2026-07-04 07:54:38,755 [INFO] HTTP Request: POST https://xrplcluster.com "HTTP/1.1 200 OK"
2026-07-04 07:54:39,172 [INFO] HTTP Request: POST https://xrplcluster.com "HTTP/1.1 200 OK"
2026-07-04 07:54:39,575 [INFO] HTTP Request: POST https://xrplcluster.com "HTTP/1.1 200 OK"
2026-07-04 07:54:39,985 [INFO] HTTP Request: POST https://xrplcluster.com "HTTP/1.1 200 OK"
2026-07-04 07:54:39,987 [INFO] ✓ [129/500] trade-deficit — tesSUCCESS
2026-07-04 07:54:41,394 [INFO] HTTP Request: POST https://xrplcluster.com "HTTP/1.1 200 OK"
2026-07-04 07:54:41,828 [INFO] HTTP Request: POST https://xrplcluster.com "HTTP/1.1 200 OK"
2026-07-04 07:54:42,237 [INFO] HTTP Request: POST https://xrplcluster.com "HTTP/1.1 200 OK"
2026-07-04 07:54:42,749 [INFO] HTTP Request: POST https://xrplcluster.com "HTTP/1.1 200 OK"
2026-07-04 07:54:43,260 [INFO] HTTP Request: POST https://xrplcluster.com "HTTP/1.1 200 OK"
2026-07-04 07:54:43,672 [INFO] HTTP Request: POST https://xrplcluster.com "HTTP/1.1 200 OK"
2026-07-04 07:54:43,674 [INFO] ✓ [130/500] tariffs-usa — tesSUCCESS
2026-07-04 07:54:45,105 [INFO] HTTP Request: POST https://xrplcluster.com "HTTP/1.1 200 OK"
2026-07-04 07:54:45,514 [INFO] HTTP Request: POST https://xrplcluster.com "HTTP/1.1 200 OK"
2026-07-04 07:54:46,129 [INFO] HTTP Request: POST https://xrplcluster.com "HTTP/1.1 200 OK"
2026-07-04 07:54:46,641 [INFO] HTTP Request: POST https://xrplcluster.com "HTTP/1.1 200 OK"
2026-07-04 07:54:47,050 [INFO] HTTP Request: POST https://xrplcluster.com "HTTP/1.1 200 OK"
2026-07-04 07:54:47,562 [INFO] HTTP Request: POST https://xrplcluster.com "HTTP/1.1 200 OK"
2026-07-04 07:54:47,564 [INFO] ✓ [131/500] made-in-america — tesSUCCESS
2026-07-04 07:54:48,995 [INFO] HTTP Request: POST https://xrplcluster.com "HTTP/1.1 200 OK"
2026-07-04 07:54:49,507 [INFO] HTTP Request: POST https://xrplcluster.com "HTTP/1.1 200 OK"
2026-07-04 07:54:49,830 [INFO] HTTP Request: POST https://xrplcluster.com "HTTP/1.1 200 OK"
2026-07-04 07:54:50,225 [INFO] HTTP Request: POST https://xrplcluster.com "HTTP/1.1 200 OK"
2026-07-04 07:54:50,634 [INFO] HTTP Request: POST https://xrplcluster.com "HTTP/1.1 200 OK"
2026-07-04 07:54:51,148 [INFO] HTTP Request: POST https://xrplcluster.com "HTTP/1.1 200 OK"
2026-07-04 07:54:51,151 [INFO] ✓ [132/500] american-jobs — tesSUCCESS
2026-07-04 07:54:52,580 [INFO] HTTP Request: POST https://xrplcluster.com "HTTP/1.1 200 OK"
2026-07-04 07:54:52,989 [INFO] HTTP Request: POST https://xrplcluster.com "HTTP/1.1 200 OK"
2026-07-04 07:54:53,604 [INFO] HTTP Request: POST https://xrplcluster.com "HTTP/1.1 200 OK"
2026-07-04 07:54:53,980 [INFO] HTTP Request: POST https://xrplcluster.com "HTTP/1.1 200 OK"
2026-07-04 07:54:54,422 [INFO] HTTP Request: POST https://xrplcluster.com "HTTP/1.1 200 OK"
2026-07-04 07:54:54,935 [INFO] HTTP Request: POST https://xrplcluster.com "HTTP/1.1 200 OK"
2026-07-04 07:54:54,937 [INFO] ✓ [133/500] gdp-usa — tesSUCCESS
2026-07-04 07:54:56,278 [INFO] HTTP Request: POST https://xrplcluster.com "HTTP/1.1 200 OK"
2026-07-04 07:54:56,780 [INFO] HTTP Request: POST https://xrplcluster.com "HTTP/1.1 200 OK"
2026-07-04 07:54:57,292 [INFO] HTTP Request: POST https://xrplcluster.com "HTTP/1.1 200 OK"
2026-07-04 07:54:57,700 [INFO] HTTP Request: POST https://xrplcluster.com "HTTP/1.1 200 OK"
2026-07-04 07:54:58,109 [INFO] HTTP Request: POST https://xrplcluster.com "HTTP/1.1 200 OK"
2026-07-04 07:54:58,508 [INFO] HTTP Request: POST https://xrplcluster.com "HTTP/1.1 200 OK"
2026-07-04 07:54:58,509 [INFO] ✓ [134/500] strategic-bitcoin-reserve — tesSUCCESS
2026-07-04 07:54:59,852 [INFO] HTTP Request: POST https://xrplcluster.com "HTTP/1.1 200 OK"
2026-07-04 07:55:00,259 [INFO] HTTP Request: POST https://xrplcluster.com "HTTP/1.1 200 OK"
2026-07-04 07:55:00,587 [INFO] HTTP Request: POST https://xrplcluster.com "HTTP/1.1 200 OK"
2026-07-04 07:55:01,079 [INFO] HTTP Request: POST https://xrplcluster.com "HTTP/1.1 200 OK"
2026-07-04 07:55:01,435 [INFO] HTTP Request: POST https://xrplcluster.com "HTTP/1.1 200 OK"
2026-07-04 07:55:01,797 [INFO] HTTP Request: POST https://xrplcluster.com "HTTP/1.1 200 OK"
2026-07-04 07:55:01,800 [INFO] ✓ [135/500] us-digital-asset-stockpile — tesSUCCESS
2026-07-04 07:55:03,229 [INFO] HTTP Request: POST https://xrplcluster.com "HTTP/1.1 200 OK"
2026-07-04 07:55:03,742 [INFO] HTTP Request: POST https://xrplcluster.com "HTTP/1.1 200 OK"
2026-07-04 07:55:04,253 [INFO] HTTP Request: POST https://xrplcluster.com "HTTP/1.1 200 OK"
2026-07-04 07:55:04,759 [INFO] HTTP Request: POST https://xrplcluster.com "HTTP/1.1 200 OK"
2026-07-04 07:55:05,175 [INFO] HTTP Request: POST https://xrplcluster.com "HTTP/1.1 200 OK"
2026-07-04 07:55:05,585 [INFO] HTTP Request: POST https://xrplcluster.com "HTTP/1.1 200 OK"
2026-07-04 07:55:05,587 [INFO] ✓ [136/500] genius-act — tesSUCCESS
2026-07-04 07:55:07,019 [INFO] HTTP Request: POST https://xrplcluster.com "HTTP/1.1 200 OK"
2026-07-04 07:55:07,428 [INFO] HTTP Request: POST https://xrplcluster.com "HTTP/1.1 200 OK"
2026-07-04 07:55:07,972 [INFO] HTTP Request: POST https://xrplcluster.com "HTTP/1.1 200 OK"
2026-07-04 07:55:08,351 [INFO] HTTP Request: POST https://xrplcluster.com "HTTP/1.1 200 OK"
2026-07-04 07:55:08,765 [INFO] HTTP Request: POST https://xrplcluster.com "HTTP/1.1 200 OK"
2026-07-04 07:55:09,375 [INFO] HTTP Request: POST https://xrplcluster.com "HTTP/1.1 200 OK"
2026-07-04 07:55:09,377 [ERROR] ✗ fit21-act exception: Request failed, amendmentBlocked: Amendment blocked, need upgrade.
2026-07-04 07:55:10,809 [INFO] HTTP Request: POST https://xrplcluster.com "HTTP/1.1 200 OK"
2026-07-04 07:55:11,218 [INFO] HTTP Request: POST https://xrplcluster.com "HTTP/1.1 200 OK"
2026-07-04 07:55:11,728 [INFO] HTTP Request: POST https://xrplcluster.com "HTTP/1.1 200 OK"
2026-07-04 07:55:12,092 [INFO] HTTP Request: POST https://xrplcluster.com "HTTP/1.1 200 OK"
2026-07-04 07:55:12,446 [INFO] HTTP Request: POST https://xrplcluster.com "HTTP/1.1 200 OK"
2026-07-04 07:55:12,855 [INFO] HTTP Request: POST https://xrplcluster.com "HTTP/1.1 200 OK"
2026-07-04 07:55:12,858 [INFO] ✓ [137/500] xrp-national-banking — tesSUCCESS
2026-07-04 07:55:14,290 [INFO] HTTP Request: POST https://xrplcluster.com "HTTP/1.1 200 OK"
2026-07-04 07:55:14,618 [INFO] HTTP Request: POST https://xrplcluster.com "HTTP/1.1 200 OK"
2026-07-04 07:55:15,007 [INFO] HTTP Request: POST https://xrplcluster.com "HTTP/1.1 200 OK"
2026-07-04 07:55:15,426 [INFO] HTTP Request: POST https://xrplcluster.com "HTTP/1.1 200 OK"
2026-07-04 07:55:15,825 [INFO] HTTP Request: POST https://xrplcluster.com "HTTP/1.1 200 OK"
2026-07-04 07:55:16,240 [INFO] HTTP Request: POST https://xrplcluster.com "HTTP/1.1 200 OK"
2026-07-04 07:55:16,246 [INFO] ✓ [138/500] xrpl-commons — tesSUCCESS
2026-07-04 07:55:17,749 [INFO] HTTP Request: POST https://xrplcluster.com "HTTP/1.1 200 OK"
2026-07-04 07:55:18,182 [INFO] HTTP Request: POST https://xrplcluster.com "HTTP/1.1 200 OK"
2026-07-04 07:55:18,592 [INFO] HTTP Request: POST https://xrplcluster.com "HTTP/1.1 200 OK"
2026-07-04 07:55:18,914 [INFO] HTTP Request: POST https://xrplcluster.com "HTTP/1.1 200 OK"
2026-07-04 07:55:19,252 [INFO] HTTP Request: POST https://xrplcluster.com "HTTP/1.1 200 OK"
2026-07-04 07:55:19,770 [INFO] HTTP Request: POST https://xrplcluster.com "HTTP/1.1 200 OK"
2026-07-04 07:55:19,772 [ERROR] ✗ ripple-usa exception: Request failed, amendmentBlocked: Amendment blocked, need upgrade.
2026-07-04 07:55:21,252 [INFO] HTTP Request: POST https://xrplcluster.com "HTTP/1.1 200 OK"
2026-07-04 07:55:21,779 [INFO] HTTP Request: POST https://xrplcluster.com "HTTP/1.1 200 OK"
2026-07-04 07:55:22,173 [INFO] HTTP Request: POST https://xrplcluster.com "HTTP/1.1 200 OK"
2026-07-04 07:55:22,583 [INFO] HTTP Request: POST https://xrplcluster.com "HTTP/1.1 200 OK"
2026-07-04 07:55:22,993 [INFO] HTTP Request: POST https://xrplcluster.com "HTTP/1.1 200 OK"
2026-07-04 07:55:23,505 [INFO] HTTP Request: POST https://xrplcluster.com "HTTP/1.1 200 OK"
2026-07-04 07:55:23,507 [INFO] ✓ [139/500] american-crypto-policy — tesSUCCESS
2026-07-04 07:55:24,939 [INFO] HTTP Request: POST https://xrplcluster.com "HTTP/1.1 200 OK"
2026-07-04 07:55:25,451 [INFO] HTTP Request: POST https://xrplcluster.com "HTTP/1.1 200 OK"
2026-07-04 07:55:25,860 [INFO] HTTP Request: POST https://xrplcluster.com "HTTP/1.1 200 OK"
2026-07-04 07:55:26,374 [INFO] HTTP Request: POST https://xrplcluster.com "HTTP/1.1 200 OK"
2026-07-04 07:55:26,782 [INFO] HTTP Request: POST https://xrplcluster.com "HTTP/1.1 200 OK"
2026-07-04 07:55:27,215 [INFO] HTTP Request: POST https://xrplcluster.com "HTTP/1.1 200 OK"
2026-07-04 07:55:27,219 [INFO] ✓ [140/500] defi-usa — tesSUCCESS
2026-07-04 07:55:28,628 [INFO] HTTP Request: POST https://xrplcluster.com "HTTP/1.1 200 OK"
2026-07-04 07:55:28,962 [INFO] HTTP Request: POST https://xrplcluster.com "HTTP/1.1 200 OK"
2026-07-04 07:55:29,378 [INFO] HTTP Request: POST https://xrplcluster.com "HTTP/1.1 200 OK"
2026-07-04 07:55:29,856 [INFO] HTTP Request: POST https://xrplcluster.com "HTTP/1.1 200 OK"
2026-07-04 07:55:30,178 [INFO] HTTP Request: POST https://xrplcluster.com "HTTP/1.1 200 OK"
2026-07-04 07:55:30,674 [INFO] HTTP Request: POST https://xrplcluster.com "HTTP/1.1 200 OK"
2026-07-04 07:55:30,676 [INFO] ✓ [141/500] nft-market-usa — tesSUCCESS
2026-07-04 07:55:32,108 [INFO] HTTP Request: POST https://xrplcluster.com "HTTP/1.1 200 OK"
2026-07-04 07:55:32,632 [INFO] HTTP Request: POST https://xrplcluster.com "HTTP/1.1 200 OK"
2026-07-04 07:55:33,067 [INFO] HTTP Request: POST https://xrplcluster.com "HTTP/1.1 200 OK"
2026-07-04 07:55:33,464 [INFO] HTTP Request: POST https://xrplcluster.com "HTTP/1.1 200 OK"
2026-07-04 07:55:33,867 [INFO] HTTP Request: POST https://xrplcluster.com "HTTP/1.1 200 OK"
2026-07-04 07:55:34,209 [INFO] HTTP Request: POST https://xrplcluster.com "HTTP/1.1 200 OK"
2026-07-04 07:55:34,211 [INFO] ✓ [142/500] blockchain-usa — tesSUCCESS
2026-07-04 07:55:35,748 [INFO] HTTP Request: POST https://xrplcluster.com "HTTP/1.1 200 OK"
2026-07-04 07:55:35,751 [ERROR] ✗ crypto-strategic-reserve exception: Request failed, amendmentBlocked: Amendment blocked, need upgrade.
2026-07-04 07:55:37,080 [INFO] HTTP Request: POST https://xrplcluster.com "HTTP/1.1 200 OK"
2026-07-04 07:55:37,536 [INFO] HTTP Request: POST https://xrplcluster.com "HTTP/1.1 200 OK"
2026-07-04 07:55:37,865 [INFO] HTTP Request: POST https://xrplcluster.com "HTTP/1.1 200 OK"
2026-07-04 07:55:38,180 [INFO] HTTP Request: POST https://xrplcluster.com "HTTP/1.1 200 OK"
2026-07-04 07:55:38,662 [INFO] HTTP Request: POST https://xrplcluster.com "HTTP/1.1 200 OK"
2026-07-04 07:55:39,073 [INFO] HTTP Request: POST https://xrplcluster.com "HTTP/1.1 200 OK"
2026-07-04 07:55:39,075 [INFO] ✓ [143/500] digital-dollar — tesSUCCESS
2026-07-04 07:55:40,661 [INFO] HTTP Request: POST https://xrplcluster.com "HTTP/1.1 200 OK"
2026-07-04 07:55:40,663 [ERROR] ✗ stablecoin-regulation exception: Request failed, amendmentBlocked: Amendment blocked, need upgrade.
2026-07-04 07:55:42,142 [INFO] HTTP Request: POST https://xrplcluster.com "HTTP/1.1 200 OK"
2026-07-04 07:55:42,552 [INFO] HTTP Request: POST https://xrplcluster.com "HTTP/1.1 200 OK"
2026-07-04 07:55:43,064 [INFO] HTTP Request: POST https://xrplcluster.com "HTTP/1.1 200 OK"
2026-07-04 07:55:43,576 [INFO] HTTP Request: POST https://xrplcluster.com "HTTP/1.1 200 OK"
2026-07-04 07:55:43,935 [INFO] HTTP Request: POST https://xrplcluster.com "HTTP/1.1 200 OK"
2026-07-04 07:55:44,396 [INFO] HTTP Request: POST https://xrplcluster.com "HTTP/1.1 200 OK"
2026-07-04 07:55:44,398 [INFO] ✓ [144/500] american-fintech — tesSUCCESS
2026-07-04 07:55:46,034 [INFO] HTTP Request: POST https://xrplcluster.com "HTTP/1.1 200 OK"
2026-07-04 07:55:46,036 [ERROR] ✗ agentiscript-genesis exception: Request failed, amendmentBlocked: Amendment blocked, need upgrade.
2026-07-04 07:55:47,467 [INFO] HTTP Request: POST https://xrplcluster.com "HTTP/1.1 200 OK"
2026-07-04 07:55:47,979 [INFO] HTTP Request: POST https://xrplcluster.com "HTTP/1.1 200 OK"
2026-07-04 07:55:48,490 [INFO] HTTP Request: POST https://xrplcluster.com "HTTP/1.1 200 OK"
2026-07-04 07:55:48,900 [INFO] HTTP Request: POST https://xrplcluster.com "HTTP/1.1 200 OK"
2026-07-04 07:55:49,243 [INFO] HTTP Request: POST https://xrplcluster.com "HTTP/1.1 200 OK"
2026-07-04 07:55:49,719 [INFO] HTTP Request: POST https://xrplcluster.com "HTTP/1.1 200 OK"
2026-07-04 07:55:49,722 [INFO] ✓ [145/500] agentic-economy-usa — tesSUCCESS
2026-07-04 07:55:51,154 [INFO] HTTP Request: POST https://xrplcluster.com "HTTP/1.1 200 OK"
2026-07-04 07:55:51,565 [INFO] HTTP Request: POST https://xrplcluster.com "HTTP/1.1 200 OK"
2026-07-04 07:55:51,973 [INFO] HTTP Request: POST https://xrplcluster.com "HTTP/1.1 200 OK"
2026-07-04 07:55:52,385 [INFO] HTTP Request: POST https://xrplcluster.com "HTTP/1.1 200 OK"
2026-07-04 07:55:52,998 [INFO] HTTP Request: POST https://xrplcluster.com "HTTP/1.1 200 OK"
2026-07-04 07:55:53,407 [INFO] HTTP Request: POST https://xrplcluster.com "HTTP/1.1 200 OK"
2026-07-04 07:55:53,410 [INFO] ✓ [146/500] american-military — tesSUCCESS
2026-07-04 07:55:54,840 [INFO] HTTP Request: POST https://xrplcluster.com "HTTP/1.1 200 OK"
2026-07-04 07:55:55,352 [INFO] HTTP Request: POST https://xrplcluster.com "HTTP/1.1 200 OK"
2026-07-04 07:55:55,766 [INFO] HTTP Request: POST https://xrplcluster.com "HTTP/1.1 200 OK"
2026-07-04 07:55:56,171 [INFO] HTTP Request: POST https://xrplcluster.com "HTTP/1.1 200 OK"
2026-07-04 07:55:56,701 [INFO] HTTP Request: POST https://xrplcluster.com "HTTP/1.1 200 OK"
2026-07-04 07:55:57,129 [INFO] HTTP Request: POST https://xrplcluster.com "HTTP/1.1 200 OK"
2026-07-04 07:55:57,132 [INFO] ✓ [147/500] us-navy — tesSUCCESS
2026-07-04 07:55:58,630 [INFO] HTTP Request: POST https://xrplcluster.com "HTTP/1.1 200 OK"
2026-07-04 07:55:59,040 [INFO] HTTP Request: POST https://xrplcluster.com "HTTP/1.1 200 OK"
2026-07-04 07:55:59,483 [INFO] HTTP Request: POST https://xrplcluster.com "HTTP/1.1 200 OK"
2026-07-04 07:55:59,857 [INFO] HTTP Request: POST https://xrplcluster.com "HTTP/1.1 200 OK"
2026-07-04 07:56:00,190 [INFO] HTTP Request: POST https://xrplcluster.com "HTTP/1.1 200 OK"
2026-07-04 07:56:00,718 [INFO] HTTP Request: POST https://xrplcluster.com "HTTP/1.1 200 OK"
2026-07-04 07:56:00,720 [ERROR] ✗ us-army exception: Request failed, amendmentBlocked: Amendment blocked, need upgrade.
2026-07-04 07:56:02,054 [INFO] HTTP Request: POST https://xrplcluster.com "HTTP/1.1 200 OK"
2026-07-04 07:56:02,473 [INFO] HTTP Request: POST https://xrplcluster.com "HTTP/1.1 200 OK"
2026-07-04 07:56:03,034 [INFO] HTTP Request: POST https://xrplcluster.com "HTTP/1.1 200 OK"
2026-07-04 07:56:03,442 [INFO] HTTP Request: POST https://xrplcluster.com "HTTP/1.1 200 OK"
2026-07-04 07:56:03,954 [INFO] HTTP Request: POST https://xrplcluster.com "HTTP/1.1 200 OK"
2026-07-04 07:56:04,568 [INFO] HTTP Request: POST https://xrplcluster.com "HTTP/1.1 200 OK"
2026-07-04 07:56:04,570 [ERROR] ✗ us-air-force exception: Request failed, amendmentBlocked: Amendment blocked, need upgrade.
2026-07-04 07:56:06,002 [INFO] HTTP Request: POST https://xrplcluster.com "HTTP/1.1 200 OK"
2026-07-04 07:56:06,411 [INFO] HTTP Request: POST https://xrplcluster.com "HTTP/1.1 200 OK"
2026-07-04 07:56:06,753 [INFO] HTTP Request: POST https://xrplcluster.com "HTTP/1.1 200 OK"
2026-07-04 07:56:07,130 [INFO] HTTP Request: POST https://xrplcluster.com "HTTP/1.1 200 OK"
2026-07-04 07:56:07,538 [INFO] HTTP Request: POST https://xrplcluster.com "HTTP/1.1 200 OK"
2026-07-04 07:56:08,051 [INFO] HTTP Request: POST https://xrplcluster.com "HTTP/1.1 200 OK"
2026-07-04 07:56:08,053 [INFO] ✓ [148/500] us-marines — tesSUCCESS
2026-07-04 07:56:09,483 [INFO] HTTP Request: POST https://xrplcluster.com "HTTP/1.1 200 OK"
2026-07-04 07:56:09,893 [INFO] HTTP Request: POST https://xrplcluster.com "HTTP/1.1 200 OK"
2026-07-04 07:56:10,303 [INFO] HTTP Request: POST https://xrplcluster.com "HTTP/1.1 200 OK"
2026-07-04 07:56:10,634 [INFO] HTTP Request: POST https://xrplcluster.com "HTTP/1.1 200 OK"
2026-07-04 07:56:11,057 [INFO] HTTP Request: POST https://xrplcluster.com "HTTP/1.1 200 OK"
2026-07-04 07:56:11,431 [INFO] HTTP Request: POST https://xrplcluster.com "HTTP/1.1 200 OK"
2026-07-04 07:56:11,433 [INFO] ✓ [149/500] us-coast-guard — tesSUCCESS
2026-07-04 07:56:12,862 [INFO] HTTP Request: POST https://xrplcluster.com "HTTP/1.1 200 OK"
2026-07-04 07:56:13,375 [INFO] HTTP Request: POST https://xrplcluster.com "HTTP/1.1 200 OK"
2026-07-04 07:56:13,784 [INFO] HTTP Request: POST https://xrplcluster.com "HTTP/1.1 200 OK"
2026-07-04 07:56:14,296 [INFO] HTTP Request: POST https://xrplcluster.com "HTTP/1.1 200 OK"
2026-07-04 07:56:14,807 [INFO] HTTP Request: POST https://xrplcluster.com "HTTP/1.1 200 OK"
2026-07-04 07:56:15,218 [INFO] HTTP Request: POST https://xrplcluster.com "HTTP/1.1 200 OK"
2026-07-04 07:56:15,220 [INFO] ✓ [150/500] memorial-day — tesSUCCESS
2026-07-04 07:56:16,857 [INFO] HTTP Request: POST https://xrplcluster.com "HTTP/1.1 200 OK"
2026-07-04 07:56:16,859 [ERROR] ✗ veterans-day exception: Request failed, amendmentBlocked: Amendment blocked, need upgrade.
2026-07-04 07:56:18,495 [INFO] HTTP Request: POST https://xrplcluster.com "HTTP/1.1 200 OK"
2026-07-04 07:56:18,497 [ERROR] ✗ apollo-11 exception: Request failed, amendmentBlocked: Amendment blocked, need upgrade.
2026-07-04 07:56:19,928 [INFO] HTTP Request: POST https://xrplcluster.com "HTTP/1.1 200 OK"
2026-07-04 07:56:20,274 [INFO] HTTP Request: POST https://xrplcluster.com "HTTP/1.1 200 OK"
2026-07-04 07:56:20,747 [INFO] HTTP Request: POST https://xrplcluster.com "HTTP/1.1 200 OK"
2026-07-04 07:56:21,150 [INFO] HTTP Request: POST https://xrplcluster.com "HTTP/1.1 200 OK"
2026-07-04 07:56:21,771 [INFO] HTTP Request: POST https://xrplcluster.com "HTTP/1.1 200 OK"
2026-07-04 07:56:22,283 [INFO] HTTP Request: POST https://xrplcluster.com "HTTP/1.1 200 OK"
2026-07-04 07:56:22,285 [INFO] ✓ [151/500] manifest-destiny — tesSUCCESS
2026-07-04 07:56:23,717 [INFO] HTTP Request: POST https://xrplcluster.com "HTTP/1.1 200 OK"
2026-07-04 07:56:24,229 [INFO] HTTP Request: POST https://xrplcluster.com "HTTP/1.1 200 OK"
2026-07-04 07:56:24,639 [INFO] HTTP Request: POST https://xrplcluster.com "HTTP/1.1 200 OK"
2026-07-04 07:56:25,253 [INFO] HTTP Request: POST https://xrplcluster.com "HTTP/1.1 200 OK"
2026-07-04 07:56:25,255 [ERROR] ✗ louisiana-purchase exception: Request failed, amendmentBlocked: Amendment blocked, need upgrade.
2026-07-04 07:56:26,686 [INFO] HTTP Request: POST https://xrplcluster.com "HTTP/1.1 200 OK"
2026-07-04 07:56:27,096 [INFO] HTTP Request: POST https://xrplcluster.com "HTTP/1.1 200 OK"
2026-07-04 07:56:27,505 [INFO] HTTP Request: POST https://xrplcluster.com "HTTP/1.1 200 OK"
2026-07-04 07:56:27,916 [INFO] HTTP Request: POST https://xrplcluster.com "HTTP/1.1 200 OK"
2026-07-04 07:56:28,324 [INFO] HTTP Request: POST https://xrplcluster.com "HTTP/1.1 200 OK"
2026-07-04 07:56:28,735 [INFO] HTTP Request: POST https://xrplcluster.com "HTTP/1.1 200 OK"
2026-07-04 07:56:28,737 [INFO] ✓ [152/500] american-civil-war — tesSUCCESS
2026-07-04 07:56:30,169 [INFO] HTTP Request: POST https://xrplcluster.com "HTTP/1.1 200 OK"
2026-07-04 07:56:30,578 [INFO] HTTP Request: POST https://xrplcluster.com "HTTP/1.1 200 OK"
2026-07-04 07:56:30,987 [INFO] HTTP Request: POST https://xrplcluster.com "HTTP/1.1 200 OK"
2026-07-04 07:56:31,397 [INFO] HTTP Request: POST https://xrplcluster.com "HTTP/1.1 200 OK"
2026-07-04 07:56:31,749 [INFO] HTTP Request: POST https://xrplcluster.com "HTTP/1.1 200 OK"
2026-07-04 07:56:32,216 [INFO] HTTP Request: POST https://xrplcluster.com "HTTP/1.1 200 OK"
2026-07-04 07:56:32,218 [INFO] ✓ [153/500] world-war-one-usa — tesSUCCESS
2026-07-04 07:56:33,649 [INFO] HTTP Request: POST https://xrplcluster.com "HTTP/1.1 200 OK"
2026-07-04 07:56:34,162 [INFO] HTTP Request: POST https://xrplcluster.com "HTTP/1.1 200 OK"
2026-07-04 07:56:34,775 [INFO] HTTP Request: POST https://xrplcluster.com "HTTP/1.1 200 OK"
2026-07-04 07:56:35,288 [INFO] HTTP Request: POST https://xrplcluster.com "HTTP/1.1 200 OK"
2026-07-04 07:56:35,700 [INFO] HTTP Request: POST https://xrplcluster.com "HTTP/1.1 200 OK"
2026-07-04 07:56:36,210 [INFO] HTTP Request: POST https://xrplcluster.com "HTTP/1.1 200 OK"
2026-07-04 07:56:36,212 [INFO] ✓ [154/500] world-war-two-usa — tesSUCCESS
2026-07-04 07:56:37,644 [INFO] HTTP Request: POST https://xrplcluster.com "HTTP/1.1 200 OK"
2026-07-04 07:56:38,067 [INFO] HTTP Request: POST https://xrplcluster.com "HTTP/1.1 200 OK"
2026-07-04 07:56:38,463 [INFO] HTTP Request: POST https://xrplcluster.com "HTTP/1.1 200 OK"
2026-07-04 07:56:38,874 [INFO] HTTP Request: POST https://xrplcluster.com "HTTP/1.1 200 OK"
2026-07-04 07:56:39,285 [INFO] HTTP Request: POST https://xrplcluster.com "HTTP/1.1 200 OK"
2026-07-04 07:56:39,794 [INFO] HTTP Request: POST https://xrplcluster.com "HTTP/1.1 200 OK"
2026-07-04 07:56:39,796 [INFO] ✓ [155/500] cold-war-usa — tesSUCCESS
2026-07-04 07:56:41,133 [INFO] HTTP Request: POST https://xrplcluster.com "HTTP/1.1 200 OK"
2026-07-04 07:56:41,637 [INFO] HTTP Request: POST https://xrplcluster.com "HTTP/1.1 200 OK"
2026-07-04 07:56:42,149 [INFO] HTTP Request: POST https://xrplcluster.com "HTTP/1.1 200 OK"
2026-07-04 07:56:42,558 [INFO] HTTP Request: POST https://xrplcluster.com "HTTP/1.1 200 OK"
2026-07-04 07:56:43,071 [INFO] HTTP Request: POST https://xrplcluster.com "HTTP/1.1 200 OK"
2026-07-04 07:56:43,435 [INFO] HTTP Request: POST https://xrplcluster.com "HTTP/1.1 200 OK"
2026-07-04 07:56:43,437 [INFO] ✓ [156/500] american-space-race — tesSUCCESS
2026-07-04 07:56:44,811 [INFO] HTTP Request: POST https://xrplcluster.com "HTTP/1.1 200 OK"
2026-07-04 07:56:45,221 [INFO] HTTP Request: POST https://xrplcluster.com "HTTP/1.1 200 OK"
2026-07-04 07:56:45,734 [INFO] HTTP Request: POST https://xrplcluster.com "HTTP/1.1 200 OK"
2026-07-04 07:56:46,245 [INFO] HTTP Request: POST https://xrplcluster.com "HTTP/1.1 200 OK"
2026-07-04 07:56:46,655 [INFO] HTTP Request: POST https://xrplcluster.com "HTTP/1.1 200 OK"
2026-07-04 07:56:47,168 [INFO] HTTP Request: POST https://xrplcluster.com "HTTP/1.1 200 OK"
2026-07-04 07:56:47,171 [INFO] ✓ [157/500] american-west — tesSUCCESS
2026-07-04 07:56:48,600 [INFO] HTTP Request: POST https://xrplcluster.com "HTTP/1.1 200 OK"
2026-07-04 07:56:49,215 [INFO] HTTP Request: POST https://xrplcluster.com "HTTP/1.1 200 OK"
2026-07-04 07:56:49,819 [INFO] HTTP Request: POST https://xrplcluster.com "HTTP/1.1 200 OK"
2026-07-04 07:56:50,241 [INFO] HTTP Request: POST https://xrplcluster.com "HTTP/1.1 200 OK"
2026-07-04 07:56:50,613 [INFO] HTTP Request: POST https://xrplcluster.com "HTTP/1.1 200 OK"
2026-07-04 07:56:50,957 [INFO] HTTP Request: POST https://xrplcluster.com "HTTP/1.1 200 OK"
2026-07-04 07:56:50,960 [INFO] ✓ [158/500] route-66 — tesSUCCESS
2026-07-04 07:56:52,492 [INFO] HTTP Request: POST https://xrplcluster.com "HTTP/1.1 200 OK"
2026-07-04 07:56:52,494 [ERROR] ✗ american-railroad exception: Request failed, amendmentBlocked: Amendment blocked, need upgrade.
2026-07-04 07:56:53,847 [INFO] HTTP Request: POST https://xrplcluster.com "HTTP/1.1 200 OK"
2026-07-04 07:56:54,335 [INFO] HTTP Request: POST https://xrplcluster.com "HTTP/1.1 200 OK"
2026-07-04 07:56:54,671 [INFO] HTTP Request: POST https://xrplcluster.com "HTTP/1.1 200 OK"
2026-07-04 07:56:55,054 [INFO] HTTP Request: POST https://xrplcluster.com "HTTP/1.1 200 OK"
2026-07-04 07:56:55,564 [INFO] HTTP Request: POST https://xrplcluster.com "HTTP/1.1 200 OK"
2026-07-04 07:56:55,973 [INFO] HTTP Request: POST https://xrplcluster.com "HTTP/1.1 200 OK"
2026-07-04 07:56:55,976 [INFO] ✓ [159/500] panama-canal-usa — tesSUCCESS
2026-07-04 07:56:57,511 [INFO] HTTP Request: POST https://xrplcluster.com "HTTP/1.1 200 OK"
2026-07-04 07:56:57,513 [ERROR] ✗ american-nuclear-age exception: Request failed, amendmentBlocked: Amendment blocked, need upgrade.
2026-07-04 07:56:59,149 [INFO] HTTP Request: POST https://xrplcluster.com "HTTP/1.1 200 OK"
2026-07-04 07:56:59,151 [ERROR] ✗ bitcoin-strategic-reserve exception: Request failed, amendmentBlocked: Amendment blocked, need upgrade.
2026-07-04 07:57:00,581 [INFO] HTTP Request: POST https://xrplcluster.com "HTTP/1.1 200 OK"
2026-07-04 07:57:01,198 [INFO] HTTP Request: POST https://xrplcluster.com "HTTP/1.1 200 OK"
2026-07-04 07:57:01,537 [INFO] HTTP Request: POST https://xrplcluster.com "HTTP/1.1 200 OK"
2026-07-04 07:57:02,119 [INFO] HTTP Request: POST https://xrplcluster.com "HTTP/1.1 200 OK"
2026-07-04 07:57:02,120 [ERROR] ✗ ethereum-strategic-reserve exception: Request failed, amendmentBlocked: Amendment blocked, need upgrade.
2026-07-04 07:57:03,622 [INFO] HTTP Request: POST https://xrplcluster.com "HTTP/1.1 200 OK"
2026-07-04 07:57:04,063 [INFO] HTTP Request: POST https://xrplcluster.com "HTTP/1.1 200 OK"
2026-07-04 07:57:04,473 [INFO] HTTP Request: POST https://xrplcluster.com "HTTP/1.1 200 OK"
2026-07-04 07:57:04,985 [INFO] HTTP Request: POST https://xrplcluster.com "HTTP/1.1 200 OK"
2026-07-04 07:57:05,497 [INFO] HTTP Request: POST https://xrplcluster.com "HTTP/1.1 200 OK"
2026-07-04 07:57:05,950 [INFO] HTTP Request: POST https://xrplcluster.com "HTTP/1.1 200 OK"
2026-07-04 07:57:05,952 [INFO] ✓ [160/500] solana-strategic-reserve — tesSUCCESS
2026-07-04 07:57:07,341 [INFO] HTTP Request: POST https://xrplcluster.com "HTTP/1.1 200 OK"
2026-07-04 07:57:07,750 [INFO] HTTP Request: POST https://xrplcluster.com "HTTP/1.1 200 OK"
2026-07-04 07:57:08,159 [INFO] HTTP Request: POST https://xrplcluster.com "HTTP/1.1 200 OK"
2026-07-04 07:57:08,687 [INFO] HTTP Request: POST https://xrplcluster.com "HTTP/1.1 200 OK"
2026-07-04 07:57:08,693 [ERROR] ✗ cardano-strategic-reserve exception: Request failed, amendmentBlocked: Amendment blocked, need upgrade.
2026-07-04 07:57:10,034 [INFO] HTTP Request: POST https://xrplcluster.com "HTTP/1.1 200 OK"
2026-07-04 07:57:10,414 [INFO] HTTP Request: POST https://xrplcluster.com "HTTP/1.1 200 OK"
2026-07-04 07:57:10,926 [INFO] HTTP Request: POST https://xrplcluster.com "HTTP/1.1 200 OK"
2026-07-04 07:57:11,343 [INFO] HTTP Request: POST https://xrplcluster.com "HTTP/1.1 200 OK"
2026-07-04 07:57:11,848 [INFO] HTTP Request: POST https://xrplcluster.com "HTTP/1.1 200 OK"
2026-07-04 07:57:12,358 [INFO] HTTP Request: POST https://xrplcluster.com "HTTP/1.1 200 OK"
2026-07-04 07:57:12,362 [INFO] ✓ [161/500] xrp-strategic-reserve — tesSUCCESS
2026-07-04 07:57:13,895 [INFO] HTTP Request: POST https://xrplcluster.com "HTTP/1.1 200 OK"
2026-07-04 07:57:13,899 [ERROR] ✗ american-flag exception: Request failed, amendmentBlocked: Amendment blocked, need upgrade.
2026-07-04 07:57:15,327 [INFO] HTTP Request: POST https://xrplcluster.com "HTTP/1.1 200 OK"
2026-07-04 07:57:15,736 [INFO] HTTP Request: POST https://xrplcluster.com "HTTP/1.1 200 OK"
2026-07-04 07:57:16,250 [INFO] HTTP Request: POST https://xrplcluster.com "HTTP/1.1 200 OK"
2026-07-04 07:57:16,658 [INFO] HTTP Request: POST https://xrplcluster.com "HTTP/1.1 200 OK"
2026-07-04 07:57:17,068 [INFO] HTTP Request: POST https://xrplcluster.com "HTTP/1.1 200 OK"
2026-07-04 07:57:17,479 [INFO] HTTP Request: POST https://xrplcluster.com "HTTP/1.1 200 OK"
2026-07-04 07:57:17,482 [INFO] ✓ [162/500] statue-of-freedom — tesSUCCESS
2026-07-04 07:57:19,093 [INFO] HTTP Request: POST https://xrplcluster.com "HTTP/1.1 200 OK"
2026-07-04 07:57:19,095 [ERROR] ✗ gulf-of-america exception: Request failed, amendmentBlocked: Amendment blocked, need upgrade.
2026-07-04 07:57:20,552 [INFO] HTTP Request: POST https://xrplcluster.com "HTTP/1.1 200 OK"
2026-07-04 07:57:21,065 [INFO] HTTP Request: POST https://xrplcluster.com "HTTP/1.1 200 OK"
2026-07-04 07:57:21,574 [INFO] HTTP Request: POST https://xrplcluster.com "HTTP/1.1 200 OK"
2026-07-04 07:57:21,981 [INFO] HTTP Request: POST https://xrplcluster.com "HTTP/1.1 200 OK"
2026-07-04 07:57:22,602 [INFO] HTTP Request: POST https://xrplcluster.com "HTTP/1.1 200 OK"
2026-07-04 07:57:23,110 [INFO] HTTP Request: POST https://xrplcluster.com "HTTP/1.1 200 OK"
2026-07-04 07:57:23,112 [INFO] ✓ [163/500] air-force-one — tesSUCCESS
2026-07-04 07:57:24,556 [INFO] HTTP Request: POST https://xrplcluster.com "HTTP/1.1 200 OK"
2026-07-04 07:57:25,065 [INFO] HTTP Request: POST https://xrplcluster.com "HTTP/1.1 200 OK"
2026-07-04 07:57:25,573 [INFO] HTTP Request: POST https://xrplcluster.com "HTTP/1.1 200 OK"
2026-07-04 07:57:25,974 [INFO] HTTP Request: POST https://xrplcluster.com "HTTP/1.1 200 OK"
2026-07-04 07:57:26,388 [INFO] HTTP Request: POST https://xrplcluster.com "HTTP/1.1 200 OK"
2026-07-04 07:57:26,795 [INFO] HTTP Request: POST https://xrplcluster.com "HTTP/1.1 200 OK"
2026-07-04 07:57:26,797 [INFO] ✓ [164/500] world-cup-usa-2026 — tesSUCCESS
2026-07-04 07:57:28,233 [INFO] HTTP Request: POST https://xrplcluster.com "HTTP/1.1 200 OK"
2026-07-04 07:57:28,744 [INFO] HTTP Request: POST https://xrplcluster.com "HTTP/1.1 200 OK"
2026-07-04 07:57:29,151 [INFO] HTTP Request: POST https://xrplcluster.com "HTTP/1.1 200 OK"
2026-07-04 07:57:29,562 [INFO] HTTP Request: POST https://xrplcluster.com "HTTP/1.1 200 OK"
2026-07-04 07:57:29,970 [INFO] HTTP Request: POST https://xrplcluster.com "HTTP/1.1 200 OK"
2026-07-04 07:57:30,381 [INFO] HTTP Request: POST https://xrplcluster.com "HTTP/1.1 200 OK"
2026-07-04 07:57:30,383 [INFO] ✓ [165/500] new-york-city — tesSUCCESS
2026-07-04 07:57:31,813 [INFO] HTTP Request: POST https://xrplcluster.com "HTTP/1.1 200 OK"
2026-07-04 07:57:32,223 [INFO] HTTP Request: POST https://xrplcluster.com "HTTP/1.1 200 OK"
2026-07-04 07:57:32,736 [INFO] HTTP Request: POST https://xrplcluster.com "HTTP/1.1 200 OK"
2026-07-04 07:57:33,145 [INFO] HTTP Request: POST https://xrplcluster.com "HTTP/1.1 200 OK"
2026-07-04 07:57:33,657 [INFO] HTTP Request: POST https://xrplcluster.com "HTTP/1.1 200 OK"
2026-07-04 07:57:34,169 [INFO] HTTP Request: POST https://xrplcluster.com "HTTP/1.1 200 OK"
2026-07-04 07:57:34,170 [INFO] ✓ [166/500] los-angeles — tesSUCCESS
2026-07-04 07:57:35,602 [INFO] HTTP Request: POST https://xrplcluster.com "HTTP/1.1 200 OK"
2026-07-04 07:57:36,217 [INFO] HTTP Request: POST https://xrplcluster.com "HTTP/1.1 200 OK"
2026-07-04 07:57:36,627 [INFO] HTTP Request: POST https://xrplcluster.com "HTTP/1.1 200 OK"
2026-07-04 07:57:37,138 [INFO] HTTP Request: POST https://xrplcluster.com "HTTP/1.1 200 OK"
2026-07-04 07:57:37,633 [INFO] HTTP Request: POST https://xrplcluster.com "HTTP/1.1 200 OK"
2026-07-04 07:57:38,062 [INFO] HTTP Request: POST https://xrplcluster.com "HTTP/1.1 200 OK"
2026-07-04 07:57:38,064 [INFO] ✓ [167/500] chicago — tesSUCCESS
2026-07-04 07:57:39,494 [INFO] HTTP Request: POST https://xrplcluster.com "HTTP/1.1 200 OK"
2026-07-04 07:57:40,108 [INFO] HTTP Request: POST https://xrplcluster.com "HTTP/1.1 200 OK"
2026-07-04 07:57:40,519 [INFO] HTTP Request: POST https://xrplcluster.com "HTTP/1.1 200 OK"
2026-07-04 07:57:40,928 [INFO] HTTP Request: POST https://xrplcluster.com "HTTP/1.1 200 OK"
2026-07-04 07:57:41,440 [INFO] HTTP Request: POST https://xrplcluster.com "HTTP/1.1 200 OK"
2026-07-04 07:57:41,885 [INFO] HTTP Request: POST https://xrplcluster.com "HTTP/1.1 200 OK"
2026-07-04 07:57:41,887 [INFO] ✓ [168/500] houston — tesSUCCESS
2026-07-04 07:57:43,384 [INFO] HTTP Request: POST https://xrplcluster.com "HTTP/1.1 200 OK"
2026-07-04 07:57:43,794 [INFO] HTTP Request: POST https://xrplcluster.com "HTTP/1.1 200 OK"
2026-07-04 07:57:44,412 [INFO] HTTP Request: POST https://xrplcluster.com "HTTP/1.1 200 OK"
2026-07-04 07:57:44,922 [INFO] HTTP Request: POST https://xrplcluster.com "HTTP/1.1 200 OK"
2026-07-04 07:57:45,433 [INFO] HTTP Request: POST https://xrplcluster.com "HTTP/1.1 200 OK"
2026-07-04 07:57:45,842 [INFO] HTTP Request: POST https://xrplcluster.com "HTTP/1.1 200 OK"
2026-07-04 07:57:45,846 [INFO] ✓ [169/500] phoenix — tesSUCCESS
2026-07-04 07:57:47,277 [INFO] HTTP Request: POST https://xrplcluster.com "HTTP/1.1 200 OK"
2026-07-04 07:57:47,790 [INFO] HTTP Request: POST https://xrplcluster.com "HTTP/1.1 200 OK"
2026-07-04 07:57:48,300 [INFO] HTTP Request: POST https://xrplcluster.com "HTTP/1.1 200 OK"
2026-07-04 07:57:48,710 [INFO] HTTP Request: POST https://xrplcluster.com "HTTP/1.1 200 OK"
2026-07-04 07:57:49,119 [INFO] HTTP Request: POST https://xrplcluster.com "HTTP/1.1 200 OK"
2026-07-04 07:57:49,734 [INFO] HTTP Request: POST https://xrplcluster.com "HTTP/1.1 200 OK"
2026-07-04 07:57:49,736 [ERROR] ✗ philadelphia exception: Request failed, amendmentBlocked: Amendment blocked, need upgrade.
2026-07-04 07:57:51,077 [INFO] HTTP Request: POST https://xrplcluster.com "HTTP/1.1 200 OK"
2026-07-04 07:57:51,480 [INFO] HTTP Request: POST https://xrplcluster.com "HTTP/1.1 200 OK"
2026-07-04 07:57:51,987 [INFO] HTTP Request: POST https://xrplcluster.com "HTTP/1.1 200 OK"
2026-07-04 07:57:52,601 [INFO] HTTP Request: POST https://xrplcluster.com "HTTP/1.1 200 OK"
2026-07-04 07:57:52,603 [ERROR] ✗ san-antonio exception: Request failed, amendmentBlocked: Amendment blocked, need upgrade.
2026-07-04 07:57:54,008 [INFO] HTTP Request: POST https://xrplcluster.com "HTTP/1.1 200 OK"
2026-07-04 07:57:54,628 [INFO] HTTP Request: POST https://xrplcluster.com "HTTP/1.1 200 OK"
2026-07-04 07:57:55,133 [INFO] HTTP Request: POST https://xrplcluster.com "HTTP/1.1 200 OK"
2026-07-04 07:57:55,585 [INFO] HTTP Request: POST https://xrplcluster.com "HTTP/1.1 200 OK"
2026-07-04 07:57:56,039 [INFO] HTTP Request: POST https://xrplcluster.com "HTTP/1.1 200 OK"
2026-07-04 07:57:56,495 [INFO] HTTP Request: POST https://xrplcluster.com "HTTP/1.1 200 OK"
2026-07-04 07:57:56,500 [INFO] ✓ [170/500] san-diego — tesSUCCESS
2026-07-04 07:57:57,957 [INFO] HTTP Request: POST https://xrplcluster.com "HTTP/1.1 200 OK"
2026-07-04 07:57:58,323 [INFO] HTTP Request: POST https://xrplcluster.com "HTTP/1.1 200 OK"
2026-07-04 07:57:58,886 [INFO] HTTP Request: POST https://xrplcluster.com "HTTP/1.1 200 OK"
2026-07-04 07:57:59,316 [INFO] HTTP Request: POST https://xrplcluster.com "HTTP/1.1 200 OK"
2026-07-04 07:57:59,681 [INFO] HTTP Request: POST https://xrplcluster.com "HTTP/1.1 200 OK"
2026-07-04 07:58:00,272 [INFO] HTTP Request: POST https://xrplcluster.com "HTTP/1.1 200 OK"
2026-07-04 07:58:00,274 [ERROR] ✗ dallas exception: Request failed, amendmentBlocked: Amendment blocked, need upgrade.
2026-07-04 07:58:01,845 [INFO] HTTP Request: POST https://xrplcluster.com "HTTP/1.1 200 OK"
2026-07-04 07:58:01,848 [ERROR] ✗ jacksonville exception: Request failed, amendmentBlocked: Amendment blocked, need upgrade.
2026-07-04 07:58:03,420 [INFO] HTTP Request: POST https://xrplcluster.com "HTTP/1.1 200 OK"
2026-07-04 07:58:03,424 [ERROR] ✗ austin exception: Request failed, amendmentBlocked: Amendment blocked, need upgrade.
2026-07-04 07:58:04,785 [INFO] HTTP Request: POST https://xrplcluster.com "HTTP/1.1 200 OK"
2026-07-04 07:58:05,224 [INFO] HTTP Request: POST https://xrplcluster.com "HTTP/1.1 200 OK"
2026-07-04 07:58:05,670 [INFO] HTTP Request: POST https://xrplcluster.com "HTTP/1.1 200 OK"
2026-07-04 07:58:06,093 [INFO] HTTP Request: POST https://xrplcluster.com "HTTP/1.1 200 OK"
2026-07-04 07:58:06,459 [INFO] HTTP Request: POST https://xrplcluster.com "HTTP/1.1 200 OK"
2026-07-04 07:58:06,885 [INFO] HTTP Request: POST https://xrplcluster.com "HTTP/1.1 200 OK"
2026-07-04 07:58:06,888 [INFO] ✓ [171/500] san-jose — tesSUCCESS
2026-07-04 07:58:08,323 [INFO] HTTP Request: POST https://xrplcluster.com "HTTP/1.1 200 OK"
2026-07-04 07:58:08,754 [INFO] HTTP Request: POST https://xrplcluster.com "HTTP/1.1 200 OK"
2026-07-04 07:58:09,103 [INFO] HTTP Request: POST https://xrplcluster.com "HTTP/1.1 200 OK"
2026-07-04 07:58:09,511 [INFO] HTTP Request: POST https://xrplcluster.com "HTTP/1.1 200 OK"
2026-07-04 07:58:09,945 [INFO] HTTP Request: POST https://xrplcluster.com "HTTP/1.1 200 OK"
2026-07-04 07:58:10,494 [INFO] HTTP Request: POST https://xrplcluster.com "HTTP/1.1 200 OK"
2026-07-04 07:58:10,497 [ERROR] ✗ fort-worth exception: Request failed, amendmentBlocked: Amendment blocked, need upgrade.
2026-07-04 07:58:11,835 [INFO] HTTP Request: POST https://xrplcluster.com "HTTP/1.1 200 OK"
2026-07-04 07:58:12,245 [INFO] HTTP Request: POST https://xrplcluster.com "HTTP/1.1 200 OK"
2026-07-04 07:58:12,780 [INFO] HTTP Request: POST https://xrplcluster.com "HTTP/1.1 200 OK"
2026-07-04 07:58:13,216 [INFO] HTTP Request: POST https://xrplcluster.com "HTTP/1.1 200 OK"
2026-07-04 07:58:13,591 [INFO] HTTP Request: POST https://xrplcluster.com "HTTP/1.1 200 OK"
2026-07-04 07:58:13,959 [INFO] HTTP Request: POST https://xrplcluster.com "HTTP/1.1 200 OK"
2026-07-04 07:58:13,960 [INFO] ✓ [172/500] columbus — tesSUCCESS
2026-07-04 07:58:15,526 [INFO] HTTP Request: POST https://xrplcluster.com "HTTP/1.1 200 OK"
2026-07-04 07:58:15,533 [ERROR] ✗ charlotte exception: Request failed, amendmentBlocked: Amendment blocked, need upgrade.
2026-07-04 07:58:16,959 [INFO] HTTP Request: POST https://xrplcluster.com "HTTP/1.1 200 OK"
2026-07-04 07:58:17,305 [INFO] HTTP Request: POST https://xrplcluster.com "HTTP/1.1 200 OK"
2026-07-04 07:58:17,737 [INFO] HTTP Request: POST https://xrplcluster.com "HTTP/1.1 200 OK"
2026-07-04 07:58:18,191 [INFO] HTTP Request: POST https://xrplcluster.com "HTTP/1.1 200 OK"
2026-07-04 07:58:18,550 [INFO] HTTP Request: POST https://xrplcluster.com "HTTP/1.1 200 OK"
2026-07-04 07:58:19,003 [INFO] HTTP Request: POST https://xrplcluster.com "HTTP/1.1 200 OK"
2026-07-04 07:58:19,005 [INFO] ✓ [173/500] indianapolis — tesSUCCESS
2026-07-04 07:58:20,448 [INFO] HTTP Request: POST https://xrplcluster.com "HTTP/1.1 200 OK"
2026-07-04 07:58:20,873 [INFO] HTTP Request: POST https://xrplcluster.com "HTTP/1.1 200 OK"
2026-07-04 07:58:21,301 [INFO] HTTP Request: POST https://xrplcluster.com "HTTP/1.1 200 OK"
2026-07-04 07:58:21,660 [INFO] HTTP Request: POST https://xrplcluster.com "HTTP/1.1 200 OK"
2026-07-04 07:58:22,091 [INFO] HTTP Request: POST https://xrplcluster.com "HTTP/1.1 200 OK"
2026-07-04 07:58:22,562 [INFO] HTTP Request: POST https://xrplcluster.com "HTTP/1.1 200 OK"
2026-07-04 07:58:22,564 [INFO] ✓ [174/500] san-francisco — tesSUCCESS
2026-07-04 07:58:24,006 [INFO] HTTP Request: POST https://xrplcluster.com "HTTP/1.1 200 OK"
2026-07-04 07:58:24,363 [INFO] HTTP Request: POST https://xrplcluster.com "HTTP/1.1 200 OK"
2026-07-04 07:58:24,729 [INFO] HTTP Request: POST https://xrplcluster.com "HTTP/1.1 200 OK"
2026-07-04 07:58:25,082 [INFO] HTTP Request: POST https://xrplcluster.com "HTTP/1.1 200 OK"
2026-07-04 07:58:25,533 [INFO] HTTP Request: POST https://xrplcluster.com "HTTP/1.1 200 OK"
2026-07-04 07:58:25,895 [INFO] HTTP Request: POST https://xrplcluster.com "HTTP/1.1 200 OK"
2026-07-04 07:58:25,899 [INFO] ✓ [175/500] seattle — tesSUCCESS
2026-07-04 07:58:27,341 [INFO] HTTP Request: POST https://xrplcluster.com "HTTP/1.1 200 OK"
2026-07-04 07:58:27,705 [INFO] HTTP Request: POST https://xrplcluster.com "HTTP/1.1 200 OK"
2026-07-04 07:58:28,043 [INFO] HTTP Request: POST https://xrplcluster.com "HTTP/1.1 200 OK"
2026-07-04 07:58:28,375 [INFO] HTTP Request: POST https://xrplcluster.com "HTTP/1.1 200 OK"
2026-07-04 07:58:28,910 [INFO] HTTP Request: POST https://xrplcluster.com "HTTP/1.1 200 OK"
2026-07-04 07:58:29,365 [INFO] HTTP Request: POST https://xrplcluster.com "HTTP/1.1 200 OK"
2026-07-04 07:58:29,366 [INFO] ✓ [176/500] denver — tesSUCCESS
2026-07-04 07:58:30,721 [INFO] HTTP Request: POST https://xrplcluster.com "HTTP/1.1 200 OK"
2026-07-04 07:58:31,259 [INFO] HTTP Request: POST https://xrplcluster.com "HTTP/1.1 200 OK"
2026-07-04 07:58:31,721 [INFO] HTTP Request: POST https://xrplcluster.com "HTTP/1.1 200 OK"
2026-07-04 07:58:32,131 [INFO] HTTP Request: POST https://xrplcluster.com "HTTP/1.1 200 OK"
2026-07-04 07:58:32,546 [INFO] HTTP Request: POST https://xrplcluster.com "HTTP/1.1 200 OK"
2026-07-04 07:58:32,952 [INFO] HTTP Request: POST https://xrplcluster.com "HTTP/1.1 200 OK"
2026-07-04 07:58:32,954 [INFO] ✓ [177/500] nashville — tesSUCCESS
2026-07-04 07:58:34,497 [INFO] HTTP Request: POST https://xrplcluster.com "HTTP/1.1 200 OK"
2026-07-04 07:58:34,499 [ERROR] ✗ oklahoma-city exception: Request failed, amendmentBlocked: Amendment blocked, need upgrade.
2026-07-04 07:58:35,940 [INFO] HTTP Request: POST https://xrplcluster.com "HTTP/1.1 200 OK"
2026-07-04 07:58:36,310 [INFO] HTTP Request: POST https://xrplcluster.com "HTTP/1.1 200 OK"
2026-07-04 07:58:36,881 [INFO] HTTP Request: POST https://xrplcluster.com "HTTP/1.1 200 OK"
2026-07-04 07:58:37,321 [INFO] HTTP Request: POST https://xrplcluster.com "HTTP/1.1 200 OK"
2026-07-04 07:58:37,867 [INFO] HTTP Request: POST https://xrplcluster.com "HTTP/1.1 200 OK"
2026-07-04 07:58:38,302 [INFO] HTTP Request: POST https://xrplcluster.com "HTTP/1.1 200 OK"
2026-07-04 07:58:38,305 [INFO] ✓ [178/500] el-paso — tesSUCCESS
2026-07-04 07:58:39,732 [INFO] HTTP Request: POST https://xrplcluster.com "HTTP/1.1 200 OK"
2026-07-04 07:58:40,300 [INFO] HTTP Request: POST https://xrplcluster.com "HTTP/1.1 200 OK"
2026-07-04 07:58:40,660 [INFO] HTTP Request: POST https://xrplcluster.com "HTTP/1.1 200 OK"
2026-07-04 07:58:41,103 [INFO] HTTP Request: POST https://xrplcluster.com "HTTP/1.1 200 OK"
2026-07-04 07:58:41,634 [INFO] HTTP Request: POST https://xrplcluster.com "HTTP/1.1 200 OK"
2026-07-04 07:58:42,105 [INFO] HTTP Request: POST https://xrplcluster.com "HTTP/1.1 200 OK"
2026-07-04 07:58:42,107 [INFO] ✓ [179/500] las-vegas — tesSUCCESS
2026-07-04 07:58:43,601 [INFO] HTTP Request: POST https://xrplcluster.com "HTTP/1.1 200 OK"
2026-07-04 07:58:44,011 [INFO] HTTP Request: POST https://xrplcluster.com "HTTP/1.1 200 OK"
2026-07-04 07:58:44,501 [INFO] HTTP Request: POST https://xrplcluster.com "HTTP/1.1 200 OK"
2026-07-04 07:58:44,915 [INFO] HTTP Request: POST https://xrplcluster.com "HTTP/1.1 200 OK"
2026-07-04 07:58:45,428 [INFO] HTTP Request: POST https://xrplcluster.com "HTTP/1.1 200 OK"
2026-07-04 07:58:45,953 [INFO] HTTP Request: POST https://xrplcluster.com "HTTP/1.1 200 OK"
2026-07-04 07:58:45,959 [INFO] ✓ [180/500] louisville — tesSUCCESS
2026-07-04 07:58:47,436 [INFO] HTTP Request: POST https://xrplcluster.com "HTTP/1.1 200 OK"
2026-07-04 07:58:47,999 [INFO] HTTP Request: POST https://xrplcluster.com "HTTP/1.1 200 OK"
2026-07-04 07:58:48,504 [INFO] HTTP Request: POST https://xrplcluster.com "HTTP/1.1 200 OK"
2026-07-04 07:58:48,994 [INFO] HTTP Request: POST https://xrplcluster.com "HTTP/1.1 200 OK"
2026-07-04 07:58:49,428 [INFO] HTTP Request: POST https://xrplcluster.com "HTTP/1.1 200 OK"
2026-07-04 07:58:49,965 [INFO] HTTP Request: POST https://xrplcluster.com "HTTP/1.1 200 OK"
2026-07-04 07:58:49,967 [INFO] ✓ [181/500] baltimore — tesSUCCESS
2026-07-04 07:58:51,409 [INFO] HTTP Request: POST https://xrplcluster.com "HTTP/1.1 200 OK"
2026-07-04 07:58:51,765 [INFO] HTTP Request: POST https://xrplcluster.com "HTTP/1.1 200 OK"
2026-07-04 07:58:52,144 [INFO] HTTP Request: POST https://xrplcluster.com "HTTP/1.1 200 OK"
2026-07-04 07:58:52,470 [INFO] HTTP Request: POST https://xrplcluster.com "HTTP/1.1 200 OK"
2026-07-04 07:58:52,824 [INFO] HTTP Request: POST https://xrplcluster.com "HTTP/1.1 200 OK"
2026-07-04 07:58:53,190 [INFO] HTTP Request: POST https://xrplcluster.com "HTTP/1.1 200 OK"
2026-07-04 07:58:53,194 [INFO] ✓ [182/500] memphis — tesSUCCESS
2026-07-04 07:58:54,636 [INFO] HTTP Request: POST https://xrplcluster.com "HTTP/1.1 200 OK"
2026-07-04 07:58:55,212 [INFO] HTTP Request: POST https://xrplcluster.com "HTTP/1.1 200 OK"
2026-07-04 07:58:55,575 [INFO] HTTP Request: POST https://xrplcluster.com "HTTP/1.1 200 OK"
2026-07-04 07:58:55,984 [INFO] HTTP Request: POST https://xrplcluster.com "HTTP/1.1 200 OK"
2026-07-04 07:58:56,324 [INFO] HTTP Request: POST https://xrplcluster.com "HTTP/1.1 200 OK"
2026-07-04 07:58:56,823 [INFO] HTTP Request: POST https://xrplcluster.com "HTTP/1.1 200 OK"
2026-07-04 07:58:56,827 [INFO] ✓ [183/500] boston — tesSUCCESS
2026-07-04 07:58:58,343 [INFO] HTTP Request: POST https://xrplcluster.com "HTTP/1.1 200 OK"
2026-07-04 07:58:58,753 [INFO] HTTP Request: POST https://xrplcluster.com "HTTP/1.1 200 OK"
2026-07-04 07:58:59,265 [INFO] HTTP Request: POST https://xrplcluster.com "HTTP/1.1 200 OK"
2026-07-04 07:58:59,879 [INFO] HTTP Request: POST https://xrplcluster.com "HTTP/1.1 200 OK"
2026-07-04 07:58:59,881 [ERROR] ✗ portland exception: Request failed, amendmentBlocked: Amendment blocked, need upgrade.
2026-07-04 07:59:01,312 [INFO] HTTP Request: POST https://xrplcluster.com "HTTP/1.1 200 OK"
2026-07-04 07:59:01,649 [INFO] HTTP Request: POST https://xrplcluster.com "HTTP/1.1 200 OK"
2026-07-04 07:59:02,131 [INFO] HTTP Request: POST https://xrplcluster.com "HTTP/1.1 200 OK"
2026-07-04 07:59:02,621 [INFO] HTTP Request: POST https://xrplcluster.com "HTTP/1.1 200 OK"
2026-07-04 07:59:03,052 [INFO] HTTP Request: POST https://xrplcluster.com "HTTP/1.1 200 OK"
2026-07-04 07:59:03,464 [INFO] HTTP Request: POST https://xrplcluster.com "HTTP/1.1 200 OK"
2026-07-04 07:59:03,467 [INFO] ✓ [184/500] miami — tesSUCCESS
2026-07-04 07:59:04,998 [INFO] HTTP Request: POST https://xrplcluster.com "HTTP/1.1 200 OK"
2026-07-04 07:59:05,409 [INFO] HTTP Request: POST https://xrplcluster.com "HTTP/1.1 200 OK"
2026-07-04 07:59:05,921 [INFO] HTTP Request: POST https://xrplcluster.com "HTTP/1.1 200 OK"
2026-07-04 07:59:06,330 [INFO] HTTP Request: POST https://xrplcluster.com "HTTP/1.1 200 OK"
2026-07-04 07:59:06,739 [INFO] HTTP Request: POST https://xrplcluster.com "HTTP/1.1 200 OK"
2026-07-04 07:59:07,177 [INFO] HTTP Request: POST https://xrplcluster.com "HTTP/1.1 200 OK"
2026-07-04 07:59:07,180 [INFO] ✓ [185/500] raleigh — tesSUCCESS
2026-07-04 07:59:08,601 [INFO] HTTP Request: POST https://xrplcluster.com "HTTP/1.1 200 OK"
2026-07-04 07:59:09,197 [INFO] HTTP Request: POST https://xrplcluster.com "HTTP/1.1 200 OK"
2026-07-04 07:59:09,608 [INFO] HTTP Request: POST https://xrplcluster.com "HTTP/1.1 200 OK"
2026-07-04 07:59:10,016 [INFO] HTTP Request: POST https://xrplcluster.com "HTTP/1.1 200 OK"
2026-07-04 07:59:10,427 [INFO] HTTP Request: POST https://xrplcluster.com "HTTP/1.1 200 OK"
2026-07-04 07:59:10,768 [INFO] HTTP Request: POST https://xrplcluster.com "HTTP/1.1 200 OK"
2026-07-04 07:59:10,772 [INFO] ✓ [186/500] atlanta — tesSUCCESS
2026-07-04 07:59:12,136 [INFO] HTTP Request: POST https://xrplcluster.com "HTTP/1.1 200 OK"
2026-07-04 07:59:12,452 [INFO] HTTP Request: POST https://xrplcluster.com "HTTP/1.1 200 OK"
2026-07-04 07:59:12,886 [INFO] HTTP Request: POST https://xrplcluster.com "HTTP/1.1 200 OK"
2026-07-04 07:59:13,243 [INFO] HTTP Request: POST https://xrplcluster.com "HTTP/1.1 200 OK"
2026-07-04 07:59:13,702 [INFO] HTTP Request: POST https://xrplcluster.com "HTTP/1.1 200 OK"
2026-07-04 07:59:14,317 [INFO] HTTP Request: POST https://xrplcluster.com "HTTP/1.1 200 OK"
2026-07-04 07:59:14,318 [ERROR] ✗ new-orleans exception: Request failed, amendmentBlocked: Amendment blocked, need upgrade.
2026-07-04 07:59:15,956 [INFO] HTTP Request: POST https://xrplcluster.com "HTTP/1.1 200 OK"
2026-07-04 07:59:15,958 [ERROR] ✗ tampa exception: Request failed, amendmentBlocked: Amendment blocked, need upgrade.
2026-07-04 07:59:17,312 [INFO] HTTP Request: POST https://xrplcluster.com "HTTP/1.1 200 OK"
2026-07-04 07:59:17,698 [INFO] HTTP Request: POST https://xrplcluster.com "HTTP/1.1 200 OK"
2026-07-04 07:59:18,208 [INFO] HTTP Request: POST https://xrplcluster.com "HTTP/1.1 200 OK"
2026-07-04 07:59:18,618 [INFO] HTTP Request: POST https://xrplcluster.com "HTTP/1.1 200 OK"
2026-07-04 07:59:18,942 [INFO] HTTP Request: POST https://xrplcluster.com "HTTP/1.1 200 OK"
2026-07-04 07:59:19,356 [INFO] HTTP Request: POST https://xrplcluster.com "HTTP/1.1 200 OK"
2026-07-04 07:59:19,358 [INFO] ✓ [187/500] orlando — tesSUCCESS
2026-07-04 07:59:20,741 [INFO] HTTP Request: POST https://xrplcluster.com "HTTP/1.1 200 OK"
2026-07-04 07:59:21,077 [INFO] HTTP Request: POST https://xrplcluster.com "HTTP/1.1 200 OK"
2026-07-04 07:59:21,485 [INFO] HTTP Request: POST https://xrplcluster.com "HTTP/1.1 200 OK"
2026-07-04 07:59:21,895 [INFO] HTTP Request: POST https://xrplcluster.com "HTTP/1.1 200 OK"
2026-07-04 07:59:22,222 [INFO] HTTP Request: POST https://xrplcluster.com "HTTP/1.1 200 OK"
2026-07-04 07:59:22,713 [INFO] HTTP Request: POST https://xrplcluster.com "HTTP/1.1 200 OK"
2026-07-04 07:59:22,715 [INFO] ✓ [188/500] minneapolis — tesSUCCESS
2026-07-04 07:59:24,147 [INFO] HTTP Request: POST https://xrplcluster.com "HTTP/1.1 200 OK"
2026-07-04 07:59:24,762 [INFO] HTTP Request: POST https://xrplcluster.com "HTTP/1.1 200 OK"
2026-07-04 07:59:25,274 [INFO] HTTP Request: POST https://xrplcluster.com "HTTP/1.1 200 OK"
2026-07-04 07:59:25,588 [INFO] HTTP Request: POST https://xrplcluster.com "HTTP/1.1 200 OK"
2026-07-04 07:59:26,095 [INFO] HTTP Request: POST https://xrplcluster.com "HTTP/1.1 200 OK"
2026-07-04 07:59:26,607 [INFO] HTTP Request: POST https://xrplcluster.com "HTTP/1.1 200 OK"
2026-07-04 07:59:26,610 [INFO] ✓ [189/500] cleveland — tesSUCCESS
2026-07-04 07:59:28,145 [INFO] HTTP Request: POST https://xrplcluster.com "HTTP/1.1 200 OK"
2026-07-04 07:59:28,551 [INFO] HTTP Request: POST https://xrplcluster.com "HTTP/1.1 200 OK"
2026-07-04 07:59:29,063 [INFO] HTTP Request: POST https://xrplcluster.com "HTTP/1.1 200 OK"
2026-07-04 07:59:29,678 [INFO] HTTP Request: POST https://xrplcluster.com "HTTP/1.1 200 OK"
2026-07-04 07:59:29,682 [ERROR] ✗ pittsburgh exception: Request failed, amendmentBlocked: Amendment blocked, need upgrade.
2026-07-04 07:59:31,111 [INFO] HTTP Request: POST https://xrplcluster.com "HTTP/1.1 200 OK"
2026-07-04 07:59:31,439 [INFO] HTTP Request: POST https://xrplcluster.com "HTTP/1.1 200 OK"
2026-07-04 07:59:31,830 [INFO] HTTP Request: POST https://xrplcluster.com "HTTP/1.1 200 OK"
2026-07-04 07:59:32,240 [INFO] HTTP Request: POST https://xrplcluster.com "HTTP/1.1 200 OK"
2026-07-04 07:59:32,649 [INFO] HTTP Request: POST https://xrplcluster.com "HTTP/1.1 200 OK"
2026-07-04 07:59:33,159 [INFO] HTTP Request: POST https://xrplcluster.com "HTTP/1.1 200 OK"
2026-07-04 07:59:33,160 [INFO] ✓ [190/500] kansas-city — tesSUCCESS
2026-07-04 07:59:34,592 [INFO] HTTP Request: POST https://xrplcluster.com "HTTP/1.1 200 OK"
2026-07-04 07:59:35,005 [INFO] HTTP Request: POST https://xrplcluster.com "HTTP/1.1 200 OK"
2026-07-04 07:59:35,412 [INFO] HTTP Request: POST https://xrplcluster.com "HTTP/1.1 200 OK"
2026-07-04 07:59:35,923 [INFO] HTTP Request: POST https://xrplcluster.com "HTTP/1.1 200 OK"
2026-07-04 07:59:36,435 [INFO] HTTP Request: POST https://xrplcluster.com "HTTP/1.1 200 OK"
2026-07-04 07:59:36,949 [INFO] HTTP Request: POST https://xrplcluster.com "HTTP/1.1 200 OK"
2026-07-04 07:59:36,952 [INFO] ✓ [191/500] salt-lake-city — tesSUCCESS
2026-07-04 07:59:38,297 [INFO] HTTP Request: POST https://xrplcluster.com "HTTP/1.1 200 OK"
2026-07-04 07:59:38,690 [INFO] HTTP Request: POST https://xrplcluster.com "HTTP/1.1 200 OK"
2026-07-04 07:59:39,100 [INFO] HTTP Request: POST https://xrplcluster.com "HTTP/1.1 200 OK"
2026-07-04 07:59:39,508 [INFO] HTTP Request: POST https://xrplcluster.com "HTTP/1.1 200 OK"
2026-07-04 07:59:39,918 [INFO] HTTP Request: POST https://xrplcluster.com "HTTP/1.1 200 OK"
2026-07-04 07:59:40,429 [INFO] HTTP Request: POST https://xrplcluster.com "HTTP/1.1 200 OK"
2026-07-04 07:59:40,431 [INFO] ✓ [192/500] sacramento — tesSUCCESS
2026-07-04 07:59:41,966 [INFO] HTTP Request: POST https://xrplcluster.com "HTTP/1.1 200 OK"
2026-07-04 07:59:41,970 [ERROR] ✗ cincinnati exception: Request failed, amendmentBlocked: Amendment blocked, need upgrade.
2026-07-04 07:59:43,404 [INFO] HTTP Request: POST https://xrplcluster.com "HTTP/1.1 200 OK"
2026-07-04 07:59:43,911 [INFO] HTTP Request: POST https://xrplcluster.com "HTTP/1.1 200 OK"
2026-07-04 07:59:44,322 [INFO] HTTP Request: POST https://xrplcluster.com "HTTP/1.1 200 OK"
2026-07-04 07:59:44,935 [INFO] HTTP Request: POST https://xrplcluster.com "HTTP/1.1 200 OK"
2026-07-04 07:59:44,936 [ERROR] ✗ detroit exception: Request failed, amendmentBlocked: Amendment blocked, need upgrade.
2026-07-04 07:59:46,474 [INFO] HTTP Request: POST https://xrplcluster.com "HTTP/1.1 200 OK"
2026-07-04 07:59:46,881 [INFO] HTTP Request: POST https://xrplcluster.com "HTTP/1.1 200 OK"
2026-07-04 07:59:47,290 [INFO] HTTP Request: POST https://xrplcluster.com "HTTP/1.1 200 OK"
2026-07-04 07:59:47,700 [INFO] HTTP Request: POST https://xrplcluster.com "HTTP/1.1 200 OK"
2026-07-04 07:59:48,213 [INFO] HTTP Request: POST https://xrplcluster.com "HTTP/1.1 200 OK"
2026-07-04 07:59:48,638 [INFO] HTTP Request: POST https://xrplcluster.com "HTTP/1.1 200 OK"
2026-07-04 07:59:48,640 [INFO] ✓ [193/500] richmond — tesSUCCESS
2026-07-04 07:59:50,055 [INFO] HTTP Request: POST https://xrplcluster.com "HTTP/1.1 200 OK"
2026-07-04 07:59:50,386 [INFO] HTTP Request: POST https://xrplcluster.com "HTTP/1.1 200 OK"
2026-07-04 07:59:50,772 [INFO] HTTP Request: POST https://xrplcluster.com "HTTP/1.1 200 OK"
2026-07-04 07:59:51,182 [INFO] HTTP Request: POST https://xrplcluster.com "HTTP/1.1 200 OK"
2026-07-04 07:59:51,714 [INFO] HTTP Request: POST https://xrplcluster.com "HTTP/1.1 200 OK"
2026-07-04 07:59:52,206 [INFO] HTTP Request: POST https://xrplcluster.com "HTTP/1.1 200 OK"
2026-07-04 07:59:52,209 [INFO] ✓ [194/500] st-louis — tesSUCCESS
2026-07-04 07:59:53,592 [INFO] HTTP Request: POST https://xrplcluster.com "HTTP/1.1 200 OK"
2026-07-04 07:59:54,049 [INFO] HTTP Request: POST https://xrplcluster.com "HTTP/1.1 200 OK"
2026-07-04 07:59:54,458 [INFO] HTTP Request: POST https://xrplcluster.com "HTTP/1.1 200 OK"
2026-07-04 07:59:54,870 [INFO] HTTP Request: POST https://xrplcluster.com "HTTP/1.1 200 OK"
2026-07-04 07:59:55,281 [INFO] HTTP Request: POST https://xrplcluster.com "HTTP/1.1 200 OK"
2026-07-04 07:59:55,821 [INFO] HTTP Request: POST https://xrplcluster.com "HTTP/1.1 200 OK"
2026-07-04 07:59:55,823 [ERROR] ✗ buffalo exception: Request failed, amendmentBlocked: Amendment blocked, need upgrade.
2026-07-04 07:59:57,429 [INFO] HTTP Request: POST https://xrplcluster.com "HTTP/1.1 200 OK"
2026-07-04 07:59:57,433 [ERROR] ✗ anchorage exception: Request failed, amendmentBlocked: Amendment blocked, need upgrade.
2026-07-04 07:59:58,966 [INFO] HTTP Request: POST https://xrplcluster.com "HTTP/1.1 200 OK"
2026-07-04 07:59:59,477 [INFO] HTTP Request: POST https://xrplcluster.com "HTTP/1.1 200 OK"
2026-07-04 07:59:59,988 [INFO] HTTP Request: POST https://xrplcluster.com "HTTP/1.1 200 OK"
2026-07-04 08:00:00,502 [INFO] HTTP Request: POST https://xrplcluster.com "HTTP/1.1 200 OK"
2026-07-04 08:00:00,915 [INFO] HTTP Request: POST https://xrplcluster.com "HTTP/1.1 200 OK"
2026-07-04 08:00:01,319 [INFO] HTTP Request: POST https://xrplcluster.com "HTTP/1.1 200 OK"
2026-07-04 08:00:01,321 [INFO] ✓ [195/500] honolulu — tesSUCCESS
2026-07-04 08:00:02,957 [INFO] HTTP Request: POST https://xrplcluster.com "HTTP/1.1 200 OK"
2026-07-04 08:00:02,959 [ERROR] ✗ albuquerque exception: Request failed, amendmentBlocked: Amendment blocked, need upgrade.
2026-07-04 08:00:04,285 [INFO] HTTP Request: POST https://xrplcluster.com "HTTP/1.1 200 OK"
2026-07-04 08:00:04,699 [INFO] HTTP Request: POST https://xrplcluster.com "HTTP/1.1 200 OK"
2026-07-04 08:00:05,109 [INFO] HTTP Request: POST https://xrplcluster.com "HTTP/1.1 200 OK"
2026-07-04 08:00:05,518 [INFO] HTTP Request: POST https://xrplcluster.com "HTTP/1.1 200 OK"
2026-07-04 08:00:06,029 [INFO] HTTP Request: POST https://xrplcluster.com "HTTP/1.1 200 OK"
2026-07-04 08:00:06,542 [INFO] HTTP Request: POST https://xrplcluster.com "HTTP/1.1 200 OK"
2026-07-04 08:00:06,546 [INFO] ✓ [196/500] tucson — tesSUCCESS
2026-07-04 08:00:07,975 [INFO] HTTP Request: POST https://xrplcluster.com "HTTP/1.1 200 OK"
2026-07-04 08:00:08,388 [INFO] HTTP Request: POST https://xrplcluster.com "HTTP/1.1 200 OK"
2026-07-04 08:00:08,897 [INFO] HTTP Request: POST https://xrplcluster.com "HTTP/1.1 200 OK"
2026-07-04 08:00:09,306 [INFO] HTTP Request: POST https://xrplcluster.com "HTTP/1.1 200 OK"
2026-07-04 08:00:09,716 [INFO] HTTP Request: POST https://xrplcluster.com "HTTP/1.1 200 OK"
2026-07-04 08:00:10,228 [INFO] HTTP Request: POST https://xrplcluster.com "HTTP/1.1 200 OK"
2026-07-04 08:00:10,231 [INFO] ✓ [197/500] omaha — tesSUCCESS
2026-07-04 08:00:11,792 [INFO] HTTP Request: POST https://xrplcluster.com "HTTP/1.1 200 OK"
2026-07-04 08:00:11,796 [ERROR] ✗ colorado-springs exception: Request failed, amendmentBlocked: Amendment blocked, need upgrade.
2026-07-04 08:00:13,304 [INFO] HTTP Request: POST https://xrplcluster.com "HTTP/1.1 200 OK"
2026-07-04 08:00:13,709 [INFO] HTTP Request: POST https://xrplcluster.com "HTTP/1.1 200 OK"
2026-07-04 08:00:14,045 [INFO] HTTP Request: POST https://xrplcluster.com "HTTP/1.1 200 OK"
2026-07-04 08:00:14,427 [INFO] HTTP Request: POST https://xrplcluster.com "HTTP/1.1 200 OK"
2026-07-04 08:00:14,838 [INFO] HTTP Request: POST https://xrplcluster.com "HTTP/1.1 200 OK"
2026-07-04 08:00:15,350 [INFO] HTTP Request: POST https://xrplcluster.com "HTTP/1.1 200 OK"
2026-07-04 08:00:15,353 [INFO] ✓ [198/500] reno — tesSUCCESS
2026-07-04 08:00:16,782 [INFO] HTTP Request: POST https://xrplcluster.com "HTTP/1.1 200 OK"
2026-07-04 08:00:17,193 [INFO] HTTP Request: POST https://xrplcluster.com "HTTP/1.1 200 OK"
2026-07-04 08:00:17,601 [INFO] HTTP Request: POST https://xrplcluster.com "HTTP/1.1 200 OK"
2026-07-04 08:00:18,011 [INFO] HTTP Request: POST https://xrplcluster.com "HTTP/1.1 200 OK"
2026-07-04 08:00:18,625 [INFO] HTTP Request: POST https://xrplcluster.com "HTTP/1.1 200 OK"
2026-07-04 08:00:19,240 [INFO] HTTP Request: POST https://xrplcluster.com "HTTP/1.1 200 OK"
2026-07-04 08:00:19,242 [ERROR] ✗ boise exception: Request failed, amendmentBlocked: Amendment blocked, need upgrade.
2026-07-04 08:00:20,673 [INFO] HTTP Request: POST https://xrplcluster.com "HTTP/1.1 200 OK"
2026-07-04 08:00:21,186 [INFO] HTTP Request: POST https://xrplcluster.com "HTTP/1.1 200 OK"
2026-07-04 08:00:21,595 [INFO] HTTP Request: POST https://xrplcluster.com "HTTP/1.1 200 OK"
2026-07-04 08:00:22,723 [INFO] HTTP Request: POST https://xrplcluster.com "HTTP/1.1 200 OK"
2026-07-04 08:00:23,053 [INFO] HTTP Request: POST https://xrplcluster.com "HTTP/1.1 200 OK"
2026-07-04 08:00:23,440 [INFO] HTTP Request: POST https://xrplcluster.com "HTTP/1.1 200 OK"
2026-07-04 08:00:23,441 [INFO] ✓ [199/500] birmingham — tesSUCCESS
2026-07-04 08:00:24,872 [INFO] HTTP Request: POST https://xrplcluster.com "HTTP/1.1 200 OK"
2026-07-04 08:00:25,486 [INFO] HTTP Request: POST https://xrplcluster.com "HTTP/1.1 200 OK"
2026-07-04 08:00:25,905 [INFO] HTTP Request: POST https://xrplcluster.com "HTTP/1.1 200 OK"
2026-07-04 08:00:26,248 [INFO] HTTP Request: POST https://xrplcluster.com "HTTP/1.1 200 OK"
2026-07-04 08:00:26,822 [INFO] HTTP Request: POST https://xrplcluster.com "HTTP/1.1 200 OK"
2026-07-04 08:00:27,228 [INFO] HTTP Request: POST https://xrplcluster.com "HTTP/1.1 200 OK"
2026-07-04 08:00:27,232 [INFO] ✓ [200/500] little-rock — tesSUCCESS
2026-07-04 08:00:28,663 [INFO] HTTP Request: POST https://xrplcluster.com "HTTP/1.1 200 OK"
2026-07-04 08:00:29,072 [INFO] HTTP Request: POST https://xrplcluster.com "HTTP/1.1 200 OK"
2026-07-04 08:00:29,480 [INFO] HTTP Request: POST https://xrplcluster.com "HTTP/1.1 200 OK"
2026-07-04 08:00:29,995 [INFO] HTTP Request: POST https://xrplcluster.com "HTTP/1.1 200 OK"
2026-07-04 08:00:30,506 [INFO] HTTP Request: POST https://xrplcluster.com "HTTP/1.1 200 OK"
2026-07-04 08:00:30,915 [INFO] HTTP Request: POST https://xrplcluster.com "HTTP/1.1 200 OK"
2026-07-04 08:00:30,919 [INFO] ✓ [201/500] providence — tesSUCCESS
2026-07-04 08:00:32,451 [INFO] HTTP Request: POST https://xrplcluster.com "HTTP/1.1 200 OK"
2026-07-04 08:00:32,989 [INFO] HTTP Request: POST https://xrplcluster.com "HTTP/1.1 200 OK"
2026-07-04 08:00:33,473 [INFO] HTTP Request: POST https://xrplcluster.com "HTTP/1.1 200 OK"
2026-07-04 08:00:33,894 [INFO] HTTP Request: POST https://xrplcluster.com "HTTP/1.1 200 OK"
2026-07-04 08:00:34,395 [INFO] HTTP Request: POST https://xrplcluster.com "HTTP/1.1 200 OK"
2026-07-04 08:00:34,804 [INFO] HTTP Request: POST https://xrplcluster.com "HTTP/1.1 200 OK"
2026-07-04 08:00:34,807 [INFO] ✓ [202/500] hartford — tesSUCCESS
2026-07-04 08:00:36,444 [INFO] HTTP Request: POST https://xrplcluster.com "HTTP/1.1 200 OK"
2026-07-04 08:00:36,447 [ERROR] ✗ new-haven exception: Request failed, amendmentBlocked: Amendment blocked, need upgrade.
2026-07-04 08:00:37,940 [INFO] HTTP Request: POST https://xrplcluster.com "HTTP/1.1 200 OK"
2026-07-04 08:00:38,389 [INFO] HTTP Request: POST https://xrplcluster.com "HTTP/1.1 200 OK"
2026-07-04 08:00:38,800 [INFO] HTTP Request: POST https://xrplcluster.com "HTTP/1.1 200 OK"
2026-07-04 08:00:39,208 [INFO] HTTP Request: POST https://xrplcluster.com "HTTP/1.1 200 OK"
2026-07-04 08:00:39,719 [INFO] HTTP Request: POST https://xrplcluster.com "HTTP/1.1 200 OK"
2026-07-04 08:00:40,336 [INFO] HTTP Request: POST https://xrplcluster.com "HTTP/1.1 200 OK"
2026-07-04 08:00:40,338 [ERROR] ✗ charleston exception: Request failed, amendmentBlocked: Amendment blocked, need upgrade.
2026-07-04 08:00:41,768 [INFO] HTTP Request: POST https://xrplcluster.com "HTTP/1.1 200 OK"
2026-07-04 08:00:42,196 [INFO] HTTP Request: POST https://xrplcluster.com "HTTP/1.1 200 OK"
2026-07-04 08:00:42,603 [INFO] HTTP Request: POST https://xrplcluster.com "HTTP/1.1 200 OK"
2026-07-04 08:00:43,099 [INFO] HTTP Request: POST https://xrplcluster.com "HTTP/1.1 200 OK"
2026-07-04 08:00:43,437 [INFO] HTTP Request: POST https://xrplcluster.com "HTTP/1.1 200 OK"
2026-07-04 08:00:43,904 [INFO] HTTP Request: POST https://xrplcluster.com "HTTP/1.1 200 OK"
2026-07-04 08:00:43,906 [INFO] ✓ [203/500] savannah — tesSUCCESS
2026-07-04 08:00:45,352 [INFO] HTTP Request: POST https://xrplcluster.com "HTTP/1.1 200 OK"
2026-07-04 08:00:45,761 [INFO] HTTP Request: POST https://xrplcluster.com "HTTP/1.1 200 OK"
2026-07-04 08:00:46,274 [INFO] HTTP Request: POST https://xrplcluster.com "HTTP/1.1 200 OK"
2026-07-04 08:00:46,786 [INFO] HTTP Request: POST https://xrplcluster.com "HTTP/1.1 200 OK"
2026-07-04 08:00:47,402 [INFO] HTTP Request: POST https://xrplcluster.com "HTTP/1.1 200 OK"
2026-07-04 08:00:47,811 [INFO] HTTP Request: POST https://xrplcluster.com "HTTP/1.1 200 OK"
2026-07-04 08:00:47,813 [INFO] ✓ [204/500] syracuse — tesSUCCESS
2026-07-04 08:00:49,241 [INFO] HTTP Request: POST https://xrplcluster.com "HTTP/1.1 200 OK"
2026-07-04 08:00:49,666 [INFO] HTTP Request: POST https://xrplcluster.com "HTTP/1.1 200 OK"
2026-07-04 08:00:50,165 [INFO] HTTP Request: POST https://xrplcluster.com "HTTP/1.1 200 OK"
2026-07-04 08:00:50,677 [INFO] HTTP Request: POST https://xrplcluster.com "HTTP/1.1 200 OK"
2026-07-04 08:00:51,292 [INFO] HTTP Request: POST https://xrplcluster.com "HTTP/1.1 200 OK"
2026-07-04 08:00:51,700 [INFO] HTTP Request: POST https://xrplcluster.com "HTTP/1.1 200 OK"
2026-07-04 08:00:51,702 [INFO] ✓ [205/500] grand-rapids — tesSUCCESS
2026-07-04 08:00:53,134 [INFO] HTTP Request: POST https://xrplcluster.com "HTTP/1.1 200 OK"
2026-07-04 08:00:53,550 [INFO] HTTP Request: POST https://xrplcluster.com "HTTP/1.1 200 OK"
2026-07-04 08:00:54,056 [INFO] HTTP Request: POST https://xrplcluster.com "HTTP/1.1 200 OK"
2026-07-04 08:00:54,567 [INFO] HTTP Request: POST https://xrplcluster.com "HTTP/1.1 200 OK"
2026-07-04 08:00:54,977 [INFO] HTTP Request: POST https://xrplcluster.com "HTTP/1.1 200 OK"
2026-07-04 08:00:55,388 [INFO] HTTP Request: POST https://xrplcluster.com "HTTP/1.1 200 OK"
2026-07-04 08:00:55,390 [INFO] ✓ [206/500] knoxville — tesSUCCESS
2026-07-04 08:00:56,820 [INFO] HTTP Request: POST https://xrplcluster.com "HTTP/1.1 200 OK"
2026-07-04 08:00:57,230 [INFO] HTTP Request: POST https://xrplcluster.com "HTTP/1.1 200 OK"
2026-07-04 08:00:57,743 [INFO] HTTP Request: POST https://xrplcluster.com "HTTP/1.1 200 OK"
2026-07-04 08:00:58,253 [INFO] HTTP Request: POST https://xrplcluster.com "HTTP/1.1 200 OK"
2026-07-04 08:00:58,766 [INFO] HTTP Request: POST https://xrplcluster.com "HTTP/1.1 200 OK"
2026-07-04 08:00:59,279 [INFO] HTTP Request: POST https://xrplcluster.com "HTTP/1.1 200 OK"
2026-07-04 08:00:59,281 [INFO] ✓ [207/500] chattanooga — tesSUCCESS
2026-07-04 08:01:00,814 [INFO] HTTP Request: POST https://xrplcluster.com "HTTP/1.1 200 OK"
2026-07-04 08:01:01,326 [INFO] HTTP Request: POST https://xrplcluster.com "HTTP/1.1 200 OK"
2026-07-04 08:01:01,838 [INFO] HTTP Request: POST https://xrplcluster.com "HTTP/1.1 200 OK"
2026-07-04 08:01:02,156 [INFO] HTTP Request: POST https://xrplcluster.com "HTTP/1.1 200 OK"
2026-07-04 08:01:02,556 [INFO] HTTP Request: POST https://xrplcluster.com "HTTP/1.1 200 OK"
2026-07-04 08:01:02,964 [INFO] HTTP Request: POST https://xrplcluster.com "HTTP/1.1 200 OK"
2026-07-04 08:01:02,967 [INFO] ✓ [208/500] des-moines — tesSUCCESS
2026-07-04 08:01:04,387 [INFO] HTTP Request: POST https://xrplcluster.com "HTTP/1.1 200 OK"
2026-07-04 08:01:04,801 [INFO] HTTP Request: POST https://xrplcluster.com "HTTP/1.1 200 OK"
2026-07-04 08:01:05,218 [INFO] HTTP Request: POST https://xrplcluster.com "HTTP/1.1 200 OK"
2026-07-04 08:01:05,627 [INFO] HTTP Request: POST https://xrplcluster.com "HTTP/1.1 200 OK"
2026-07-04 08:01:06,037 [INFO] HTTP Request: POST https://xrplcluster.com "HTTP/1.1 200 OK"
2026-07-04 08:01:06,446 [INFO] HTTP Request: POST https://xrplcluster.com "HTTP/1.1 200 OK"
2026-07-04 08:01:06,449 [INFO] ✓ [209/500] fort-lauderdale — tesSUCCESS
2026-07-04 08:01:07,888 [INFO] HTTP Request: POST https://xrplcluster.com "HTTP/1.1 200 OK"
2026-07-04 08:01:08,298 [INFO] HTTP Request: POST https://xrplcluster.com "HTTP/1.1 200 OK"
2026-07-04 08:01:08,699 [INFO] HTTP Request: POST https://xrplcluster.com "HTTP/1.1 200 OK"
2026-07-04 08:01:09,211 [INFO] HTTP Request: POST https://xrplcluster.com "HTTP/1.1 200 OK"
2026-07-04 08:01:09,621 [INFO] HTTP Request: POST https://xrplcluster.com "HTTP/1.1 200 OK"
2026-07-04 08:01:10,132 [INFO] HTTP Request: POST https://xrplcluster.com "HTTP/1.1 200 OK"
2026-07-04 08:01:10,135 [INFO] ✓ [210/500] tallahassee — tesSUCCESS
2026-07-04 08:01:11,693 [INFO] HTTP Request: POST https://xrplcluster.com "HTTP/1.1 200 OK"
2026-07-04 08:01:11,696 [ERROR] ✗ pensacola exception: Request failed, amendmentBlocked: Amendment blocked, need upgrade.
2026-07-04 08:01:13,205 [INFO] HTTP Request: POST https://xrplcluster.com "HTTP/1.1 200 OK"
2026-07-04 08:01:13,690 [INFO] HTTP Request: POST https://xrplcluster.com "HTTP/1.1 200 OK"
2026-07-04 08:01:14,128 [INFO] HTTP Request: POST https://xrplcluster.com "HTTP/1.1 200 OK"
2026-07-04 08:01:14,741 [INFO] HTTP Request: POST https://xrplcluster.com "HTTP/1.1 200 OK"
2026-07-04 08:01:14,744 [ERROR] ✗ daytona-beach exception: Request failed, amendmentBlocked: Amendment blocked, need upgrade.
2026-07-04 08:01:16,277 [INFO] HTTP Request: POST https://xrplcluster.com "HTTP/1.1 200 OK"
2026-07-04 08:01:16,686 [INFO] HTTP Request: POST https://xrplcluster.com "HTTP/1.1 200 OK"
2026-07-04 08:01:17,198 [INFO] HTTP Request: POST https://xrplcluster.com "HTTP/1.1 200 OK"
2026-07-04 08:01:17,805 [INFO] HTTP Request: POST https://xrplcluster.com "HTTP/1.1 200 OK"
2026-07-04 08:01:17,808 [ERROR] ✗ sarasota exception: Request failed, amendmentBlocked: Amendment blocked, need upgrade.
2026-07-04 08:01:19,248 [INFO] HTTP Request: POST https://xrplcluster.com "HTTP/1.1 200 OK"
2026-07-04 08:01:19,671 [INFO] HTTP Request: POST https://xrplcluster.com "HTTP/1.1 200 OK"
2026-07-04 08:01:20,010 [INFO] HTTP Request: POST https://xrplcluster.com "HTTP/1.1 200 OK"
2026-07-04 08:01:20,375 [INFO] HTTP Request: POST https://xrplcluster.com "HTTP/1.1 200 OK"
2026-07-04 08:01:20,886 [INFO] HTTP Request: POST https://xrplcluster.com "HTTP/1.1 200 OK"
2026-07-04 08:01:21,397 [INFO] HTTP Request: POST https://xrplcluster.com "HTTP/1.1 200 OK"
2026-07-04 08:01:21,401 [INFO] ✓ [211/500] gainesville — tesSUCCESS
2026-07-04 08:01:22,831 [INFO] HTTP Request: POST https://xrplcluster.com "HTTP/1.1 200 OK"
2026-07-04 08:01:23,343 [INFO] HTTP Request: POST https://xrplcluster.com "HTTP/1.1 200 OK"
2026-07-04 08:01:23,755 [INFO] HTTP Request: POST https://xrplcluster.com "HTTP/1.1 200 OK"
2026-07-04 08:01:24,163 [INFO] HTTP Request: POST https://xrplcluster.com "HTTP/1.1 200 OK"
2026-07-04 08:01:24,674 [INFO] HTTP Request: POST https://xrplcluster.com "HTTP/1.1 200 OK"
2026-07-04 08:01:25,186 [INFO] HTTP Request: POST https://xrplcluster.com "HTTP/1.1 200 OK"
2026-07-04 08:01:25,191 [INFO] ✓ [212/500] cape-canaveral — tesSUCCESS
2026-07-04 08:01:26,825 [INFO] HTTP Request: POST https://xrplcluster.com "HTTP/1.1 200 OK"
2026-07-04 08:01:26,828 [ERROR] ✗ key-west exception: Request failed, amendmentBlocked: Amendment blocked, need upgrade.
2026-07-04 08:01:28,258 [INFO] HTTP Request: POST https://xrplcluster.com "HTTP/1.1 200 OK"
2026-07-04 08:01:28,770 [INFO] HTTP Request: POST https://xrplcluster.com "HTTP/1.1 200 OK"
2026-07-04 08:01:29,179 [INFO] HTTP Request: POST https://xrplcluster.com "HTTP/1.1 200 OK"
2026-07-04 08:01:29,590 [INFO] HTTP Request: POST https://xrplcluster.com "HTTP/1.1 200 OK"
2026-07-04 08:01:30,102 [INFO] HTTP Request: POST https://xrplcluster.com "HTTP/1.1 200 OK"
2026-07-04 08:01:30,511 [INFO] HTTP Request: POST https://xrplcluster.com "HTTP/1.1 200 OK"
2026-07-04 08:01:30,513 [INFO] ✓ [213/500] miami-beach — tesSUCCESS
2026-07-04 08:01:31,927 [INFO] HTTP Request: POST https://xrplcluster.com "HTTP/1.1 200 OK"
2026-07-04 08:01:32,354 [INFO] HTTP Request: POST https://xrplcluster.com "HTTP/1.1 200 OK"
2026-07-04 08:01:32,689 [INFO] HTTP Request: POST https://xrplcluster.com "HTTP/1.1 200 OK"
2026-07-04 08:01:33,095 [INFO] HTTP Request: POST https://xrplcluster.com "HTTP/1.1 200 OK"
2026-07-04 08:01:33,484 [INFO] HTTP Request: POST https://xrplcluster.com "HTTP/1.1 200 OK"
2026-07-04 08:01:34,023 [INFO] HTTP Request: POST https://xrplcluster.com "HTTP/1.1 200 OK"
2026-07-04 08:01:34,025 [ERROR] ✗ palm-beach exception: Request failed, amendmentBlocked: Amendment blocked, need upgrade.
2026-07-04 08:01:35,631 [INFO] HTTP Request: POST https://xrplcluster.com "HTTP/1.1 200 OK"
2026-07-04 08:01:35,633 [ERROR] ✗ boca-raton exception: Request failed, amendmentBlocked: Amendment blocked, need upgrade.
2026-07-04 08:01:37,066 [INFO] HTTP Request: POST https://xrplcluster.com "HTTP/1.1 200 OK"
2026-07-04 08:01:37,679 [INFO] HTTP Request: POST https://xrplcluster.com "HTTP/1.1 200 OK"
2026-07-04 08:01:38,226 [INFO] HTTP Request: POST https://xrplcluster.com "HTTP/1.1 200 OK"
2026-07-04 08:01:38,710 [INFO] HTTP Request: POST https://xrplcluster.com "HTTP/1.1 200 OK"
2026-07-04 08:01:39,216 [INFO] HTTP Request: POST https://xrplcluster.com "HTTP/1.1 200 OK"
2026-07-04 08:01:39,625 [INFO] HTTP Request: POST https://xrplcluster.com "HTTP/1.1 200 OK"
2026-07-04 08:01:39,629 [INFO] ✓ [214/500] fort-myers — tesSUCCESS
2026-07-04 08:01:41,161 [INFO] HTTP Request: POST https://xrplcluster.com "HTTP/1.1 200 OK"
2026-07-04 08:01:41,574 [INFO] HTTP Request: POST https://xrplcluster.com "HTTP/1.1 200 OK"
2026-07-04 08:01:42,082 [INFO] HTTP Request: POST https://xrplcluster.com "HTTP/1.1 200 OK"
2026-07-04 08:01:42,594 [INFO] HTTP Request: POST https://xrplcluster.com "HTTP/1.1 200 OK"
2026-07-04 08:01:43,107 [INFO] HTTP Request: POST https://xrplcluster.com "HTTP/1.1 200 OK"
2026-07-04 08:01:43,572 [INFO] HTTP Request: POST https://xrplcluster.com "HTTP/1.1 200 OK"
2026-07-04 08:01:43,575 [INFO] ✓ [215/500] naples — tesSUCCESS
2026-07-04 08:01:45,155 [INFO] HTTP Request: POST https://xrplcluster.com "HTTP/1.1 200 OK"
2026-07-04 08:01:45,157 [ERROR] ✗ st-augustine exception: Request failed, amendmentBlocked: Amendment blocked, need upgrade.
2026-07-04 08:01:46,510 [INFO] HTTP Request: POST https://xrplcluster.com "HTTP/1.1 200 OK"
2026-07-04 08:01:46,897 [INFO] HTTP Request: POST https://xrplcluster.com "HTTP/1.1 200 OK"
2026-07-04 08:01:47,407 [INFO] HTTP Request: POST https://xrplcluster.com "HTTP/1.1 200 OK"
2026-07-04 08:01:47,816 [INFO] HTTP Request: POST https://xrplcluster.com "HTTP/1.1 200 OK"
2026-07-04 08:01:48,329 [INFO] HTTP Request: POST https://xrplcluster.com "HTTP/1.1 200 OK"
2026-07-04 08:01:48,740 [INFO] HTTP Request: POST https://xrplcluster.com "HTTP/1.1 200 OK"
2026-07-04 08:01:48,742 [INFO] ✓ [216/500] daytona — tesSUCCESS
2026-07-04 08:01:50,173 [INFO] HTTP Request: POST https://xrplcluster.com "HTTP/1.1 200 OK"
2026-07-04 08:01:50,583 [INFO] HTTP Request: POST https://xrplcluster.com "HTTP/1.1 200 OK"
2026-07-04 08:01:51,196 [INFO] HTTP Request: POST https://xrplcluster.com "HTTP/1.1 200 OK"
2026-07-04 08:01:51,606 [INFO] HTTP Request: POST https://xrplcluster.com "HTTP/1.1 200 OK"
2026-07-04 08:01:52,017 [INFO] HTTP Request: POST https://xrplcluster.com "HTTP/1.1 200 OK"
2026-07-04 08:01:52,426 [INFO] HTTP Request: POST https://xrplcluster.com "HTTP/1.1 200 OK"
2026-07-04 08:01:52,428 [INFO] ✓ [217/500] clearwater — tesSUCCESS
2026-07-04 08:01:53,859 [INFO] HTTP Request: POST https://xrplcluster.com "HTTP/1.1 200 OK"
2026-07-04 08:01:54,263 [INFO] HTTP Request: POST https://xrplcluster.com "HTTP/1.1 200 OK"
2026-07-04 08:01:54,677 [INFO] HTTP Request: POST https://xrplcluster.com "HTTP/1.1 200 OK"
2026-07-04 08:01:55,189 [INFO] HTTP Request: POST https://xrplcluster.com "HTTP/1.1 200 OK"
2026-07-04 08:01:55,606 [INFO] HTTP Request: POST https://xrplcluster.com "HTTP/1.1 200 OK"
2026-07-04 08:01:56,214 [INFO] HTTP Request: POST https://xrplcluster.com "HTTP/1.1 200 OK"
2026-07-04 08:01:56,217 [ERROR] ✗ st-pete exception: Request failed, amendmentBlocked: Amendment blocked, need upgrade.
2026-07-04 08:01:57,750 [INFO] HTTP Request: POST https://xrplcluster.com "HTTP/1.1 200 OK"
2026-07-04 08:01:58,085 [INFO] HTTP Request: POST https://xrplcluster.com "HTTP/1.1 200 OK"
2026-07-04 08:01:58,431 [INFO] HTTP Request: POST https://xrplcluster.com "HTTP/1.1 200 OK"
2026-07-04 08:01:58,764 [INFO] HTTP Request: POST https://xrplcluster.com "HTTP/1.1 200 OK"
2026-07-04 08:01:59,183 [INFO] HTTP Request: POST https://xrplcluster.com "HTTP/1.1 200 OK"
2026-07-04 08:01:59,593 [INFO] HTTP Request: POST https://xrplcluster.com "HTTP/1.1 200 OK"
2026-07-04 08:01:59,595 [INFO] ✓ [218/500] appalachian-trail — tesSUCCESS
2026-07-04 08:02:01,129 [INFO] HTTP Request: POST https://xrplcluster.com "HTTP/1.1 200 OK"
2026-07-04 08:02:01,540 [INFO] HTTP Request: POST https://xrplcluster.com "HTTP/1.1 200 OK"
2026-07-04 08:02:01,946 [INFO] HTTP Request: POST https://xrplcluster.com "HTTP/1.1 200 OK"
2026-07-04 08:02:02,562 [INFO] HTTP Request: POST https://xrplcluster.com "HTTP/1.1 200 OK"
2026-07-04 08:02:02,565 [ERROR] ✗ mississippi-river exception: Request failed, amendmentBlocked: Amendment blocked, need upgrade.
2026-07-04 08:02:03,954 [INFO] HTTP Request: POST https://xrplcluster.com "HTTP/1.1 200 OK"
2026-07-04 08:02:04,303 [INFO] HTTP Request: POST https://xrplcluster.com "HTTP/1.1 200 OK"
2026-07-04 08:02:04,707 [INFO] HTTP Request: POST https://xrplcluster.com "HTTP/1.1 200 OK"
2026-07-04 08:02:05,158 [INFO] HTTP Request: POST https://xrplcluster.com "HTTP/1.1 200 OK"
2026-07-04 08:02:05,527 [INFO] HTTP Request: POST https://xrplcluster.com "HTTP/1.1 200 OK"
2026-07-04 08:02:06,044 [INFO] HTTP Request: POST https://xrplcluster.com "HTTP/1.1 200 OK"
2026-07-04 08:02:06,047 [INFO] ✓ [219/500] colorado-river — tesSUCCESS
2026-07-04 08:02:07,479 [INFO] HTTP Request: POST https://xrplcluster.com "HTTP/1.1 200 OK"
2026-07-04 08:02:07,892 [INFO] HTTP Request: POST https://xrplcluster.com "HTTP/1.1 200 OK"
2026-07-04 08:02:08,222 [INFO] HTTP Request: POST https://xrplcluster.com "HTTP/1.1 200 OK"
2026-07-04 08:02:08,661 [INFO] HTTP Request: POST https://xrplcluster.com "HTTP/1.1 200 OK"
2026-07-04 08:02:09,083 [INFO] HTTP Request: POST https://xrplcluster.com "HTTP/1.1 200 OK"
2026-07-04 08:02:09,532 [INFO] HTTP Request: POST https://xrplcluster.com "HTTP/1.1 200 OK"
2026-07-04 08:02:09,534 [INFO] ✓ [220/500] columbia-river — tesSUCCESS
2026-07-04 08:02:10,959 [INFO] HTTP Request: POST https://xrplcluster.com "HTTP/1.1 200 OK"
2026-07-04 08:02:11,305 [INFO] HTTP Request: POST https://xrplcluster.com "HTTP/1.1 200 OK"
2026-07-04 08:02:11,780 [INFO] HTTP Request: POST https://xrplcluster.com "HTTP/1.1 200 OK"
2026-07-04 08:02:12,395 [INFO] HTTP Request: POST https://xrplcluster.com "HTTP/1.1 200 OK"
2026-07-04 08:02:12,397 [ERROR] ✗ great-lakes exception: Request failed, amendmentBlocked: Amendment blocked, need upgrade.
2026-07-04 08:02:13,848 [INFO] HTTP Request: POST https://xrplcluster.com "HTTP/1.1 200 OK"
2026-07-04 08:02:14,191 [INFO] HTTP Request: POST https://xrplcluster.com "HTTP/1.1 200 OK"
2026-07-04 08:02:14,610 [INFO] HTTP Request: POST https://xrplcluster.com "HTTP/1.1 200 OK"
2026-07-04 08:02:15,055 [INFO] HTTP Request: POST https://xrplcluster.com "HTTP/1.1 200 OK"
2026-07-04 08:02:15,671 [INFO] HTTP Request: POST https://xrplcluster.com "HTTP/1.1 200 OK"
2026-07-04 08:02:16,113 [INFO] HTTP Request: POST https://xrplcluster.com "HTTP/1.1 200 OK"
2026-07-04 08:02:16,118 [INFO] ✓ [221/500] lake-michigan — tesSUCCESS
2026-07-04 08:02:17,514 [INFO] HTTP Request: POST https://xrplcluster.com "HTTP/1.1 200 OK"
2026-07-04 08:02:18,024 [INFO] HTTP Request: POST https://xrplcluster.com "HTTP/1.1 200 OK"
2026-07-04 08:02:18,435 [INFO] HTTP Request: POST https://xrplcluster.com "HTTP/1.1 200 OK"
2026-07-04 08:02:18,843 [INFO] HTTP Request: POST https://xrplcluster.com "HTTP/1.1 200 OK"
2026-07-04 08:02:19,262 [INFO] HTTP Request: POST https://xrplcluster.com "HTTP/1.1 200 OK"
2026-07-04 08:02:19,697 [INFO] HTTP Request: POST https://xrplcluster.com "HTTP/1.1 200 OK"
2026-07-04 08:02:19,699 [INFO] ✓ [222/500] lake-superior — tesSUCCESS
2026-07-04 08:02:21,199 [INFO] HTTP Request: POST https://xrplcluster.com "HTTP/1.1 200 OK"
2026-07-04 08:02:21,608 [INFO] HTTP Request: POST https://xrplcluster.com "HTTP/1.1 200 OK"
2026-07-04 08:02:22,030 [INFO] HTTP Request: POST https://xrplcluster.com "HTTP/1.1 200 OK"
2026-07-04 08:02:22,430 [INFO] HTTP Request: POST https://xrplcluster.com "HTTP/1.1 200 OK"
2026-07-04 08:02:22,940 [INFO] HTTP Request: POST https://xrplcluster.com "HTTP/1.1 200 OK"
2026-07-04 08:02:23,453 [INFO] HTTP Request: POST https://xrplcluster.com "HTTP/1.1 200 OK"
2026-07-04 08:02:23,455 [INFO] ✓ [223/500] death-valley — tesSUCCESS
2026-07-04 08:02:24,796 [INFO] HTTP Request: POST https://xrplcluster.com "HTTP/1.1 200 OK"
2026-07-04 08:02:25,295 [INFO] HTTP Request: POST https://xrplcluster.com "HTTP/1.1 200 OK"
2026-07-04 08:02:25,821 [INFO] HTTP Request: POST https://xrplcluster.com "HTTP/1.1 200 OK"
2026-07-04 08:02:26,224 [INFO] HTTP Request: POST https://xrplcluster.com "HTTP/1.1 200 OK"
2026-07-04 08:02:26,595 [INFO] HTTP Request: POST https://xrplcluster.com "HTTP/1.1 200 OK"
2026-07-04 08:02:27,145 [INFO] HTTP Request: POST https://xrplcluster.com "HTTP/1.1 200 OK"
2026-07-04 08:02:27,146 [ERROR] ✗ mojave-desert exception: Request failed, amendmentBlocked: Amendment blocked, need upgrade.
2026-07-04 08:02:28,573 [INFO] HTTP Request: POST https://xrplcluster.com "HTTP/1.1 200 OK"
2026-07-04 08:02:29,118 [INFO] HTTP Request: POST https://xrplcluster.com "HTTP/1.1 200 OK"
2026-07-04 08:02:29,495 [INFO] HTTP Request: POST https://xrplcluster.com "HTTP/1.1 200 OK"
2026-07-04 08:02:30,108 [INFO] HTTP Request: POST https://xrplcluster.com "HTTP/1.1 200 OK"
2026-07-04 08:02:30,113 [ERROR] ✗ great-plains exception: Request failed, amendmentBlocked: Amendment blocked, need upgrade.
2026-07-04 08:02:31,555 [INFO] HTTP Request: POST https://xrplcluster.com "HTTP/1.1 200 OK"
2026-07-04 08:02:31,953 [INFO] HTTP Request: POST https://xrplcluster.com "HTTP/1.1 200 OK"
2026-07-04 08:02:32,361 [INFO] HTTP Request: POST https://xrplcluster.com "HTTP/1.1 200 OK"
2026-07-04 08:02:32,978 [INFO] HTTP Request: POST https://xrplcluster.com "HTTP/1.1 200 OK"
2026-07-04 08:02:32,981 [ERROR] ✗ rocky-mountains exception: Request failed, amendmentBlocked: Amendment blocked, need upgrade.
2026-07-04 08:02:34,410 [INFO] HTTP Request: POST https://xrplcluster.com "HTTP/1.1 200 OK"
2026-07-04 08:02:35,023 [INFO] HTTP Request: POST https://xrplcluster.com "HTTP/1.1 200 OK"
2026-07-04 08:02:35,639 [INFO] HTTP Request: POST https://xrplcluster.com "HTTP/1.1 200 OK"
2026-07-04 08:02:36,048 [INFO] HTTP Request: POST https://xrplcluster.com "HTTP/1.1 200 OK"
2026-07-04 08:02:36,559 [INFO] HTTP Request: POST https://xrplcluster.com "HTTP/1.1 200 OK"
2026-07-04 08:02:36,970 [INFO] HTTP Request: POST https://xrplcluster.com "HTTP/1.1 200 OK"
2026-07-04 08:02:36,972 [INFO] ✓ [224/500] sierra-nevada — tesSUCCESS
2026-07-04 08:02:38,405 [INFO] HTTP Request: POST https://xrplcluster.com "HTTP/1.1 200 OK"
2026-07-04 08:02:38,919 [INFO] HTTP Request: POST https://xrplcluster.com "HTTP/1.1 200 OK"
2026-07-04 08:02:39,324 [INFO] HTTP Request: POST https://xrplcluster.com "HTTP/1.1 200 OK"
2026-07-04 08:02:39,736 [INFO] HTTP Request: POST https://xrplcluster.com "HTTP/1.1 200 OK"
2026-07-04 08:02:40,144 [INFO] HTTP Request: POST https://xrplcluster.com "HTTP/1.1 200 OK"
2026-07-04 08:02:40,656 [INFO] HTTP Request: POST https://xrplcluster.com "HTTP/1.1 200 OK"
2026-07-04 08:02:40,657 [INFO] ✓ [225/500] alaska-range — tesSUCCESS
2026-07-04 08:02:42,208 [INFO] HTTP Request: POST https://xrplcluster.com "HTTP/1.1 200 OK"
2026-07-04 08:02:42,213 [ERROR] ✗ mount-whitney exception: Request failed, amendmentBlocked: Amendment blocked, need upgrade.
2026-07-04 08:02:43,627 [INFO] HTTP Request: POST https://xrplcluster.com "HTTP/1.1 200 OK"
2026-07-04 08:02:44,035 [INFO] HTTP Request: POST https://xrplcluster.com "HTTP/1.1 200 OK"
2026-07-04 08:02:44,547 [INFO] HTTP Request: POST https://xrplcluster.com "HTTP/1.1 200 OK"
2026-07-04 08:02:45,161 [INFO] HTTP Request: POST https://xrplcluster.com "HTTP/1.1 200 OK"
2026-07-04 08:02:45,167 [ERROR] ✗ mount-mckinley exception: Request failed, amendmentBlocked: Amendment blocked, need upgrade.
2026-07-04 08:02:46,597 [INFO] HTTP Request: POST https://xrplcluster.com "HTTP/1.1 200 OK"
2026-07-04 08:02:47,211 [INFO] HTTP Request: POST https://xrplcluster.com "HTTP/1.1 200 OK"
2026-07-04 08:02:47,723 [INFO] HTTP Request: POST https://xrplcluster.com "HTTP/1.1 200 OK"
2026-07-04 08:02:48,131 [INFO] HTTP Request: POST https://xrplcluster.com "HTTP/1.1 200 OK"
2026-07-04 08:02:48,561 [INFO] HTTP Request: POST https://xrplcluster.com "HTTP/1.1 200 OK"
2026-07-04 08:02:48,899 [INFO] HTTP Request: POST https://xrplcluster.com "HTTP/1.1 200 OK"
2026-07-04 08:02:48,903 [INFO] ✓ [226/500] yellowstone-river — tesSUCCESS
2026-07-04 08:02:50,282 [INFO] HTTP Request: POST https://xrplcluster.com "HTTP/1.1 200 OK"
2026-07-04 08:02:50,692 [INFO] HTTP Request: POST https://xrplcluster.com "HTTP/1.1 200 OK"
2026-07-04 08:02:51,307 [INFO] HTTP Request: POST https://xrplcluster.com "HTTP/1.1 200 OK"
2026-07-04 08:02:51,685 [INFO] HTTP Request: POST https://xrplcluster.com "HTTP/1.1 200 OK"
2026-07-04 08:02:52,126 [INFO] HTTP Request: POST https://xrplcluster.com "HTTP/1.1 200 OK"
2026-07-04 08:02:52,636 [INFO] HTTP Request: POST https://xrplcluster.com "HTTP/1.1 200 OK"
2026-07-04 08:02:52,638 [INFO] ✓ [227/500] great-barrier — tesSUCCESS
2026-07-04 08:02:54,172 [INFO] HTTP Request: POST https://xrplcluster.com "HTTP/1.1 200 OK"
2026-07-04 08:02:54,685 [INFO] HTTP Request: POST https://xrplcluster.com "HTTP/1.1 200 OK"
2026-07-04 08:02:55,094 [INFO] HTTP Request: POST https://xrplcluster.com "HTTP/1.1 200 OK"
2026-07-04 08:02:55,709 [INFO] HTTP Request: POST https://xrplcluster.com "HTTP/1.1 200 OK"
2026-07-04 08:02:55,712 [ERROR] ✗ florida-keys exception: Request failed, amendmentBlocked: Amendment blocked, need upgrade.
2026-07-04 08:02:57,259 [INFO] HTTP Request: POST https://xrplcluster.com "HTTP/1.1 200 OK"
2026-07-04 08:02:57,261 [ERROR] ✗ outer-banks exception: Request failed, amendmentBlocked: Amendment blocked, need upgrade.
2026-07-04 08:02:58,782 [INFO] HTTP Request: POST https://xrplcluster.com "HTTP/1.1 200 OK"
2026-07-04 08:02:59,293 [INFO] HTTP Request: POST https://xrplcluster.com "HTTP/1.1 200 OK"
2026-07-04 08:02:59,702 [INFO] HTTP Request: POST https://xrplcluster.com "HTTP/1.1 200 OK"
2026-07-04 08:03:00,237 [INFO] HTTP Request: POST https://xrplcluster.com "HTTP/1.1 200 OK"
2026-07-04 08:03:00,240 [ERROR] ✗ cape-cod exception: Request failed, amendmentBlocked: Amendment blocked, need upgrade.
2026-07-04 08:03:01,572 [INFO] HTTP Request: POST https://xrplcluster.com "HTTP/1.1 200 OK"
2026-07-04 08:03:02,160 [INFO] HTTP Request: POST https://xrplcluster.com "HTTP/1.1 200 OK"
2026-07-04 08:03:02,586 [INFO] HTTP Request: POST https://xrplcluster.com "HTTP/1.1 200 OK"
2026-07-04 08:03:03,082 [INFO] HTTP Request: POST https://xrplcluster.com "HTTP/1.1 200 OK"
2026-07-04 08:03:03,492 [INFO] HTTP Request: POST https://xrplcluster.com "HTTP/1.1 200 OK"
2026-07-04 08:03:03,847 [INFO] HTTP Request: POST https://xrplcluster.com "HTTP/1.1 200 OK"
2026-07-04 08:03:03,850 [INFO] ✓ [228/500] big-sur — tesSUCCESS
2026-07-04 08:03:05,335 [INFO] HTTP Request: POST https://xrplcluster.com "HTTP/1.1 200 OK"
2026-07-04 08:03:05,865 [INFO] HTTP Request: POST https://xrplcluster.com "HTTP/1.1 200 OK"
2026-07-04 08:03:06,287 [INFO] HTTP Request: POST https://xrplcluster.com "HTTP/1.1 200 OK"
2026-07-04 08:03:06,767 [INFO] HTTP Request: POST https://xrplcluster.com "HTTP/1.1 200 OK"
2026-07-04 08:03:07,283 [INFO] HTTP Request: POST https://xrplcluster.com "HTTP/1.1 200 OK"
2026-07-04 08:03:07,690 [INFO] HTTP Request: POST https://xrplcluster.com "HTTP/1.1 200 OK"
2026-07-04 08:03:07,693 [INFO] ✓ [229/500] chesapeake-bay — tesSUCCESS
2026-07-04 08:03:09,030 [INFO] HTTP Request: POST https://xrplcluster.com "HTTP/1.1 200 OK"
2026-07-04 08:03:09,533 [INFO] HTTP Request: POST https://xrplcluster.com "HTTP/1.1 200 OK"
2026-07-04 08:03:10,044 [INFO] HTTP Request: POST https://xrplcluster.com "HTTP/1.1 200 OK"
2026-07-04 08:03:10,456 [INFO] HTTP Request: POST https://xrplcluster.com "HTTP/1.1 200 OK"
2026-07-04 08:03:10,967 [INFO] HTTP Request: POST https://xrplcluster.com "HTTP/1.1 200 OK"
2026-07-04 08:03:11,479 [INFO] HTTP Request: POST https://xrplcluster.com "HTTP/1.1 200 OK"
2026-07-04 08:03:11,482 [INFO] ✓ [230/500] puget-sound — tesSUCCESS
2026-07-04 08:03:12,912 [INFO] HTTP Request: POST https://xrplcluster.com "HTTP/1.1 200 OK"
2026-07-04 08:03:13,527 [INFO] HTTP Request: POST https://xrplcluster.com "HTTP/1.1 200 OK"
2026-07-04 08:03:13,937 [INFO] HTTP Request: POST https://xrplcluster.com "HTTP/1.1 200 OK"
2026-07-04 08:03:14,448 [INFO] HTTP Request: POST https://xrplcluster.com "HTTP/1.1 200 OK"
2026-07-04 08:03:14,963 [INFO] HTTP Request: POST https://xrplcluster.com "HTTP/1.1 200 OK"
2026-07-04 08:03:15,370 [INFO] HTTP Request: POST https://xrplcluster.com "HTTP/1.1 200 OK"
2026-07-04 08:03:15,372 [INFO] ✓ [231/500] san-francisco-bay — tesSUCCESS
2026-07-04 08:03:16,714 [INFO] HTTP Request: POST https://xrplcluster.com "HTTP/1.1 200 OK"
2026-07-04 08:03:17,213 [INFO] HTTP Request: POST https://xrplcluster.com "HTTP/1.1 200 OK"
2026-07-04 08:03:17,589 [INFO] HTTP Request: POST https://xrplcluster.com "HTTP/1.1 200 OK"
2026-07-04 08:03:18,002 [INFO] HTTP Request: POST https://xrplcluster.com "HTTP/1.1 200 OK"
2026-07-04 08:03:18,441 [INFO] HTTP Request: POST https://xrplcluster.com "HTTP/1.1 200 OK"
2026-07-04 08:03:18,954 [INFO] HTTP Request: POST https://xrplcluster.com "HTTP/1.1 200 OK"
2026-07-04 08:03:18,956 [INFO] ✓ [232/500] gulf-coast — tesSUCCESS
2026-07-04 08:03:20,293 [INFO] HTTP Request: POST https://xrplcluster.com "HTTP/1.1 200 OK"
2026-07-04 08:03:20,615 [INFO] HTTP Request: POST https://xrplcluster.com "HTTP/1.1 200 OK"
2026-07-04 08:03:21,105 [INFO] HTTP Request: POST https://xrplcluster.com "HTTP/1.1 200 OK"
2026-07-04 08:03:21,603 [INFO] HTTP Request: POST https://xrplcluster.com "HTTP/1.1 200 OK"
2026-07-04 08:03:21,925 [INFO] HTTP Request: POST https://xrplcluster.com "HTTP/1.1 200 OK"
2026-07-04 08:03:22,435 [INFO] HTTP Request: POST https://xrplcluster.com "HTTP/1.1 200 OK"
2026-07-04 08:03:22,438 [INFO] ✓ [233/500] atlantic-coast — tesSUCCESS
2026-07-04 08:03:23,969 [INFO] HTTP Request: POST https://xrplcluster.com "HTTP/1.1 200 OK"
2026-07-04 08:03:23,972 [ERROR] ✗ pacific-coast exception: Request failed, amendmentBlocked: Amendment blocked, need upgrade.
2026-07-04 08:03:25,410 [INFO] HTTP Request: POST https://xrplcluster.com "HTTP/1.1 200 OK"
2026-07-04 08:03:25,950 [INFO] HTTP Request: POST https://xrplcluster.com "HTTP/1.1 200 OK"
2026-07-04 08:03:26,328 [INFO] HTTP Request: POST https://xrplcluster.com "HTTP/1.1 200 OK"
2026-07-04 08:03:26,736 [INFO] HTTP Request: POST https://xrplcluster.com "HTTP/1.1 200 OK"
2026-07-04 08:03:27,248 [INFO] HTTP Request: POST https://xrplcluster.com "HTTP/1.1 200 OK"
2026-07-04 08:03:27,658 [INFO] HTTP Request: POST https://xrplcluster.com "HTTP/1.1 200 OK"
2026-07-04 08:03:27,660 [INFO] ✓ [234/500] great-salt-lake — tesSUCCESS
2026-07-04 08:03:29,093 [INFO] HTTP Request: POST https://xrplcluster.com "HTTP/1.1 200 OK"
2026-07-04 08:03:29,501 [INFO] HTTP Request: POST https://xrplcluster.com "HTTP/1.1 200 OK"
2026-07-04 08:03:30,013 [INFO] HTTP Request: POST https://xrplcluster.com "HTTP/1.1 200 OK"
2026-07-04 08:03:30,422 [INFO] HTTP Request: POST https://xrplcluster.com "HTTP/1.1 200 OK"
2026-07-04 08:03:30,743 [INFO] HTTP Request: POST https://xrplcluster.com "HTTP/1.1 200 OK"
2026-07-04 08:03:31,241 [INFO] HTTP Request: POST https://xrplcluster.com "HTTP/1.1 200 OK"
2026-07-04 08:03:31,243 [INFO] ✓ [235/500] crater-lake — tesSUCCESS
2026-07-04 08:03:32,675 [INFO] HTTP Request: POST https://xrplcluster.com "HTTP/1.1 200 OK"
2026-07-04 08:03:33,192 [INFO] HTTP Request: POST https://xrplcluster.com "HTTP/1.1 200 OK"
2026-07-04 08:03:33,599 [INFO] HTTP Request: POST https://xrplcluster.com "HTTP/1.1 200 OK"
2026-07-04 08:03:34,109 [INFO] HTTP Request: POST https://xrplcluster.com "HTTP/1.1 200 OK"
2026-07-04 08:03:34,520 [INFO] HTTP Request: POST https://xrplcluster.com "HTTP/1.1 200 OK"
2026-07-04 08:03:34,928 [INFO] HTTP Request: POST https://xrplcluster.com "HTTP/1.1 200 OK"
2026-07-04 08:03:34,932 [INFO] ✓ [236/500] lake-tahoe — tesSUCCESS
2026-07-04 08:03:36,469 [INFO] HTTP Request: POST https://xrplcluster.com "HTTP/1.1 200 OK"
2026-07-04 08:03:36,977 [INFO] HTTP Request: POST https://xrplcluster.com "HTTP/1.1 200 OK"
2026-07-04 08:03:37,489 [INFO] HTTP Request: POST https://xrplcluster.com "HTTP/1.1 200 OK"
2026-07-04 08:03:37,803 [INFO] HTTP Request: POST https://xrplcluster.com "HTTP/1.1 200 OK"
2026-07-04 08:03:38,309 [INFO] HTTP Request: POST https://xrplcluster.com "HTTP/1.1 200 OK"
2026-07-04 08:03:38,727 [INFO] HTTP Request: POST https://xrplcluster.com "HTTP/1.1 200 OK"
2026-07-04 08:03:38,731 [INFO] ✓ [237/500] supreme-court — tesSUCCESS
2026-07-04 08:03:40,356 [INFO] HTTP Request: POST https://xrplcluster.com "HTTP/1.1 200 OK"
2026-07-04 08:03:40,361 [ERROR] ✗ congress exception: Request failed, amendmentBlocked: Amendment blocked, need upgrade.
2026-07-04 08:03:41,794 [INFO] HTTP Request: POST https://xrplcluster.com "HTTP/1.1 200 OK"
2026-07-04 08:03:42,198 [INFO] HTTP Request: POST https://xrplcluster.com "HTTP/1.1 200 OK"
2026-07-04 08:03:42,608 [INFO] HTTP Request: POST https://xrplcluster.com "HTTP/1.1 200 OK"
2026-07-04 08:03:43,121 [INFO] HTTP Request: POST https://xrplcluster.com "HTTP/1.1 200 OK"
2026-07-04 08:03:43,633 [INFO] HTTP Request: POST https://xrplcluster.com "HTTP/1.1 200 OK"
2026-07-04 08:03:43,978 [INFO] HTTP Request: POST https://xrplcluster.com "HTTP/1.1 200 OK"
2026-07-04 08:03:43,982 [INFO] ✓ [238/500] senate — tesSUCCESS
2026-07-04 08:03:45,374 [INFO] HTTP Request: POST https://xrplcluster.com "HTTP/1.1 200 OK"
2026-07-04 08:03:45,783 [INFO] HTTP Request: POST https://xrplcluster.com "HTTP/1.1 200 OK"
2026-07-04 08:03:46,397 [INFO] HTTP Request: POST https://xrplcluster.com "HTTP/1.1 200 OK"
2026-07-04 08:03:47,013 [INFO] HTTP Request: POST https://xrplcluster.com "HTTP/1.1 200 OK"
2026-07-04 08:03:47,015 [ERROR] ✗ house-of-representatives exception: Request failed, amendmentBlocked: Amendment blocked, need upgrade.
2026-07-04 08:03:48,444 [INFO] HTTP Request: POST https://xrplcluster.com "HTTP/1.1 200 OK"
2026-07-04 08:03:48,855 [INFO] HTTP Request: POST https://xrplcluster.com "HTTP/1.1 200 OK"
2026-07-04 08:03:49,303 [INFO] HTTP Request: POST https://xrplcluster.com "HTTP/1.1 200 OK"
2026-07-04 08:03:49,778 [INFO] HTTP Request: POST https://xrplcluster.com "HTTP/1.1 200 OK"
2026-07-04 08:03:50,200 [INFO] HTTP Request: POST https://xrplcluster.com "HTTP/1.1 200 OK"
2026-07-04 08:03:50,595 [INFO] HTTP Request: POST https://xrplcluster.com "HTTP/1.1 200 OK"
2026-07-04 08:03:50,599 [INFO] ✓ [239/500] federal-bureau-of-investigation — tesSUCCESS
2026-07-04 08:03:52,236 [INFO] HTTP Request: POST https://xrplcluster.com "HTTP/1.1 200 OK"
2026-07-04 08:03:52,238 [ERROR] ✗ central-intelligence-agency exception: Request failed, amendmentBlocked: Amendment blocked, need upgrade.
2026-07-04 08:03:53,668 [INFO] HTTP Request: POST https://xrplcluster.com "HTTP/1.1 200 OK"
2026-07-04 08:03:54,003 [INFO] HTTP Request: POST https://xrplcluster.com "HTTP/1.1 200 OK"
2026-07-04 08:03:54,386 [INFO] HTTP Request: POST https://xrplcluster.com "HTTP/1.1 200 OK"
2026-07-04 08:03:54,896 [INFO] HTTP Request: POST https://xrplcluster.com "HTTP/1.1 200 OK"
2026-07-04 08:03:55,306 [INFO] HTTP Request: POST https://xrplcluster.com "HTTP/1.1 200 OK"
2026-07-04 08:03:55,659 [INFO] HTTP Request: POST https://xrplcluster.com "HTTP/1.1 200 OK"
2026-07-04 08:03:55,661 [INFO] ✓ [240/500] department-of-defense — tesSUCCESS
2026-07-04 08:03:57,149 [INFO] HTTP Request: POST https://xrplcluster.com "HTTP/1.1 200 OK"
2026-07-04 08:03:57,559 [INFO] HTTP Request: POST https://xrplcluster.com "HTTP/1.1 200 OK"
2026-07-04 08:03:57,970 [INFO] HTTP Request: POST https://xrplcluster.com "HTTP/1.1 200 OK"
2026-07-04 08:03:58,377 [INFO] HTTP Request: POST https://xrplcluster.com "HTTP/1.1 200 OK"
2026-07-04 08:03:58,790 [INFO] HTTP Request: POST https://xrplcluster.com "HTTP/1.1 200 OK"
2026-07-04 08:03:59,200 [INFO] HTTP Request: POST https://xrplcluster.com "HTTP/1.1 200 OK"
2026-07-04 08:03:59,202 [INFO] ✓ [241/500] department-of-treasury — tesSUCCESS
2026-07-04 08:04:00,733 [INFO] HTTP Request: POST https://xrplcluster.com "HTTP/1.1 200 OK"
2026-07-04 08:04:01,274 [INFO] HTTP Request: POST https://xrplcluster.com "HTTP/1.1 200 OK"
2026-07-04 08:04:01,655 [INFO] HTTP Request: POST https://xrplcluster.com "HTTP/1.1 200 OK"
2026-07-04 08:04:02,066 [INFO] HTTP Request: POST https://xrplcluster.com "HTTP/1.1 200 OK"
2026-07-04 08:04:02,388 [INFO] HTTP Request: POST https://xrplcluster.com "HTTP/1.1 200 OK"
2026-07-04 08:04:02,884 [INFO] HTTP Request: POST https://xrplcluster.com "HTTP/1.1 200 OK"
2026-07-04 08:04:02,887 [INFO] ✓ [242/500] department-of-state — tesSUCCESS
2026-07-04 08:04:04,317 [INFO] HTTP Request: POST https://xrplcluster.com "HTTP/1.1 200 OK"
2026-07-04 08:04:04,932 [INFO] HTTP Request: POST https://xrplcluster.com "HTTP/1.1 200 OK"
2026-07-04 08:04:05,342 [INFO] HTTP Request: POST https://xrplcluster.com "HTTP/1.1 200 OK"
2026-07-04 08:04:05,956 [INFO] HTTP Request: POST https://xrplcluster.com "HTTP/1.1 200 OK"
2026-07-04 08:04:05,958 [ERROR] ✗ secret-service exception: Request failed, amendmentBlocked: Amendment blocked, need upgrade.
2026-07-04 08:04:07,385 [INFO] HTTP Request: POST https://xrplcluster.com "HTTP/1.1 200 OK"
2026-07-04 08:04:07,800 [INFO] HTTP Request: POST https://xrplcluster.com "HTTP/1.1 200 OK"
2026-07-04 08:04:08,215 [INFO] HTTP Request: POST https://xrplcluster.com "HTTP/1.1 200 OK"
2026-07-04 08:04:08,629 [INFO] HTTP Request: POST https://xrplcluster.com "HTTP/1.1 200 OK"
2026-07-04 08:04:09,028 [INFO] HTTP Request: POST https://xrplcluster.com "HTTP/1.1 200 OK"
2026-07-04 08:04:09,540 [INFO] HTTP Request: POST https://xrplcluster.com "HTTP/1.1 200 OK"
2026-07-04 08:04:09,542 [INFO] ✓ [243/500] national-guard — tesSUCCESS
2026-07-04 08:04:10,973 [INFO] HTTP Request: POST https://xrplcluster.com "HTTP/1.1 200 OK"
2026-07-04 08:04:11,486 [INFO] HTTP Request: POST https://xrplcluster.com "HTTP/1.1 200 OK"
2026-07-04 08:04:11,905 [INFO] HTTP Request: POST https://xrplcluster.com "HTTP/1.1 200 OK"
2026-07-04 08:04:12,409 [INFO] HTTP Request: POST https://xrplcluster.com "HTTP/1.1 200 OK"
2026-07-04 08:04:12,736 [INFO] HTTP Request: POST https://xrplcluster.com "HTTP/1.1 200 OK"
2026-07-04 08:04:13,226 [INFO] HTTP Request: POST https://xrplcluster.com "HTTP/1.1 200 OK"
2026-07-04 08:04:13,230 [INFO] ✓ [244/500] west-point — tesSUCCESS
2026-07-04 08:04:14,763 [INFO] HTTP Request: POST https://xrplcluster.com "HTTP/1.1 200 OK"
2026-07-04 08:04:15,275 [INFO] HTTP Request: POST https://xrplcluster.com "HTTP/1.1 200 OK"
2026-07-04 08:04:15,617 [INFO] HTTP Request: POST https://xrplcluster.com "HTTP/1.1 200 OK"
2026-07-04 08:04:16,093 [INFO] HTTP Request: POST https://xrplcluster.com "HTTP/1.1 200 OK"
2026-07-04 08:04:16,605 [INFO] HTTP Request: POST https://xrplcluster.com "HTTP/1.1 200 OK"
2026-07-04 08:04:17,117 [INFO] HTTP Request: POST https://xrplcluster.com "HTTP/1.1 200 OK"
2026-07-04 08:04:17,119 [INFO] ✓ [245/500] naval-academy — tesSUCCESS
2026-07-04 08:04:18,551 [INFO] HTTP Request: POST https://xrplcluster.com "HTTP/1.1 200 OK"
2026-07-04 08:04:19,166 [INFO] HTTP Request: POST https://xrplcluster.com "HTTP/1.1 200 OK"
2026-07-04 08:04:19,506 [INFO] HTTP Request: POST https://xrplcluster.com "HTTP/1.1 200 OK"
2026-07-04 08:04:19,882 [INFO] HTTP Request: POST https://xrplcluster.com "HTTP/1.1 200 OK"
2026-07-04 08:04:20,209 [INFO] HTTP Request: POST https://xrplcluster.com "HTTP/1.1 200 OK"
2026-07-04 08:04:20,703 [INFO] HTTP Request: POST https://xrplcluster.com "HTTP/1.1 200 OK"
2026-07-04 08:04:20,705 [INFO] ✓ [246/500] air-force-academy — tesSUCCESS
2026-07-04 08:04:22,135 [INFO] HTTP Request: POST https://xrplcluster.com "HTTP/1.1 200 OK"
2026-07-04 08:04:22,749 [INFO] HTTP Request: POST https://xrplcluster.com "HTTP/1.1 200 OK"
2026-07-04 08:04:23,091 [INFO] HTTP Request: POST https://xrplcluster.com "HTTP/1.1 200 OK"
2026-07-04 08:04:23,773 [INFO] HTTP Request: POST https://xrplcluster.com "HTTP/1.1 200 OK"
2026-07-04 08:04:24,183 [INFO] HTTP Request: POST https://xrplcluster.com "HTTP/1.1 200 OK"
2026-07-04 08:04:24,877 [INFO] HTTP Request: POST https://xrplcluster.com "HTTP/1.1 200 OK"
2026-07-04 08:04:24,882 [INFO] ✓ [247/500] smithsonian — tesSUCCESS
2026-07-04 08:04:26,334 [INFO] HTTP Request: POST https://xrplcluster.com "HTTP/1.1 200 OK"
2026-07-04 08:04:26,846 [INFO] HTTP Request: POST https://xrplcluster.com "HTTP/1.1 200 OK"
2026-07-04 08:04:27,461 [INFO] HTTP Request: POST https://xrplcluster.com "HTTP/1.1 200 OK"
2026-07-04 08:04:27,872 [INFO] HTTP Request: POST https://xrplcluster.com "HTTP/1.1 200 OK"
2026-07-04 08:04:28,279 [INFO] HTTP Request: POST https://xrplcluster.com "HTTP/1.1 200 OK"
2026-07-04 08:04:28,691 [INFO] HTTP Request: POST https://xrplcluster.com "HTTP/1.1 200 OK"
2026-07-04 08:04:28,695 [INFO] ✓ [248/500] library-of-congress — tesSUCCESS
2026-07-04 08:04:30,225 [INFO] HTTP Request: POST https://xrplcluster.com "HTTP/1.1 200 OK"
2026-07-04 08:04:30,650 [INFO] HTTP Request: POST https://xrplcluster.com "HTTP/1.1 200 OK"
2026-07-04 08:04:31,146 [INFO] HTTP Request: POST https://xrplcluster.com "HTTP/1.1 200 OK"
2026-07-04 08:04:31,557 [INFO] HTTP Request: POST https://xrplcluster.com "HTTP/1.1 200 OK"
2026-07-04 08:04:32,099 [INFO] HTTP Request: POST https://xrplcluster.com "HTTP/1.1 200 OK"
2026-07-04 08:04:32,481 [INFO] HTTP Request: POST https://xrplcluster.com "HTTP/1.1 200 OK"
2026-07-04 08:04:32,485 [INFO] ✓ [249/500] national-archives — tesSUCCESS
2026-07-04 08:04:33,824 [INFO] HTTP Request: POST https://xrplcluster.com "HTTP/1.1 200 OK"
2026-07-04 08:04:34,321 [INFO] HTTP Request: POST https://xrplcluster.com "HTTP/1.1 200 OK"
2026-07-04 08:04:34,731 [INFO] HTTP Request: POST https://xrplcluster.com "HTTP/1.1 200 OK"
2026-07-04 08:04:35,140 [INFO] HTTP Request: POST https://xrplcluster.com "HTTP/1.1 200 OK"
2026-07-04 08:04:35,652 [INFO] HTTP Request: POST https://xrplcluster.com "HTTP/1.1 200 OK"
2026-07-04 08:04:36,164 [INFO] HTTP Request: POST https://xrplcluster.com "HTTP/1.1 200 OK"
2026-07-04 08:04:36,166 [INFO] ✓ [250/500] national-park-service — tesSUCCESS
2026-07-04 08:04:37,511 [INFO] HTTP Request: POST https://xrplcluster.com "HTTP/1.1 200 OK"
2026-07-04 08:04:37,836 [INFO] HTTP Request: POST https://xrplcluster.com "HTTP/1.1 200 OK"
2026-07-04 08:04:38,289 [INFO] HTTP Request: POST https://xrplcluster.com "HTTP/1.1 200 OK"
2026-07-04 08:04:38,724 [INFO] HTTP Request: POST https://xrplcluster.com "HTTP/1.1 200 OK"
2026-07-04 08:04:39,134 [INFO] HTTP Request: POST https://xrplcluster.com "HTTP/1.1 200 OK"
2026-07-04 08:04:39,646 [INFO] HTTP Request: POST https://xrplcluster.com "HTTP/1.1 200 OK"
2026-07-04 08:04:39,649 [INFO] ✓ [251/500] interstate-highway — tesSUCCESS
2026-07-04 08:04:41,079 [INFO] HTTP Request: POST https://xrplcluster.com "HTTP/1.1 200 OK"
2026-07-04 08:04:41,507 [INFO] HTTP Request: POST https://xrplcluster.com "HTTP/1.1 200 OK"
2026-07-04 08:04:41,930 [INFO] HTTP Request: POST https://xrplcluster.com "HTTP/1.1 200 OK"
2026-07-04 08:04:42,251 [INFO] HTTP Request: POST https://xrplcluster.com "HTTP/1.1 200 OK"
2026-07-04 08:04:42,719 [INFO] HTTP Request: POST https://xrplcluster.com "HTTP/1.1 200 OK"
2026-07-04 08:04:43,129 [INFO] HTTP Request: POST https://xrplcluster.com "HTTP/1.1 200 OK"
2026-07-04 08:04:43,131 [INFO] ✓ [252/500] hoover-dam — tesSUCCESS
2026-07-04 08:04:44,664 [INFO] HTTP Request: POST https://xrplcluster.com "HTTP/1.1 200 OK"
2026-07-04 08:04:45,073 [INFO] HTTP Request: POST https://xrplcluster.com "HTTP/1.1 200 OK"
2026-07-04 08:04:45,585 [INFO] HTTP Request: POST https://xrplcluster.com "HTTP/1.1 200 OK"
2026-07-04 08:04:46,097 [INFO] HTTP Request: POST https://xrplcluster.com "HTTP/1.1 200 OK"
2026-07-04 08:04:46,608 [INFO] HTTP Request: POST https://xrplcluster.com "HTTP/1.1 200 OK"
2026-07-04 08:04:47,120 [INFO] HTTP Request: POST https://xrplcluster.com "HTTP/1.1 200 OK"
2026-07-04 08:04:47,123 [INFO] ✓ [253/500] brooklyn-bridge — tesSUCCESS
2026-07-04 08:04:48,557 [INFO] HTTP Request: POST https://xrplcluster.com "HTTP/1.1 200 OK"
2026-07-04 08:04:48,963 [INFO] HTTP Request: POST https://xrplcluster.com "HTTP/1.1 200 OK"
2026-07-04 08:04:49,504 [INFO] HTTP Request: POST https://xrplcluster.com "HTTP/1.1 200 OK"
2026-07-04 08:04:49,990 [INFO] HTTP Request: POST https://xrplcluster.com "HTTP/1.1 200 OK"
2026-07-04 08:04:50,398 [INFO] HTTP Request: POST https://xrplcluster.com "HTTP/1.1 200 OK"
2026-07-04 08:04:50,807 [INFO] HTTP Request: POST https://xrplcluster.com "HTTP/1.1 200 OK"
2026-07-04 08:04:50,810 [INFO] ✓ [254/500] empire-state-building — tesSUCCESS
2026-07-04 08:04:52,244 [INFO] HTTP Request: POST https://xrplcluster.com "HTTP/1.1 200 OK"
2026-07-04 08:04:52,754 [INFO] HTTP Request: POST https://xrplcluster.com "HTTP/1.1 200 OK"
2026-07-04 08:04:53,265 [INFO] HTTP Request: POST https://xrplcluster.com "HTTP/1.1 200 OK"
2026-07-04 08:04:53,676 [INFO] HTTP Request: POST https://xrplcluster.com "HTTP/1.1 200 OK"
2026-07-04 08:04:54,187 [INFO] HTTP Request: POST https://xrplcluster.com "HTTP/1.1 200 OK"
2026-07-04 08:04:54,702 [INFO] HTTP Request: POST https://xrplcluster.com "HTTP/1.1 200 OK"
2026-07-04 08:04:54,704 [INFO] ✓ [255/500] one-world-trade — tesSUCCESS
2026-07-04 08:04:56,340 [INFO] HTTP Request: POST https://xrplcluster.com "HTTP/1.1 200 OK"
2026-07-04 08:04:56,342 [ERROR] ✗ pentagon exception: Request failed, amendmentBlocked: Amendment blocked, need upgrade.
2026-07-04 08:04:57,771 [INFO] HTTP Request: POST https://xrplcluster.com "HTTP/1.1 200 OK"
2026-07-04 08:04:58,283 [INFO] HTTP Request: POST https://xrplcluster.com "HTTP/1.1 200 OK"
2026-07-04 08:04:58,795 [INFO] HTTP Request: POST https://xrplcluster.com "HTTP/1.1 200 OK"
2026-07-04 08:04:59,307 [INFO] HTTP Request: POST https://xrplcluster.com "HTTP/1.1 200 OK"
2026-07-04 08:04:59,818 [INFO] HTTP Request: POST https://xrplcluster.com "HTTP/1.1 200 OK"
2026-07-04 08:05:00,332 [INFO] HTTP Request: POST https://xrplcluster.com "HTTP/1.1 200 OK"
2026-07-04 08:05:00,336 [INFO] ✓ [256/500] national-mall — tesSUCCESS
2026-07-04 08:05:01,679 [INFO] HTTP Request: POST https://xrplcluster.com "HTTP/1.1 200 OK"
2026-07-04 08:05:02,073 [INFO] HTTP Request: POST https://xrplcluster.com "HTTP/1.1 200 OK"
2026-07-04 08:05:02,585 [INFO] HTTP Request: POST https://xrplcluster.com "HTTP/1.1 200 OK"
2026-07-04 08:05:03,097 [INFO] HTTP Request: POST https://xrplcluster.com "HTTP/1.1 200 OK"
2026-07-04 08:05:03,505 [INFO] HTTP Request: POST https://xrplcluster.com "HTTP/1.1 200 OK"
2026-07-04 08:05:04,121 [INFO] HTTP Request: POST https://xrplcluster.com "HTTP/1.1 200 OK"
2026-07-04 08:05:04,125 [ERROR] ✗ arlington-cemetery exception: Request failed, amendmentBlocked: Amendment blocked, need upgrade.
2026-07-04 08:05:05,758 [INFO] HTTP Request: POST https://xrplcluster.com "HTTP/1.1 200 OK"
2026-07-04 08:05:05,760 [ERROR] ✗ gettysburg exception: Request failed, amendmentBlocked: Amendment blocked, need upgrade.
2026-07-04 08:05:07,191 [INFO] HTTP Request: POST https://xrplcluster.com "HTTP/1.1 200 OK"
2026-07-04 08:05:07,612 [INFO] HTTP Request: POST https://xrplcluster.com "HTTP/1.1 200 OK"
2026-07-04 08:05:08,113 [INFO] HTTP Request: POST https://xrplcluster.com "HTTP/1.1 200 OK"
2026-07-04 08:05:08,728 [INFO] HTTP Request: POST https://xrplcluster.com "HTTP/1.1 200 OK"
2026-07-04 08:05:08,730 [ERROR] ✗ normandy-american exception: Request failed, amendmentBlocked: Amendment blocked, need upgrade.
2026-07-04 08:05:10,278 [INFO] HTTP Request: POST https://xrplcluster.com "HTTP/1.1 200 OK"
2026-07-04 08:05:10,285 [ERROR] ✗ pearl-harbor exception: Request failed, amendmentBlocked: Amendment blocked, need upgrade.
2026-07-04 08:05:11,697 [INFO] HTTP Request: POST https://xrplcluster.com "HTTP/1.1 200 OK"
2026-07-04 08:05:12,107 [INFO] HTTP Request: POST https://xrplcluster.com "HTTP/1.1 200 OK"
2026-07-04 08:05:12,618 [INFO] HTTP Request: POST https://xrplcluster.com "HTTP/1.1 200 OK"
2026-07-04 08:05:13,028 [INFO] HTTP Request: POST https://xrplcluster.com "HTTP/1.1 200 OK"
2026-07-04 08:05:13,446 [INFO] HTTP Request: POST https://xrplcluster.com "HTTP/1.1 200 OK"
2026-07-04 08:05:13,949 [INFO] HTTP Request: POST https://xrplcluster.com "HTTP/1.1 200 OK"
2026-07-04 08:05:13,951 [INFO] ✓ [257/500] bourbon-street — tesSUCCESS
2026-07-04 08:05:15,300 [INFO] HTTP Request: POST https://xrplcluster.com "HTTP/1.1 200 OK"
2026-07-04 08:05:15,715 [INFO] HTTP Request: POST https://xrplcluster.com "HTTP/1.1 200 OK"
2026-07-04 08:05:16,067 [INFO] HTTP Request: POST https://xrplcluster.com "HTTP/1.1 200 OK"
2026-07-04 08:05:16,497 [INFO] HTTP Request: POST https://xrplcluster.com "HTTP/1.1 200 OK"
2026-07-04 08:05:16,828 [INFO] HTTP Request: POST https://xrplcluster.com "HTTP/1.1 200 OK"
2026-07-04 08:05:17,287 [INFO] HTTP Request: POST https://xrplcluster.com "HTTP/1.1 200 OK"
2026-07-04 08:05:17,289 [INFO] ✓ [258/500] nashville-broadway — tesSUCCESS
2026-07-04 08:05:18,643 [INFO] HTTP Request: POST https://xrplcluster.com "HTTP/1.1 200 OK"
2026-07-04 08:05:19,174 [INFO] HTTP Request: POST https://xrplcluster.com "HTTP/1.1 200 OK"
2026-07-04 08:05:19,514 [INFO] HTTP Request: POST https://xrplcluster.com "HTTP/1.1 200 OK"
2026-07-04 08:05:19,940 [INFO] HTTP Request: POST https://xrplcluster.com "HTTP/1.1 200 OK"
2026-07-04 08:05:20,374 [INFO] HTTP Request: POST https://xrplcluster.com "HTTP/1.1 200 OK"
2026-07-04 08:05:20,811 [INFO] HTTP Request: POST https://xrplcluster.com "HTTP/1.1 200 OK"
2026-07-04 08:05:20,814 [INFO] ✓ [259/500] country-music — tesSUCCESS
2026-07-04 08:05:22,245 [INFO] HTTP Request: POST https://xrplcluster.com "HTTP/1.1 200 OK"
2026-07-04 08:05:22,654 [INFO] HTTP Request: POST https://xrplcluster.com "HTTP/1.1 200 OK"
2026-07-04 08:05:23,165 [INFO] HTTP Request: POST https://xrplcluster.com "HTTP/1.1 200 OK"
2026-07-04 08:05:23,575 [INFO] HTTP Request: POST https://xrplcluster.com "HTTP/1.1 200 OK"
2026-07-04 08:05:23,919 [INFO] HTTP Request: POST https://xrplcluster.com "HTTP/1.1 200 OK"
2026-07-04 08:05:24,253 [INFO] HTTP Request: POST https://xrplcluster.com "HTTP/1.1 200 OK"
2026-07-04 08:05:24,259 [INFO] ✓ [260/500] jazz-music — tesSUCCESS
2026-07-04 08:05:25,679 [INFO] HTTP Request: POST https://xrplcluster.com "HTTP/1.1 200 OK"
2026-07-04 08:05:26,136 [INFO] HTTP Request: POST https://xrplcluster.com "HTTP/1.1 200 OK"
2026-07-04 08:05:26,649 [INFO] HTTP Request: POST https://xrplcluster.com "HTTP/1.1 200 OK"
2026-07-04 08:05:27,061 [INFO] HTTP Request: POST https://xrplcluster.com "HTTP/1.1 200 OK"
2026-07-04 08:05:27,672 [INFO] HTTP Request: POST https://xrplcluster.com "HTTP/1.1 200 OK"
2026-07-04 08:05:28,081 [INFO] HTTP Request: POST https://xrplcluster.com "HTTP/1.1 200 OK"
2026-07-04 08:05:28,082 [INFO] ✓ [261/500] blues-music — tesSUCCESS
2026-07-04 08:05:29,618 [INFO] HTTP Request: POST https://xrplcluster.com "HTTP/1.1 200 OK"
2026-07-04 08:05:30,233 [INFO] HTTP Request: POST https://xrplcluster.com "HTTP/1.1 200 OK"
2026-07-04 08:05:30,743 [INFO] HTTP Request: POST https://xrplcluster.com "HTTP/1.1 200 OK"
2026-07-04 08:05:31,157 [INFO] HTTP Request: POST https://xrplcluster.com "HTTP/1.1 200 OK"
2026-07-04 08:05:31,580 [INFO] HTTP Request: POST https://xrplcluster.com "HTTP/1.1 200 OK"
2026-07-04 08:05:32,074 [INFO] HTTP Request: POST https://xrplcluster.com "HTTP/1.1 200 OK"
2026-07-04 08:05:32,076 [INFO] ✓ [262/500] rock-and-roll — tesSUCCESS
2026-07-04 08:05:33,508 [INFO] HTTP Request: POST https://xrplcluster.com "HTTP/1.1 200 OK"
2026-07-04 08:05:33,834 [INFO] HTTP Request: POST https://xrplcluster.com "HTTP/1.1 200 OK"
2026-07-04 08:05:34,328 [INFO] HTTP Request: POST https://xrplcluster.com "HTTP/1.1 200 OK"
2026-07-04 08:05:34,678 [INFO] HTTP Request: POST https://xrplcluster.com "HTTP/1.1 200 OK"
2026-07-04 08:05:35,251 [INFO] HTTP Request: POST https://xrplcluster.com "HTTP/1.1 200 OK"
2026-07-04 08:05:35,672 [INFO] HTTP Request: POST https://xrplcluster.com "HTTP/1.1 200 OK"
2026-07-04 08:05:35,674 [INFO] ✓ [263/500] hip-hop — tesSUCCESS
2026-07-04 08:05:37,096 [INFO] HTTP Request: POST https://xrplcluster.com "HTTP/1.1 200 OK"
2026-07-04 08:05:37,513 [INFO] HTTP Request: POST https://xrplcluster.com "HTTP/1.1 200 OK"
2026-07-04 08:05:37,872 [INFO] HTTP Request: POST https://xrplcluster.com "HTTP/1.1 200 OK"
2026-07-04 08:05:38,528 [INFO] HTTP Request: POST https://xrplcluster.com "HTTP/1.1 200 OK"
2026-07-04 08:05:39,040 [INFO] HTTP Request: POST https://xrplcluster.com "HTTP/1.1 200 OK"
2026-07-04 08:05:39,550 [INFO] HTTP Request: POST https://xrplcluster.com "HTTP/1.1 200 OK"
2026-07-04 08:05:39,552 [INFO] ✓ [264/500] american-football — tesSUCCESS
2026-07-04 08:05:40,983 [INFO] HTTP Request: POST https://xrplcluster.com "HTTP/1.1 200 OK"
2026-07-04 08:05:41,495 [INFO] HTTP Request: POST https://xrplcluster.com "HTTP/1.1 200 OK"
2026-07-04 08:05:42,007 [INFO] HTTP Request: POST https://xrplcluster.com "HTTP/1.1 200 OK"
2026-07-04 08:05:42,413 [INFO] HTTP Request: POST https://xrplcluster.com "HTTP/1.1 200 OK"
2026-07-04 08:05:42,928 [INFO] HTTP Request: POST https://xrplcluster.com "HTTP/1.1 200 OK"
2026-07-04 08:05:43,339 [INFO] HTTP Request: POST https://xrplcluster.com "HTTP/1.1 200 OK"
2026-07-04 08:05:43,341 [INFO] ✓ [265/500] baseball — tesSUCCESS
2026-07-04 08:05:44,772 [INFO] HTTP Request: POST https://xrplcluster.com "HTTP/1.1 200 OK"
2026-07-04 08:05:45,181 [INFO] HTTP Request: POST https://xrplcluster.com "HTTP/1.1 200 OK"
2026-07-04 08:05:45,591 [INFO] HTTP Request: POST https://xrplcluster.com "HTTP/1.1 200 OK"
2026-07-04 08:05:46,004 [INFO] HTTP Request: POST https://xrplcluster.com "HTTP/1.1 200 OK"
2026-07-04 08:05:46,616 [INFO] HTTP Request: POST https://xrplcluster.com "HTTP/1.1 200 OK"
2026-07-04 08:05:47,128 [INFO] HTTP Request: POST https://xrplcluster.com "HTTP/1.1 200 OK"
2026-07-04 08:05:47,129 [INFO] ✓ [266/500] basketball — tesSUCCESS
2026-07-04 08:05:48,664 [INFO] HTTP Request: POST https://xrplcluster.com "HTTP/1.1 200 OK"
2026-07-04 08:05:49,178 [INFO] HTTP Request: POST https://xrplcluster.com "HTTP/1.1 200 OK"
2026-07-04 08:05:49,517 [INFO] HTTP Request: POST https://xrplcluster.com "HTTP/1.1 200 OK"
2026-07-04 08:05:49,995 [INFO] HTTP Request: POST https://xrplcluster.com "HTTP/1.1 200 OK"
2026-07-04 08:05:50,422 [INFO] HTTP Request: POST https://xrplcluster.com "HTTP/1.1 200 OK"
2026-07-04 08:05:50,749 [INFO] HTTP Request: POST https://xrplcluster.com "HTTP/1.1 200 OK"
2026-07-04 08:05:50,751 [INFO] ✓ [267/500] rodeo — tesSUCCESS
2026-07-04 08:05:52,351 [INFO] HTTP Request: POST https://xrplcluster.com "HTTP/1.1 200 OK"
2026-07-04 08:05:52,354 [ERROR] ✗ thanksgiving exception: Request failed, amendmentBlocked: Amendment blocked, need upgrade.
2026-07-04 08:05:53,786 [INFO] HTTP Request: POST https://xrplcluster.com "HTTP/1.1 200 OK"
2026-07-04 08:05:54,194 [INFO] HTTP Request: POST https://xrplcluster.com "HTTP/1.1 200 OK"
2026-07-04 08:05:54,602 [INFO] HTTP Request: POST https://xrplcluster.com "HTTP/1.1 200 OK"
2026-07-04 08:05:55,115 [INFO] HTTP Request: POST https://xrplcluster.com "HTTP/1.1 200 OK"
2026-07-04 08:05:55,521 [INFO] HTTP Request: POST https://xrplcluster.com "HTTP/1.1 200 OK"
2026-07-04 08:05:56,139 [INFO] HTTP Request: POST https://xrplcluster.com "HTTP/1.1 200 OK"
2026-07-04 08:05:56,141 [INFO] ✓ [268/500] free-speech — tesSUCCESS
2026-07-04 08:05:57,555 [INFO] HTTP Request: POST https://xrplcluster.com "HTTP/1.1 200 OK"
2026-07-04 08:05:57,976 [INFO] HTTP Request: POST https://xrplcluster.com "HTTP/1.1 200 OK"
2026-07-04 08:05:58,394 [INFO] HTTP Request: POST https://xrplcluster.com "HTTP/1.1 200 OK"
2026-07-04 08:05:58,918 [INFO] HTTP Request: POST https://xrplcluster.com "HTTP/1.1 200 OK"
2026-07-04 08:05:58,921 [ERROR] ✗ right-to-bear-arms exception: Request failed, amendmentBlocked: Amendment blocked, need upgrade.
2026-07-04 08:06:00,544 [INFO] HTTP Request: POST https://xrplcluster.com "HTTP/1.1 200 OK"
2026-07-04 08:06:00,547 [ERROR] ✗ due-process exception: Request failed, amendmentBlocked: Amendment blocked, need upgrade.
2026-07-04 08:06:01,898 [INFO] HTTP Request: POST https://xrplcluster.com "HTTP/1.1 200 OK"
2026-07-04 08:06:02,310 [INFO] HTTP Request: POST https://xrplcluster.com "HTTP/1.1 200 OK"
2026-07-04 08:06:02,759 [INFO] HTTP Request: POST https://xrplcluster.com "HTTP/1.1 200 OK"
2026-07-04 08:06:03,206 [INFO] HTTP Request: POST https://xrplcluster.com "HTTP/1.1 200 OK"
2026-07-04 08:06:03,614 [INFO] HTTP Request: POST https://xrplcluster.com "HTTP/1.1 200 OK"
2026-07-04 08:06:04,126 [INFO] HTTP Request: POST https://xrplcluster.com "HTTP/1.1 200 OK"
2026-07-04 08:06:04,131 [INFO] ✓ [269/500] equal-protection — tesSUCCESS
2026-07-04 08:06:05,662 [INFO] HTTP Request: POST https://xrplcluster.com "HTTP/1.1 200 OK"
2026-07-04 08:06:06,088 [INFO] HTTP Request: POST https://xrplcluster.com "HTTP/1.1 200 OK"
2026-07-04 08:06:06,419 [INFO] HTTP Request: POST https://xrplcluster.com "HTTP/1.1 200 OK"
2026-07-04 08:06:06,744 [INFO] HTTP Request: POST https://xrplcluster.com "HTTP/1.1 200 OK"
2026-07-04 08:06:07,201 [INFO] HTTP Request: POST https://xrplcluster.com "HTTP/1.1 200 OK"
2026-07-04 08:06:07,543 [INFO] HTTP Request: POST https://xrplcluster.com "HTTP/1.1 200 OK"
2026-07-04 08:06:07,545 [INFO] ✓ [270/500] separation-of-powers — tesSUCCESS
2026-07-04 08:06:09,248 [INFO] HTTP Request: POST https://xrplcluster.com "HTTP/1.1 200 OK"
2026-07-04 08:06:09,657 [INFO] HTTP Request: POST https://xrplcluster.com "HTTP/1.1 200 OK"
2026-07-04 08:06:10,066 [INFO] HTTP Request: POST https://xrplcluster.com "HTTP/1.1 200 OK"
2026-07-04 08:06:10,477 [INFO] HTTP Request: POST https://xrplcluster.com "HTTP/1.1 200 OK"
2026-07-04 08:06:11,022 [INFO] HTTP Request: POST https://xrplcluster.com "HTTP/1.1 200 OK"
2026-07-04 08:06:11,388 [INFO] HTTP Request: POST https://xrplcluster.com "HTTP/1.1 200 OK"
2026-07-04 08:06:11,392 [INFO] ✓ [271/500] checks-and-balances — tesSUCCESS
2026-07-04 08:06:13,035 [INFO] HTTP Request: POST https://xrplcluster.com "HTTP/1.1 200 OK"
2026-07-04 08:06:13,038 [ERROR] ✗ rule-of-law exception: Request failed, amendmentBlocked: Amendment blocked, need upgrade.
2026-07-04 08:06:14,470 [INFO] HTTP Request: POST https://xrplcluster.com "HTTP/1.1 200 OK"
2026-07-04 08:06:14,881 [INFO] HTTP Request: POST https://xrplcluster.com "HTTP/1.1 200 OK"
2026-07-04 08:06:15,431 [INFO] HTTP Request: POST https://xrplcluster.com "HTTP/1.1 200 OK"
2026-07-04 08:06:15,802 [INFO] HTTP Request: POST https://xrplcluster.com "HTTP/1.1 200 OK"
2026-07-04 08:06:16,313 [INFO] HTTP Request: POST https://xrplcluster.com "HTTP/1.1 200 OK"
2026-07-04 08:06:16,825 [INFO] HTTP Request: POST https://xrplcluster.com "HTTP/1.1 200 OK"
2026-07-04 08:06:16,827 [INFO] ✓ [272/500] religious-freedom — tesSUCCESS
2026-07-04 08:06:18,258 [INFO] HTTP Request: POST https://xrplcluster.com "HTTP/1.1 200 OK"
2026-07-04 08:06:18,590 [INFO] HTTP Request: POST https://xrplcluster.com "HTTP/1.1 200 OK"
2026-07-04 08:06:19,020 [INFO] HTTP Request: POST https://xrplcluster.com "HTTP/1.1 200 OK"
2026-07-04 08:06:19,344 [INFO] HTTP Request: POST https://xrplcluster.com "HTTP/1.1 200 OK"
2026-07-04 08:06:19,776 [INFO] HTTP Request: POST https://xrplcluster.com "HTTP/1.1 200 OK"
2026-07-04 08:06:20,206 [INFO] HTTP Request: POST https://xrplcluster.com "HTTP/1.1 200 OK"
2026-07-04 08:06:20,207 [INFO] ✓ [273/500] press-freedom — tesSUCCESS
2026-07-04 08:06:21,657 [INFO] HTTP Request: POST https://xrplcluster.com "HTTP/1.1 200 OK"
2026-07-04 08:06:22,047 [INFO] HTTP Request: POST https://xrplcluster.com "HTTP/1.1 200 OK"
2026-07-04 08:06:22,458 [INFO] HTTP Request: POST https://xrplcluster.com "HTTP/1.1 200 OK"
2026-07-04 08:06:22,866 [INFO] HTTP Request: POST https://xrplcluster.com "HTTP/1.1 200 OK"
2026-07-04 08:06:23,378 [INFO] HTTP Request: POST https://xrplcluster.com "HTTP/1.1 200 OK"
2026-07-04 08:06:23,787 [INFO] HTTP Request: POST https://xrplcluster.com "HTTP/1.1 200 OK"
2026-07-04 08:06:23,789 [INFO] ✓ [274/500] right-to-vote — tesSUCCESS
2026-07-04 08:06:25,222 [INFO] HTTP Request: POST https://xrplcluster.com "HTTP/1.1 200 OK"
2026-07-04 08:06:25,552 [INFO] HTTP Request: POST https://xrplcluster.com "HTTP/1.1 200 OK"
2026-07-04 08:06:25,991 [INFO] HTTP Request: POST https://xrplcluster.com "HTTP/1.1 200 OK"
2026-07-04 08:06:26,452 [INFO] HTTP Request: POST https://xrplcluster.com "HTTP/1.1 200 OK"
2026-07-04 08:06:26,773 [INFO] HTTP Request: POST https://xrplcluster.com "HTTP/1.1 200 OK"
2026-07-04 08:06:27,112 [INFO] HTTP Request: POST https://xrplcluster.com "HTTP/1.1 200 OK"
2026-07-04 08:06:27,117 [INFO] ✓ [275/500] civil-rights — tesSUCCESS
2026-07-04 08:06:28,807 [INFO] HTTP Request: POST https://xrplcluster.com "HTTP/1.1 200 OK"
2026-07-04 08:06:29,136 [INFO] HTTP Request: POST https://xrplcluster.com "HTTP/1.1 200 OK"
2026-07-04 08:06:29,623 [INFO] HTTP Request: POST https://xrplcluster.com "HTTP/1.1 200 OK"
2026-07-04 08:06:30,033 [INFO] HTTP Request: POST https://xrplcluster.com "HTTP/1.1 200 OK"
2026-07-04 08:06:30,445 [INFO] HTTP Request: POST https://xrplcluster.com "HTTP/1.1 200 OK"
2026-07-04 08:06:30,783 [INFO] HTTP Request: POST https://xrplcluster.com "HTTP/1.1 200 OK"
2026-07-04 08:06:30,785 [INFO] ✓ [276/500] equal-rights — tesSUCCESS
2026-07-04 08:06:32,200 [INFO] HTTP Request: POST https://xrplcluster.com "HTTP/1.1 200 OK"
2026-07-04 08:06:32,697 [INFO] HTTP Request: POST https://xrplcluster.com "HTTP/1.1 200 OK"
2026-07-04 08:06:33,111 [INFO] HTTP Request: POST https://xrplcluster.com "HTTP/1.1 200 OK"
2026-07-04 08:06:33,513 [INFO] HTTP Request: POST https://xrplcluster.com "HTTP/1.1 200 OK"
2026-07-04 08:06:33,839 [INFO] HTTP Request: POST https://xrplcluster.com "HTTP/1.1 200 OK"
2026-07-04 08:06:34,267 [INFO] HTTP Request: POST https://xrplcluster.com "HTTP/1.1 200 OK"
2026-07-04 08:06:34,269 [INFO] ✓ [277/500] womens-suffrage — tesSUCCESS
2026-07-04 08:06:35,770 [INFO] HTTP Request: POST https://xrplcluster.com "HTTP/1.1 200 OK"
2026-07-04 08:06:36,098 [INFO] HTTP Request: POST https://xrplcluster.com "HTTP/1.1 200 OK"
2026-07-04 08:06:36,691 [INFO] HTTP Request: POST https://xrplcluster.com "HTTP/1.1 200 OK"
2026-07-04 08:06:37,103 [INFO] HTTP Request: POST https://xrplcluster.com "HTTP/1.1 200 OK"
2026-07-04 08:06:37,434 [INFO] HTTP Request: POST https://xrplcluster.com "HTTP/1.1 200 OK"
2026-07-04 08:06:37,884 [INFO] HTTP Request: POST https://xrplcluster.com "HTTP/1.1 200 OK"
2026-07-04 08:06:37,891 [INFO] ✓ [278/500] abolition — tesSUCCESS
2026-07-04 08:06:39,251 [INFO] HTTP Request: POST https://xrplcluster.com "HTTP/1.1 200 OK"
2026-07-04 08:06:39,762 [INFO] HTTP Request: POST https://xrplcluster.com "HTTP/1.1 200 OK"
2026-07-04 08:06:40,083 [INFO] HTTP Request: POST https://xrplcluster.com "HTTP/1.1 200 OK"
2026-07-04 08:06:40,401 [INFO] HTTP Request: POST https://xrplcluster.com "HTTP/1.1 200 OK"
2026-07-04 08:06:40,888 [INFO] HTTP Request: POST https://xrplcluster.com "HTTP/1.1 200 OK"
2026-07-04 08:06:41,298 [INFO] HTTP Request: POST https://xrplcluster.com "HTTP/1.1 200 OK"
2026-07-04 08:06:41,300 [INFO] ✓ [279/500] reconstruction — tesSUCCESS
2026-07-04 08:06:42,716 [INFO] HTTP Request: POST https://xrplcluster.com "HTTP/1.1 200 OK"
2026-07-04 08:06:43,141 [INFO] HTTP Request: POST https://xrplcluster.com "HTTP/1.1 200 OK"
2026-07-04 08:06:43,653 [INFO] HTTP Request: POST https://xrplcluster.com "HTTP/1.1 200 OK"
2026-07-04 08:06:43,973 [INFO] HTTP Request: POST https://xrplcluster.com "HTTP/1.1 200 OK"
2026-07-04 08:06:44,378 [INFO] HTTP Request: POST https://xrplcluster.com "HTTP/1.1 200 OK"
2026-07-04 08:06:44,779 [INFO] HTTP Request: POST https://xrplcluster.com "HTTP/1.1 200 OK"
2026-07-04 08:06:44,781 [INFO] ✓ [280/500] new-deal — tesSUCCESS
2026-07-04 08:06:46,127 [INFO] HTTP Request: POST https://xrplcluster.com "HTTP/1.1 200 OK"
2026-07-04 08:06:46,623 [INFO] HTTP Request: POST https://xrplcluster.com "HTTP/1.1 200 OK"
2026-07-04 08:06:47,032 [INFO] HTTP Request: POST https://xrplcluster.com "HTTP/1.1 200 OK"
2026-07-04 08:06:47,442 [INFO] HTTP Request: POST https://xrplcluster.com "HTTP/1.1 200 OK"
2026-07-04 08:06:47,955 [INFO] HTTP Request: POST https://xrplcluster.com "HTTP/1.1 200 OK"
2026-07-04 08:06:48,494 [INFO] HTTP Request: POST https://xrplcluster.com "HTTP/1.1 200 OK"
2026-07-04 08:06:48,497 [ERROR] ✗ great-society exception: Request failed, amendmentBlocked: Amendment blocked, need upgrade.
2026-07-04 08:06:50,002 [INFO] HTTP Request: POST https://xrplcluster.com "HTTP/1.1 200 OK"
2026-07-04 08:06:50,413 [INFO] HTTP Request: POST https://xrplcluster.com "HTTP/1.1 200 OK"
2026-07-04 08:06:50,924 [INFO] HTTP Request: POST https://xrplcluster.com "HTTP/1.1 200 OK"
2026-07-04 08:06:51,335 [INFO] HTTP Request: POST https://xrplcluster.com "HTTP/1.1 200 OK"
2026-07-04 08:06:51,743 [INFO] HTTP Request: POST https://xrplcluster.com "HTTP/1.1 200 OK"
2026-07-04 08:06:52,153 [INFO] HTTP Request: POST https://xrplcluster.com "HTTP/1.1 200 OK"
2026-07-04 08:06:52,155 [INFO] ✓ [281/500] reagan-revolution — tesSUCCESS
2026-07-04 08:06:53,587 [INFO] HTTP Request: POST https://xrplcluster.com "HTTP/1.1 200 OK"
2026-07-04 08:06:54,098 [INFO] HTTP Request: POST https://xrplcluster.com "HTTP/1.1 200 OK"
2026-07-04 08:06:54,508 [INFO] HTTP Request: POST https://xrplcluster.com "HTTP/1.1 200 OK"
2026-07-04 08:06:54,918 [INFO] HTTP Request: POST https://xrplcluster.com "HTTP/1.1 200 OK"
2026-07-04 08:06:55,471 [INFO] HTTP Request: POST https://xrplcluster.com "HTTP/1.1 200 OK"
2026-07-04 08:06:56,054 [INFO] HTTP Request: POST https://xrplcluster.com "HTTP/1.1 200 OK"
2026-07-04 08:06:56,058 [ERROR] ✗ american-exceptionalism exception: Request failed, amendmentBlocked: Amendment blocked, need upgrade.
2026-07-04 08:06:57,477 [INFO] HTTP Request: POST https://xrplcluster.com "HTTP/1.1 200 OK"
2026-07-04 08:06:57,812 [INFO] HTTP Request: POST https://xrplcluster.com "HTTP/1.1 200 OK"
2026-07-04 08:06:58,228 [INFO] HTTP Request: POST https://xrplcluster.com "HTTP/1.1 200 OK"
2026-07-04 08:06:58,646 [INFO] HTTP Request: POST https://xrplcluster.com "HTTP/1.1 200 OK"
2026-07-04 08:06:59,116 [INFO] HTTP Request: POST https://xrplcluster.com "HTTP/1.1 200 OK"
2026-07-04 08:06:59,541 [INFO] HTTP Request: POST https://xrplcluster.com "HTTP/1.1 200 OK"
2026-07-04 08:06:59,543 [INFO] ✓ [282/500] american-melting-pot — tesSUCCESS
2026-07-04 08:07:01,077 [INFO] HTTP Request: POST https://xrplcluster.com "HTTP/1.1 200 OK"
2026-07-04 08:07:01,081 [ERROR] ✗ e-pluribus-unum exception: Request failed, amendmentBlocked: Amendment blocked, need upgrade.
2026-07-04 08:07:02,436 [INFO] HTTP Request: POST https://xrplcluster.com "HTTP/1.1 200 OK"
2026-07-04 08:07:02,804 [INFO] HTTP Request: POST https://xrplcluster.com "HTTP/1.1 200 OK"
2026-07-04 08:07:03,313 [INFO] HTTP Request: POST https://xrplcluster.com "HTTP/1.1 200 OK"
2026-07-04 08:07:03,724 [INFO] HTTP Request: POST https://xrplcluster.com "HTTP/1.1 200 OK"
2026-07-04 08:07:04,135 [INFO] HTTP Request: POST https://xrplcluster.com "HTTP/1.1 200 OK"
2026-07-04 08:07:04,547 [INFO] HTTP Request: POST https://xrplcluster.com "HTTP/1.1 200 OK"
2026-07-04 08:07:04,550 [INFO] ✓ [283/500] in-god-we-trust — tesSUCCESS
2026-07-04 08:07:06,083 [INFO] HTTP Request: POST https://xrplcluster.com "HTTP/1.1 200 OK"
2026-07-04 08:07:06,086 [ERROR] ✗ land-of-the-free exception: Request failed, amendmentBlocked: Amendment blocked, need upgrade.
2026-07-04 08:07:07,512 [INFO] HTTP Request: POST https://xrplcluster.com "HTTP/1.1 200 OK"
2026-07-04 08:07:07,848 [INFO] HTTP Request: POST https://xrplcluster.com "HTTP/1.1 200 OK"
2026-07-04 08:07:08,171 [INFO] HTTP Request: POST https://xrplcluster.com "HTTP/1.1 200 OK"
2026-07-04 08:07:08,578 [INFO] HTTP Request: POST https://xrplcluster.com "HTTP/1.1 200 OK"
2026-07-04 08:07:08,948 [INFO] HTTP Request: POST https://xrplcluster.com "HTTP/1.1 200 OK"
2026-07-04 08:07:09,358 [INFO] HTTP Request: POST https://xrplcluster.com "HTTP/1.1 200 OK"
2026-07-04 08:07:09,360 [INFO] ✓ [284/500] home-of-the-brave — tesSUCCESS
2026-07-04 08:07:10,790 [INFO] HTTP Request: POST https://xrplcluster.com "HTTP/1.1 200 OK"
2026-07-04 08:07:11,301 [INFO] HTTP Request: POST https://xrplcluster.com "HTTP/1.1 200 OK"
2026-07-04 08:07:11,626 [INFO] HTTP Request: POST https://xrplcluster.com "HTTP/1.1 200 OK"
2026-07-04 08:07:12,121 [INFO] HTTP Request: POST https://xrplcluster.com "HTTP/1.1 200 OK"
2026-07-04 08:07:12,442 [INFO] HTTP Request: POST https://xrplcluster.com "HTTP/1.1 200 OK"
2026-07-04 08:07:12,839 [INFO] HTTP Request: POST https://xrplcluster.com "HTTP/1.1 200 OK"
2026-07-04 08:07:12,840 [INFO] ✓ [285/500] american-pioneer — tesSUCCESS
2026-07-04 08:07:14,375 [INFO] HTTP Request: POST https://xrplcluster.com "HTTP/1.1 200 OK"
2026-07-04 08:07:14,378 [ERROR] ✗ american-work-ethic exception: Request failed, amendmentBlocked: Amendment blocked, need upgrade.
2026-07-04 08:07:15,717 [INFO] HTTP Request: POST https://xrplcluster.com "HTTP/1.1 200 OK"
2026-07-04 08:07:16,138 [INFO] HTTP Request: POST https://xrplcluster.com "HTTP/1.1 200 OK"
2026-07-04 08:07:16,517 [INFO] HTTP Request: POST https://xrplcluster.com "HTTP/1.1 200 OK"
2026-07-04 08:07:16,937 [INFO] HTTP Request: POST https://xrplcluster.com "HTTP/1.1 200 OK"
2026-07-04 08:07:17,511 [INFO] HTTP Request: POST https://xrplcluster.com "HTTP/1.1 200 OK"
2026-07-04 08:07:17,949 [INFO] HTTP Request: POST https://xrplcluster.com "HTTP/1.1 200 OK"
2026-07-04 08:07:17,951 [INFO] ✓ [286/500] american-optimism — tesSUCCESS
2026-07-04 08:07:19,391 [INFO] HTTP Request: POST https://xrplcluster.com "HTTP/1.1 200 OK"
2026-07-04 08:07:19,736 [INFO] HTTP Request: POST https://xrplcluster.com "HTTP/1.1 200 OK"
2026-07-04 08:07:20,165 [INFO] HTTP Request: POST https://xrplcluster.com "HTTP/1.1 200 OK"
2026-07-04 08:07:20,504 [INFO] HTTP Request: POST https://xrplcluster.com "HTTP/1.1 200 OK"
2026-07-04 08:07:20,928 [INFO] HTTP Request: POST https://xrplcluster.com "HTTP/1.1 200 OK"
2026-07-04 08:07:21,439 [INFO] HTTP Request: POST https://xrplcluster.com "HTTP/1.1 200 OK"
2026-07-04 08:07:21,441 [INFO] ✓ [287/500] american-ingenuity — tesSUCCESS
2026-07-04 08:07:22,872 [INFO] HTTP Request: POST https://xrplcluster.com "HTTP/1.1 200 OK"
2026-07-04 08:07:23,205 [INFO] HTTP Request: POST https://xrplcluster.com "HTTP/1.1 200 OK"
2026-07-04 08:07:23,591 [INFO] HTTP Request: POST https://xrplcluster.com "HTTP/1.1 200 OK"
2026-07-04 08:07:24,068 [INFO] HTTP Request: POST https://xrplcluster.com "HTTP/1.1 200 OK"
2026-07-04 08:07:24,511 [INFO] HTTP Request: POST https://xrplcluster.com "HTTP/1.1 200 OK"
2026-07-04 08:07:24,921 [INFO] HTTP Request: POST https://xrplcluster.com "HTTP/1.1 200 OK"
2026-07-04 08:07:24,924 [INFO] ✓ [288/500] one-nation-under-god — tesSUCCESS
2026-07-04 08:07:26,329 [INFO] HTTP Request: POST https://xrplcluster.com "HTTP/1.1 200 OK"
2026-07-04 08:07:26,667 [INFO] HTTP Request: POST https://xrplcluster.com "HTTP/1.1 200 OK"
2026-07-04 08:07:27,081 [INFO] HTTP Request: POST https://xrplcluster.com "HTTP/1.1 200 OK"
2026-07-04 08:07:27,405 [INFO] HTTP Request: POST https://xrplcluster.com "HTTP/1.1 200 OK"
2026-07-04 08:07:27,787 [INFO] HTTP Request: POST https://xrplcluster.com "HTTP/1.1 200 OK"
2026-07-04 08:07:28,197 [INFO] HTTP Request: POST https://xrplcluster.com "HTTP/1.1 200 OK"
2026-07-04 08:07:28,200 [INFO] ✓ [289/500] mayflower-compact — tesSUCCESS
2026-07-04 08:07:29,635 [INFO] HTTP Request: POST https://xrplcluster.com "HTTP/1.1 200 OK"
2026-07-04 08:07:30,144 [INFO] HTTP Request: POST https://xrplcluster.com "HTTP/1.1 200 OK"
2026-07-04 08:07:30,654 [INFO] HTTP Request: POST https://xrplcluster.com "HTTP/1.1 200 OK"
2026-07-04 08:07:31,169 [INFO] HTTP Request: POST https://xrplcluster.com "HTTP/1.1 200 OK"
2026-07-04 08:07:31,589 [INFO] HTTP Request: POST https://xrplcluster.com "HTTP/1.1 200 OK"
2026-07-04 08:07:31,987 [INFO] HTTP Request: POST https://xrplcluster.com "HTTP/1.1 200 OK"
2026-07-04 08:07:31,989 [INFO] ✓ [290/500] thirteen-colonies — tesSUCCESS
2026-07-04 08:07:33,406 [INFO] HTTP Request: POST https://xrplcluster.com "HTTP/1.1 200 OK"
2026-07-04 08:07:34,035 [INFO] HTTP Request: POST https://xrplcluster.com "HTTP/1.1 200 OK"
2026-07-04 08:07:34,546 [INFO] HTTP Request: POST https://xrplcluster.com "HTTP/1.1 200 OK"
2026-07-04 08:07:35,058 [INFO] HTTP Request: POST https://xrplcluster.com "HTTP/1.1 200 OK"
2026-07-04 08:07:35,571 [INFO] HTTP Request: POST https://xrplcluster.com "HTTP/1.1 200 OK"
2026-07-04 08:07:36,083 [INFO] HTTP Request: POST https://xrplcluster.com "HTTP/1.1 200 OK"
2026-07-04 08:07:36,085 [INFO] ✓ [291/500] boston-massacre — tesSUCCESS
2026-07-04 08:07:37,516 [INFO] HTTP Request: POST https://xrplcluster.com "HTTP/1.1 200 OK"
2026-07-04 08:07:37,922 [INFO] HTTP Request: POST https://xrplcluster.com "HTTP/1.1 200 OK"
2026-07-04 08:07:38,438 [INFO] HTTP Request: POST https://xrplcluster.com "HTTP/1.1 200 OK"
2026-07-04 08:07:38,949 [INFO] HTTP Request: POST https://xrplcluster.com "HTTP/1.1 200 OK"
2026-07-04 08:07:39,366 [INFO] HTTP Request: POST https://xrplcluster.com "HTTP/1.1 200 OK"
2026-07-04 08:07:39,786 [INFO] HTTP Request: POST https://xrplcluster.com "HTTP/1.1 200 OK"
2026-07-04 08:07:39,788 [INFO] ✓ [292/500] son-of-liberty — tesSUCCESS
2026-07-04 08:07:41,217 [INFO] HTTP Request: POST https://xrplcluster.com "HTTP/1.1 200 OK"
2026-07-04 08:07:41,606 [INFO] HTTP Request: POST https://xrplcluster.com "HTTP/1.1 200 OK"
2026-07-04 08:07:42,014 [INFO] HTTP Request: POST https://xrplcluster.com "HTTP/1.1 200 OK"
2026-07-04 08:07:42,534 [INFO] HTTP Request: POST https://xrplcluster.com "HTTP/1.1 200 OK"
2026-07-04 08:07:42,945 [INFO] HTTP Request: POST https://xrplcluster.com "HTTP/1.1 200 OK"
2026-07-04 08:07:43,280 [INFO] HTTP Request: POST https://xrplcluster.com "HTTP/1.1 200 OK"
2026-07-04 08:07:43,282 [INFO] ✓ [293/500] valley-forge — tesSUCCESS
2026-07-04 08:07:44,684 [INFO] HTTP Request: POST https://xrplcluster.com "HTTP/1.1 200 OK"
2026-07-04 08:07:45,197 [INFO] HTTP Request: POST https://xrplcluster.com "HTTP/1.1 200 OK"
2026-07-04 08:07:45,709 [INFO] HTTP Request: POST https://xrplcluster.com "HTTP/1.1 200 OK"
2026-07-04 08:07:46,117 [INFO] HTTP Request: POST https://xrplcluster.com "HTTP/1.1 200 OK"
2026-07-04 08:07:46,528 [INFO] HTTP Request: POST https://xrplcluster.com "HTTP/1.1 200 OK"
2026-07-04 08:07:46,937 [INFO] HTTP Request: POST https://xrplcluster.com "HTTP/1.1 200 OK"
2026-07-04 08:07:46,940 [INFO] ✓ [294/500] crossing-the-delaware — tesSUCCESS
2026-07-04 08:07:48,372 [INFO] HTTP Request: POST https://xrplcluster.com "HTTP/1.1 200 OK"
2026-07-04 08:07:48,788 [INFO] HTTP Request: POST https://xrplcluster.com "HTTP/1.1 200 OK"
2026-07-04 08:07:49,318 [INFO] HTTP Request: POST https://xrplcluster.com "HTTP/1.1 200 OK"
2026-07-04 08:07:49,643 [INFO] HTTP Request: POST https://xrplcluster.com "HTTP/1.1 200 OK"
2026-07-04 08:07:50,112 [INFO] HTTP Request: POST https://xrplcluster.com "HTTP/1.1 200 OK"
2026-07-04 08:07:50,531 [INFO] HTTP Request: POST https://xrplcluster.com "HTTP/1.1 200 OK"
2026-07-04 08:07:50,534 [INFO] ✓ [295/500] monroe-doctrine — tesSUCCESS
2026-07-04 08:07:52,056 [INFO] HTTP Request: POST https://xrplcluster.com "HTTP/1.1 200 OK"
2026-07-04 08:07:52,662 [INFO] HTTP Request: POST https://xrplcluster.com "HTTP/1.1 200 OK"
2026-07-04 08:07:53,081 [INFO] HTTP Request: POST https://xrplcluster.com "HTTP/1.1 200 OK"
2026-07-04 08:07:53,490 [INFO] HTTP Request: POST https://xrplcluster.com "HTTP/1.1 200 OK"
2026-07-04 08:07:54,002 [INFO] HTTP Request: POST https://xrplcluster.com "HTTP/1.1 200 OK"
2026-07-04 08:07:54,514 [INFO] HTTP Request: POST https://xrplcluster.com "HTTP/1.1 200 OK"
2026-07-04 08:07:54,516 [INFO] ✓ [296/500] mexican-american-war — tesSUCCESS
2026-07-04 08:07:55,953 [INFO] HTTP Request: POST https://xrplcluster.com "HTTP/1.1 200 OK"
2026-07-04 08:07:56,286 [INFO] HTTP Request: POST https://xrplcluster.com "HTTP/1.1 200 OK"
2026-07-04 08:07:56,707 [INFO] HTTP Request: POST https://xrplcluster.com "HTTP/1.1 200 OK"
2026-07-04 08:07:57,163 [INFO] HTTP Request: POST https://xrplcluster.com "HTTP/1.1 200 OK"
2026-07-04 08:07:57,587 [INFO] HTTP Request: POST https://xrplcluster.com "HTTP/1.1 200 OK"
2026-07-04 08:07:57,998 [INFO] HTTP Request: POST https://xrplcluster.com "HTTP/1.1 200 OK"
2026-07-04 08:07:58,000 [INFO] ✓ [297/500] gold-rush — tesSUCCESS
2026-07-04 08:07:59,441 [INFO] HTTP Request: POST https://xrplcluster.com "HTTP/1.1 200 OK"
2026-07-04 08:07:59,765 [INFO] HTTP Request: POST https://xrplcluster.com "HTTP/1.1 200 OK"
2026-07-04 08:08:00,148 [INFO] HTTP Request: POST https://xrplcluster.com "HTTP/1.1 200 OK"
2026-07-04 08:08:00,557 [INFO] HTTP Request: POST https://xrplcluster.com "HTTP/1.1 200 OK"
2026-07-04 08:08:01,070 [INFO] HTTP Request: POST https://xrplcluster.com "HTTP/1.1 200 OK"
2026-07-04 08:08:01,546 [INFO] HTTP Request: POST https://xrplcluster.com "HTTP/1.1 200 OK"
2026-07-04 08:08:01,549 [INFO] ✓ [298/500] transcontinental-railroad — tesSUCCESS
2026-07-04 08:08:02,913 [INFO] HTTP Request: POST https://xrplcluster.com "HTTP/1.1 200 OK"
2026-07-04 08:08:03,528 [INFO] HTTP Request: POST https://xrplcluster.com "HTTP/1.1 200 OK"
2026-07-04 08:08:04,053 [INFO] HTTP Request: POST https://xrplcluster.com "HTTP/1.1 200 OK"
2026-07-04 08:08:04,551 [INFO] HTTP Request: POST https://xrplcluster.com "HTTP/1.1 200 OK"
2026-07-04 08:08:05,164 [INFO] HTTP Request: POST https://xrplcluster.com "HTTP/1.1 200 OK"
2026-07-04 08:08:05,603 [INFO] HTTP Request: POST https://xrplcluster.com "HTTP/1.1 200 OK"
2026-07-04 08:08:05,606 [INFO] ✓ [299/500] prohibition — tesSUCCESS
2026-07-04 08:08:07,110 [INFO] HTTP Request: POST https://xrplcluster.com "HTTP/1.1 200 OK"
2026-07-04 08:08:07,514 [INFO] HTTP Request: POST https://xrplcluster.com "HTTP/1.1 200 OK"
2026-07-04 08:08:08,135 [INFO] HTTP Request: POST https://xrplcluster.com "HTTP/1.1 200 OK"
2026-07-04 08:08:08,556 [INFO] HTTP Request: POST https://xrplcluster.com "HTTP/1.1 200 OK"
2026-07-04 08:08:09,039 [INFO] HTTP Request: POST https://xrplcluster.com "HTTP/1.1 200 OK"
2026-07-04 08:08:09,380 [INFO] HTTP Request: POST https://xrplcluster.com "HTTP/1.1 200 OK"
2026-07-04 08:08:09,383 [INFO] ✓ [300/500] great-depression — tesSUCCESS
2026-07-04 08:08:10,899 [INFO] HTTP Request: POST https://xrplcluster.com "HTTP/1.1 200 OK"
2026-07-04 08:08:11,411 [INFO] HTTP Request: POST https://xrplcluster.com "HTTP/1.1 200 OK"
2026-07-04 08:08:11,823 [INFO] HTTP Request: POST https://xrplcluster.com "HTTP/1.1 200 OK"
2026-07-04 08:08:12,142 [INFO] HTTP Request: POST https://xrplcluster.com "HTTP/1.1 200 OK"
2026-07-04 08:08:12,639 [INFO] HTTP Request: POST https://xrplcluster.com "HTTP/1.1 200 OK"
2026-07-04 08:08:13,051 [INFO] HTTP Request: POST https://xrplcluster.com "HTTP/1.1 200 OK"
2026-07-04 08:08:13,053 [INFO] ✓ [301/500] dust-bowl — tesSUCCESS
2026-07-04 08:08:14,587 [INFO] HTTP Request: POST https://xrplcluster.com "HTTP/1.1 200 OK"
2026-07-04 08:08:15,098 [INFO] HTTP Request: POST https://xrplcluster.com "HTTP/1.1 200 OK"
2026-07-04 08:08:15,550 [INFO] HTTP Request: POST https://xrplcluster.com "HTTP/1.1 200 OK"
2026-07-04 08:08:15,918 [INFO] HTTP Request: POST https://xrplcluster.com "HTTP/1.1 200 OK"
2026-07-04 08:08:16,429 [INFO] HTTP Request: POST https://xrplcluster.com "HTTP/1.1 200 OK"
2026-07-04 08:08:17,045 [INFO] HTTP Request: POST https://xrplcluster.com "HTTP/1.1 200 OK"
2026-07-04 08:08:17,047 [ERROR] ✗ world-war-two-victory exception: Request failed, amendmentBlocked: Amendment blocked, need upgrade.
2026-07-04 08:08:18,579 [INFO] HTTP Request: POST https://xrplcluster.com "HTTP/1.1 200 OK"
2026-07-04 08:08:19,003 [INFO] HTTP Request: POST https://xrplcluster.com "HTTP/1.1 200 OK"
2026-07-04 08:08:19,428 [INFO] HTTP Request: POST https://xrplcluster.com "HTTP/1.1 200 OK"
2026-07-04 08:08:19,911 [INFO] HTTP Request: POST https://xrplcluster.com "HTTP/1.1 200 OK"
2026-07-04 08:08:20,322 [INFO] HTTP Request: POST https://xrplcluster.com "HTTP/1.1 200 OK"
2026-07-04 08:08:20,832 [INFO] HTTP Request: POST https://xrplcluster.com "HTTP/1.1 200 OK"
2026-07-04 08:08:20,835 [INFO] ✓ [302/500] marshall-plan — tesSUCCESS
2026-07-04 08:08:22,470 [INFO] HTTP Request: POST https://xrplcluster.com "HTTP/1.1 200 OK"
2026-07-04 08:08:22,473 [ERROR] ✗ korean-war exception: Request failed, amendmentBlocked: Amendment blocked, need upgrade.
2026-07-04 08:08:23,819 [INFO] HTTP Request: POST https://xrplcluster.com "HTTP/1.1 200 OK"
2026-07-04 08:08:24,416 [INFO] HTTP Request: POST https://xrplcluster.com "HTTP/1.1 200 OK"
2026-07-04 08:08:24,928 [INFO] HTTP Request: POST https://xrplcluster.com "HTTP/1.1 200 OK"
2026-07-04 08:08:25,338 [INFO] HTTP Request: POST https://xrplcluster.com "HTTP/1.1 200 OK"
2026-07-04 08:08:25,759 [INFO] HTTP Request: POST https://xrplcluster.com "HTTP/1.1 200 OK"
2026-07-04 08:08:26,263 [INFO] HTTP Request: POST https://xrplcluster.com "HTTP/1.1 200 OK"
2026-07-04 08:08:26,265 [INFO] ✓ [303/500] vietnam-war — tesSUCCESS
2026-07-04 08:08:27,693 [INFO] HTTP Request: POST https://xrplcluster.com "HTTP/1.1 200 OK"
2026-07-04 08:08:28,102 [INFO] HTTP Request: POST https://xrplcluster.com "HTTP/1.1 200 OK"
2026-07-04 08:08:28,512 [INFO] HTTP Request: POST https://xrplcluster.com "HTTP/1.1 200 OK"
2026-07-04 08:08:29,024 [INFO] HTTP Request: POST https://xrplcluster.com "HTTP/1.1 200 OK"
2026-07-04 08:08:29,434 [INFO] HTTP Request: POST https://xrplcluster.com "HTTP/1.1 200 OK"
2026-07-04 08:08:29,947 [INFO] HTTP Request: POST https://xrplcluster.com "HTTP/1.1 200 OK"
2026-07-04 08:08:29,948 [INFO] ✓ [304/500] moon-landing — tesSUCCESS
2026-07-04 08:08:31,379 [INFO] HTTP Request: POST https://xrplcluster.com "HTTP/1.1 200 OK"
2026-07-04 08:08:31,786 [INFO] HTTP Request: POST https://xrplcluster.com "HTTP/1.1 200 OK"
2026-07-04 08:08:32,314 [INFO] HTTP Request: POST https://xrplcluster.com "HTTP/1.1 200 OK"
2026-07-04 08:08:32,915 [INFO] HTTP Request: POST https://xrplcluster.com "HTTP/1.1 200 OK"
2026-07-04 08:08:32,918 [ERROR] ✗ watergate exception: Request failed, amendmentBlocked: Amendment blocked, need upgrade.
2026-07-04 08:08:34,554 [INFO] HTTP Request: POST https://xrplcluster.com "HTTP/1.1 200 OK"
2026-07-04 08:08:34,556 [ERROR] ✗ iran-hostage exception: Request failed, amendmentBlocked: Amendment blocked, need upgrade.
2026-07-04 08:08:36,091 [INFO] HTTP Request: POST https://xrplcluster.com "HTTP/1.1 200 OK"
2026-07-04 08:08:36,603 [INFO] HTTP Request: POST https://xrplcluster.com "HTTP/1.1 200 OK"
2026-07-04 08:08:37,011 [INFO] HTTP Request: POST https://xrplcluster.com "HTTP/1.1 200 OK"
2026-07-04 08:08:37,438 [INFO] HTTP Request: POST https://xrplcluster.com "HTTP/1.1 200 OK"
2026-07-04 08:08:37,797 [INFO] HTTP Request: POST https://xrplcluster.com "HTTP/1.1 200 OK"
2026-07-04 08:08:38,240 [INFO] HTTP Request: POST https://xrplcluster.com "HTTP/1.1 200 OK"
2026-07-04 08:08:38,242 [INFO] ✓ [305/500] fall-of-berlin-wall — tesSUCCESS
2026-07-04 08:08:39,668 [INFO] HTTP Request: POST https://xrplcluster.com "HTTP/1.1 200 OK"
2026-07-04 08:08:40,186 [INFO] HTTP Request: POST https://xrplcluster.com "HTTP/1.1 200 OK"
2026-07-04 08:08:40,521 [INFO] HTTP Request: POST https://xrplcluster.com "HTTP/1.1 200 OK"
2026-07-04 08:08:41,005 [INFO] HTTP Request: POST https://xrplcluster.com "HTTP/1.1 200 OK"
2026-07-04 08:08:41,517 [INFO] HTTP Request: POST https://xrplcluster.com "HTTP/1.1 200 OK"
2026-07-04 08:08:41,859 [INFO] HTTP Request: POST https://xrplcluster.com "HTTP/1.1 200 OK"
2026-07-04 08:08:41,863 [INFO] ✓ [306/500] gulf-war — tesSUCCESS
2026-07-04 08:08:43,360 [INFO] HTTP Request: POST https://xrplcluster.com "HTTP/1.1 200 OK"
2026-07-04 08:08:43,701 [INFO] HTTP Request: POST https://xrplcluster.com "HTTP/1.1 200 OK"
2026-07-04 08:08:44,179 [INFO] HTTP Request: POST https://xrplcluster.com "HTTP/1.1 200 OK"
2026-07-04 08:08:44,589 [INFO] HTTP Request: POST https://xrplcluster.com "HTTP/1.1 200 OK"
2026-07-04 08:08:44,999 [INFO] HTTP Request: POST https://xrplcluster.com "HTTP/1.1 200 OK"
2026-07-04 08:08:45,511 [INFO] HTTP Request: POST https://xrplcluster.com "HTTP/1.1 200 OK"
2026-07-04 08:08:45,513 [INFO] ✓ [307/500] september-11 — tesSUCCESS
2026-07-04 08:08:47,149 [INFO] HTTP Request: POST https://xrplcluster.com "HTTP/1.1 200 OK"
2026-07-04 08:08:47,151 [ERROR] ✗ war-on-terror exception: Request failed, amendmentBlocked: Amendment blocked, need upgrade.
2026-07-04 08:08:48,480 [INFO] HTTP Request: POST https://xrplcluster.com "HTTP/1.1 200 OK"
2026-07-04 08:08:48,904 [INFO] HTTP Request: POST https://xrplcluster.com "HTTP/1.1 200 OK"
2026-07-04 08:08:49,445 [INFO] HTTP Request: POST https://xrplcluster.com "HTTP/1.1 200 OK"
2026-07-04 08:08:49,857 [INFO] HTTP Request: POST https://xrplcluster.com "HTTP/1.1 200 OK"
2026-07-04 08:08:50,196 [INFO] HTTP Request: POST https://xrplcluster.com "HTTP/1.1 200 OK"
2026-07-04 08:08:50,625 [INFO] HTTP Request: POST https://xrplcluster.com "HTTP/1.1 200 OK"
2026-07-04 08:08:50,627 [INFO] ✓ [308/500] financial-crisis-2008 — tesSUCCESS
2026-07-04 08:08:52,065 [INFO] HTTP Request: POST https://xrplcluster.com "HTTP/1.1 200 OK"
2026-07-04 08:08:52,474 [INFO] HTTP Request: POST https://xrplcluster.com "HTTP/1.1 200 OK"
2026-07-04 08:08:52,883 [INFO] HTTP Request: POST https://xrplcluster.com "HTTP/1.1 200 OK"
2026-07-04 08:08:53,396 [INFO] HTTP Request: POST https://xrplcluster.com "HTTP/1.1 200 OK"
2026-07-04 08:08:53,806 [INFO] HTTP Request: POST https://xrplcluster.com "HTTP/1.1 200 OK"
2026-07-04 08:08:54,318 [INFO] HTTP Request: POST https://xrplcluster.com "HTTP/1.1 200 OK"
2026-07-04 08:08:54,321 [INFO] ✓ [309/500] covid-america — tesSUCCESS
2026-07-04 08:08:55,672 [INFO] HTTP Request: POST https://xrplcluster.com "HTTP/1.1 200 OK"
2026-07-04 08:08:56,161 [INFO] HTTP Request: POST https://xrplcluster.com "HTTP/1.1 200 OK"
2026-07-04 08:08:56,492 [INFO] HTTP Request: POST https://xrplcluster.com "HTTP/1.1 200 OK"
2026-07-04 08:08:57,082 [INFO] HTTP Request: POST https://xrplcluster.com "HTTP/1.1 200 OK"
2026-07-04 08:08:57,084 [ERROR] ✗ january-6 exception: Request failed, amendmentBlocked: Amendment blocked, need upgrade.
2026-07-04 08:08:58,516 [INFO] HTTP Request: POST https://xrplcluster.com "HTTP/1.1 200 OK"
2026-07-04 08:08:58,925 [INFO] HTTP Request: POST https://xrplcluster.com "HTTP/1.1 200 OK"
2026-07-04 08:08:59,242 [INFO] HTTP Request: POST https://xrplcluster.com "HTTP/1.1 200 OK"
2026-07-04 08:08:59,644 [INFO] HTTP Request: POST https://xrplcluster.com "HTTP/1.1 200 OK"
2026-07-04 08:09:00,154 [INFO] HTTP Request: POST https://xrplcluster.com "HTTP/1.1 200 OK"
2026-07-04 08:09:00,584 [INFO] HTTP Request: POST https://xrplcluster.com "HTTP/1.1 200 OK"
2026-07-04 08:09:00,586 [INFO] ✓ [310/500] inflation-reduction-act — tesSUCCESS
2026-07-04 08:09:01,929 [INFO] HTTP Request: POST https://xrplcluster.com "HTTP/1.1 200 OK"
2026-07-04 08:09:02,306 [INFO] HTTP Request: POST https://xrplcluster.com "HTTP/1.1 200 OK"
2026-07-04 08:09:02,642 [INFO] HTTP Request: POST https://xrplcluster.com "HTTP/1.1 200 OK"
2026-07-04 08:09:03,125 [INFO] HTTP Request: POST https://xrplcluster.com "HTTP/1.1 200 OK"
2026-07-04 08:09:03,544 [INFO] HTTP Request: POST https://xrplcluster.com "HTTP/1.1 200 OK"
2026-07-04 08:09:04,147 [INFO] HTTP Request: POST https://xrplcluster.com "HTTP/1.1 200 OK"
2026-07-04 08:09:04,149 [ERROR] ✗ ai-revolution-usa exception: Request failed, amendmentBlocked: Amendment blocked, need upgrade.
2026-07-04 08:09:05,581 [INFO] HTTP Request: POST https://xrplcluster.com "HTTP/1.1 200 OK"
2026-07-04 08:09:05,991 [INFO] HTTP Request: POST https://xrplcluster.com "HTTP/1.1 200 OK"
2026-07-04 08:09:06,328 [INFO] HTTP Request: POST https://xrplcluster.com "HTTP/1.1 200 OK"
2026-07-04 08:09:06,912 [INFO] HTTP Request: POST https://xrplcluster.com "HTTP/1.1 200 OK"
2026-07-04 08:09:06,915 [ERROR] ✗ america-250-celebration exception: Request failed, amendmentBlocked: Amendment blocked, need upgrade.
2026-07-04 08:09:08,346 [INFO] HTTP Request: POST https://xrplcluster.com "HTTP/1.1 200 OK"
2026-07-04 08:09:08,858 [INFO] HTTP Request: POST https://xrplcluster.com "HTTP/1.1 200 OK"
2026-07-04 08:09:09,267 [INFO] HTTP Request: POST https://xrplcluster.com "HTTP/1.1 200 OK"
2026-07-04 08:09:09,678 [INFO] HTTP Request: POST https://xrplcluster.com "HTTP/1.1 200 OK"
2026-07-04 08:09:10,189 [INFO] HTTP Request: POST https://xrplcluster.com "HTTP/1.1 200 OK"
2026-07-04 08:09:10,541 [INFO] HTTP Request: POST https://xrplcluster.com "HTTP/1.1 200 OK"
2026-07-04 08:09:10,543 [INFO] ✓ [311/500] agentification-of-america — tesSUCCESS
2026-07-04 08:09:11,932 [INFO] HTTP Request: POST https://xrplcluster.com "HTTP/1.1 200 OK"
2026-07-04 08:09:12,442 [INFO] HTTP Request: POST https://xrplcluster.com "HTTP/1.1 200 OK"
2026-07-04 08:09:12,954 [INFO] HTTP Request: POST https://xrplcluster.com "HTTP/1.1 200 OK"
2026-07-04 08:09:13,363 [INFO] HTTP Request: POST https://xrplcluster.com "HTTP/1.1 200 OK"
2026-07-04 08:09:13,773 [INFO] HTTP Request: POST https://xrplcluster.com "HTTP/1.1 200 OK"
2026-07-04 08:09:14,148 [INFO] HTTP Request: POST https://xrplcluster.com "HTTP/1.1 200 OK"
2026-07-04 08:09:14,151 [INFO] ✓ [312/500] digital-renaissance-usa — tesSUCCESS
2026-07-04 08:09:15,617 [INFO] HTTP Request: POST https://xrplcluster.com "HTTP/1.1 200 OK"
2026-07-04 08:09:16,129 [INFO] HTTP Request: POST https://xrplcluster.com "HTTP/1.1 200 OK"
2026-07-04 08:09:16,640 [INFO] HTTP Request: POST https://xrplcluster.com "HTTP/1.1 200 OK"
2026-07-04 08:09:17,051 [INFO] HTTP Request: POST https://xrplcluster.com "HTTP/1.1 200 OK"
2026-07-04 08:09:17,460 [INFO] HTTP Request: POST https://xrplcluster.com "HTTP/1.1 200 OK"
2026-07-04 08:09:18,006 [INFO] HTTP Request: POST https://xrplcluster.com "HTTP/1.1 200 OK"
2026-07-04 08:09:18,009 [ERROR] ✗ space-force-usa exception: Request failed, amendmentBlocked: Amendment blocked, need upgrade.
2026-07-04 08:09:19,508 [INFO] HTTP Request: POST https://xrplcluster.com "HTTP/1.1 200 OK"
2026-07-04 08:09:19,847 [INFO] HTTP Request: POST https://xrplcluster.com "HTTP/1.1 200 OK"
2026-07-04 08:09:20,267 [INFO] HTTP Request: POST https://xrplcluster.com "HTTP/1.1 200 OK"
2026-07-04 08:09:20,636 [INFO] HTTP Request: POST https://xrplcluster.com "HTTP/1.1 200 OK"
2026-07-04 08:09:21,146 [INFO] HTTP Request: POST https://xrplcluster.com "HTTP/1.1 200 OK"
2026-07-04 08:09:21,560 [INFO] HTTP Request: POST https://xrplcluster.com "HTTP/1.1 200 OK"
2026-07-04 08:09:21,564 [INFO] ✓ [313/500] american-man — tesSUCCESS
2026-07-04 08:09:22,949 [INFO] HTTP Request: POST https://xrplcluster.com "HTTP/1.1 200 OK"
2026-07-04 08:09:23,365 [INFO] HTTP Request: POST https://xrplcluster.com "HTTP/1.1 200 OK"
2026-07-04 08:09:23,809 [INFO] HTTP Request: POST https://xrplcluster.com "HTTP/1.1 200 OK"
2026-07-04 08:09:24,321 [INFO] HTTP Request: POST https://xrplcluster.com "HTTP/1.1 200 OK"
2026-07-04 08:09:24,732 [INFO] HTTP Request: POST https://xrplcluster.com "HTTP/1.1 200 OK"
2026-07-04 08:09:25,158 [INFO] HTTP Request: POST https://xrplcluster.com "HTTP/1.1 200 OK"
2026-07-04 08:09:25,161 [INFO] ✓ [314/500] american-woman — tesSUCCESS
2026-07-04 08:09:26,587 [INFO] HTTP Request: POST https://xrplcluster.com "HTTP/1.1 200 OK"
2026-07-04 08:09:27,086 [INFO] HTTP Request: POST https://xrplcluster.com "HTTP/1.1 200 OK"
2026-07-04 08:09:27,419 [INFO] HTTP Request: POST https://xrplcluster.com "HTTP/1.1 200 OK"
2026-07-04 08:09:27,804 [INFO] HTTP Request: POST https://xrplcluster.com "HTTP/1.1 200 OK"
2026-07-04 08:09:28,212 [INFO] HTTP Request: POST https://xrplcluster.com "HTTP/1.1 200 OK"
2026-07-04 08:09:28,621 [INFO] HTTP Request: POST https://xrplcluster.com "HTTP/1.1 200 OK"
2026-07-04 08:09:28,624 [INFO] ✓ [315/500] american-children — tesSUCCESS
2026-07-04 08:09:30,055 [INFO] HTTP Request: POST https://xrplcluster.com "HTTP/1.1 200 OK"
2026-07-04 08:09:30,402 [INFO] HTTP Request: POST https://xrplcluster.com "HTTP/1.1 200 OK"
2026-07-04 08:09:30,874 [INFO] HTTP Request: POST https://xrplcluster.com "HTTP/1.1 200 OK"
2026-07-04 08:09:31,386 [INFO] HTTP Request: POST https://xrplcluster.com "HTTP/1.1 200 OK"
2026-07-04 08:09:31,914 [INFO] HTTP Request: POST https://xrplcluster.com "HTTP/1.1 200 OK"
2026-07-04 08:09:32,309 [INFO] HTTP Request: POST https://xrplcluster.com "HTTP/1.1 200 OK"
2026-07-04 08:09:32,312 [INFO] ✓ [316/500] american-families — tesSUCCESS
2026-07-04 08:09:33,736 [INFO] HTTP Request: POST https://xrplcluster.com "HTTP/1.1 200 OK"
2026-07-04 08:09:34,088 [INFO] HTTP Request: POST https://xrplcluster.com "HTTP/1.1 200 OK"
2026-07-04 08:09:34,508 [INFO] HTTP Request: POST https://xrplcluster.com "HTTP/1.1 200 OK"
2026-07-04 08:09:34,855 [INFO] HTTP Request: POST https://xrplcluster.com "HTTP/1.1 200 OK"
2026-07-04 08:09:35,277 [INFO] HTTP Request: POST https://xrplcluster.com "HTTP/1.1 200 OK"
2026-07-04 08:09:35,790 [INFO] HTTP Request: POST https://xrplcluster.com "HTTP/1.1 200 OK"
2026-07-04 08:09:35,791 [INFO] ✓ [317/500] american-community — tesSUCCESS
2026-07-04 08:09:37,223 [INFO] HTTP Request: POST https://xrplcluster.com "HTTP/1.1 200 OK"
2026-07-04 08:09:37,633 [INFO] HTTP Request: POST https://xrplcluster.com "HTTP/1.1 200 OK"
2026-07-04 08:09:38,144 [INFO] HTTP Request: POST https://xrplcluster.com "HTTP/1.1 200 OK"
2026-07-04 08:09:38,565 [INFO] HTTP Request: POST https://xrplcluster.com "HTTP/1.1 200 OK"
2026-07-04 08:09:38,983 [INFO] HTTP Request: POST https://xrplcluster.com "HTTP/1.1 200 OK"
2026-07-04 08:09:39,480 [INFO] HTTP Request: POST https://xrplcluster.com "HTTP/1.1 200 OK"
2026-07-04 08:09:39,483 [INFO] ✓ [318/500] american-neighborhood — tesSUCCESS
2026-07-04 08:09:41,040 [INFO] HTTP Request: POST https://xrplcluster.com "HTTP/1.1 200 OK"
2026-07-04 08:09:41,042 [ERROR] ✗ american-church exception: Request failed, amendmentBlocked: Amendment blocked, need upgrade.
2026-07-04 08:09:42,446 [INFO] HTTP Request: POST https://xrplcluster.com "HTTP/1.1 200 OK"
2026-07-04 08:09:42,856 [INFO] HTTP Request: POST https://xrplcluster.com "HTTP/1.1 200 OK"
2026-07-04 08:09:43,266 [INFO] HTTP Request: POST https://xrplcluster.com "HTTP/1.1 200 OK"
2026-07-04 08:09:43,682 [INFO] HTTP Request: POST https://xrplcluster.com "HTTP/1.1 200 OK"
2026-07-04 08:09:44,102 [INFO] HTTP Request: POST https://xrplcluster.com "HTTP/1.1 200 OK"
2026-07-04 08:09:44,527 [INFO] HTTP Request: POST https://xrplcluster.com "HTTP/1.1 200 OK"
2026-07-04 08:09:44,532 [INFO] ✓ [319/500] american-school — tesSUCCESS
2026-07-04 08:09:45,945 [INFO] HTTP Request: POST https://xrplcluster.com "HTTP/1.1 200 OK"
2026-07-04 08:09:46,304 [INFO] HTTP Request: POST https://xrplcluster.com "HTTP/1.1 200 OK"
2026-07-04 08:09:46,872 [INFO] HTTP Request: POST https://xrplcluster.com "HTTP/1.1 200 OK"
2026-07-04 08:09:47,214 [INFO] HTTP Request: POST https://xrplcluster.com "HTTP/1.1 200 OK"
2026-07-04 08:09:47,551 [INFO] HTTP Request: POST https://xrplcluster.com "HTTP/1.1 200 OK"
2026-07-04 08:09:47,976 [INFO] HTTP Request: POST https://xrplcluster.com "HTTP/1.1 200 OK"
2026-07-04 08:09:47,978 [INFO] ✓ [320/500] faith — tesSUCCESS
2026-07-04 08:09:49,511 [INFO] HTTP Request: POST https://xrplcluster.com "HTTP/1.1 200 OK"
2026-07-04 08:09:49,863 [INFO] HTTP Request: POST https://xrplcluster.com "HTTP/1.1 200 OK"
2026-07-04 08:09:50,330 [INFO] HTTP Request: POST https://xrplcluster.com "HTTP/1.1 200 OK"
2026-07-04 08:09:50,740 [INFO] HTTP Request: POST https://xrplcluster.com "HTTP/1.1 200 OK"
2026-07-04 08:09:51,150 [INFO] HTTP Request: POST https://xrplcluster.com "HTTP/1.1 200 OK"
2026-07-04 08:09:51,662 [INFO] HTTP Request: POST https://xrplcluster.com "HTTP/1.1 200 OK"
2026-07-04 08:09:51,664 [INFO] ✓ [321/500] hope — tesSUCCESS
2026-07-04 08:09:53,095 [INFO] HTTP Request: POST https://xrplcluster.com "HTTP/1.1 200 OK"
2026-07-04 08:09:53,608 [INFO] HTTP Request: POST https://xrplcluster.com "HTTP/1.1 200 OK"
2026-07-04 08:09:54,075 [INFO] HTTP Request: POST https://xrplcluster.com "HTTP/1.1 200 OK"
2026-07-04 08:09:54,441 [INFO] HTTP Request: POST https://xrplcluster.com "HTTP/1.1 200 OK"
2026-07-04 08:09:54,838 [INFO] HTTP Request: POST https://xrplcluster.com "HTTP/1.1 200 OK"
2026-07-04 08:09:55,270 [INFO] HTTP Request: POST https://xrplcluster.com "HTTP/1.1 200 OK"
2026-07-04 08:09:55,273 [INFO] ✓ [322/500] love — tesSUCCESS
2026-07-04 08:09:56,681 [INFO] HTTP Request: POST https://xrplcluster.com "HTTP/1.1 200 OK"
2026-07-04 08:09:57,023 [INFO] HTTP Request: POST https://xrplcluster.com "HTTP/1.1 200 OK"
2026-07-04 08:09:57,557 [INFO] HTTP Request: POST https://xrplcluster.com "HTTP/1.1 200 OK"
2026-07-04 08:09:57,895 [INFO] HTTP Request: POST https://xrplcluster.com "HTTP/1.1 200 OK"
2026-07-04 08:09:58,221 [INFO] HTTP Request: POST https://xrplcluster.com "HTTP/1.1 200 OK"
2026-07-04 08:09:58,728 [INFO] HTTP Request: POST https://xrplcluster.com "HTTP/1.1 200 OK"
2026-07-04 08:09:58,730 [INFO] ✓ [323/500] jesus — tesSUCCESS
2026-07-04 08:10:00,272 [INFO] HTTP Request: POST https://xrplcluster.com "HTTP/1.1 200 OK"
2026-07-04 08:10:00,275 [ERROR] ✗ bible exception: Request failed, amendmentBlocked: Amendment blocked, need upgrade.
2026-07-04 08:10:01,621 [INFO] HTTP Request: POST https://xrplcluster.com "HTTP/1.1 200 OK"
2026-07-04 08:10:01,963 [INFO] HTTP Request: POST https://xrplcluster.com "HTTP/1.1 200 OK"
2026-07-04 08:10:02,487 [INFO] HTTP Request: POST https://xrplcluster.com "HTTP/1.1 200 OK"
2026-07-04 08:10:02,928 [INFO] HTTP Request: POST https://xrplcluster.com "HTTP/1.1 200 OK"
2026-07-04 08:10:03,329 [INFO] HTTP Request: POST https://xrplcluster.com "HTTP/1.1 200 OK"
2026-07-04 08:10:03,682 [INFO] HTTP Request: POST https://xrplcluster.com "HTTP/1.1 200 OK"
2026-07-04 08:10:03,685 [INFO] ✓ [324/500] american-dream — tesSUCCESS
2026-07-04 08:10:05,283 [INFO] HTTP Request: POST https://xrplcluster.com "HTTP/1.1 200 OK"
2026-07-04 08:10:05,284 [ERROR] ✗ freedom exception: Request failed, amendmentBlocked: Amendment blocked, need upgrade.
2026-07-04 08:10:06,782 [INFO] HTTP Request: POST https://xrplcluster.com "HTTP/1.1 200 OK"
2026-07-04 08:10:07,127 [INFO] HTTP Request: POST https://xrplcluster.com "HTTP/1.1 200 OK"
2026-07-04 08:10:07,731 [INFO] HTTP Request: POST https://xrplcluster.com "HTTP/1.1 200 OK"
2026-07-04 08:10:08,128 [INFO] HTTP Request: POST https://xrplcluster.com "HTTP/1.1 200 OK"
2026-07-04 08:10:08,557 [INFO] HTTP Request: POST https://xrplcluster.com "HTTP/1.1 200 OK"
2026-07-04 08:10:08,968 [INFO] HTTP Request: POST https://xrplcluster.com "HTTP/1.1 200 OK"
2026-07-04 08:10:08,970 [INFO] ✓ [325/500] liberty — tesSUCCESS
2026-07-04 08:10:10,405 [INFO] HTTP Request: POST https://xrplcluster.com "HTTP/1.1 200 OK"
2026-07-04 08:10:10,764 [INFO] HTTP Request: POST https://xrplcluster.com "HTTP/1.1 200 OK"
2026-07-04 08:10:11,220 [INFO] HTTP Request: POST https://xrplcluster.com "HTTP/1.1 200 OK"
2026-07-04 08:10:11,629 [INFO] HTTP Request: POST https://xrplcluster.com "HTTP/1.1 200 OK"
2026-07-04 08:10:12,035 [INFO] HTTP Request: POST https://xrplcluster.com "HTTP/1.1 200 OK"
2026-07-04 08:10:12,590 [INFO] HTTP Request: POST https://xrplcluster.com "HTTP/1.1 200 OK"
2026-07-04 08:10:12,592 [ERROR] ✗ capitalism exception: Request failed, amendmentBlocked: Amendment blocked, need upgrade.
2026-07-04 08:10:14,009 [INFO] HTTP Request: POST https://xrplcluster.com "HTTP/1.1 200 OK"
2026-07-04 08:10:14,394 [INFO] HTTP Request: POST https://xrplcluster.com "HTTP/1.1 200 OK"
2026-07-04 08:10:14,804 [INFO] HTTP Request: POST https://xrplcluster.com "HTTP/1.1 200 OK"
2026-07-04 08:10:15,322 [INFO] HTTP Request: POST https://xrplcluster.com "HTTP/1.1 200 OK"
2026-07-04 08:10:15,325 [ERROR] ✗ gold exception: Request failed, amendmentBlocked: Amendment blocked, need upgrade.
2026-07-04 08:10:16,744 [INFO] HTTP Request: POST https://xrplcluster.com "HTTP/1.1 200 OK"
2026-07-04 08:10:17,271 [INFO] HTTP Request: POST https://xrplcluster.com "HTTP/1.1 200 OK"
2026-07-04 08:10:17,674 [INFO] HTTP Request: POST https://xrplcluster.com "HTTP/1.1 200 OK"
2026-07-04 08:10:18,085 [INFO] HTTP Request: POST https://xrplcluster.com "HTTP/1.1 200 OK"
2026-07-04 08:10:18,420 [INFO] HTTP Request: POST https://xrplcluster.com "HTTP/1.1 200 OK"
2026-07-04 08:10:18,838 [INFO] HTTP Request: POST https://xrplcluster.com "HTTP/1.1 200 OK"
2026-07-04 08:10:18,840 [INFO] ✓ [326/500] silver — tesSUCCESS
2026-07-04 08:10:20,233 [INFO] HTTP Request: POST https://xrplcluster.com "HTTP/1.1 200 OK"
2026-07-04 08:10:20,667 [INFO] HTTP Request: POST https://xrplcluster.com "HTTP/1.1 200 OK"
2026-07-04 08:10:21,239 [INFO] HTTP Request: POST https://xrplcluster.com "HTTP/1.1 200 OK"
2026-07-04 08:10:21,572 [INFO] HTTP Request: POST https://xrplcluster.com "HTTP/1.1 200 OK"
2026-07-04 08:10:21,910 [INFO] HTTP Request: POST https://xrplcluster.com "HTTP/1.1 200 OK"
2026-07-04 08:10:22,487 [INFO] HTTP Request: POST https://xrplcluster.com "HTTP/1.1 200 OK"
2026-07-04 08:10:22,491 [ERROR] ✗ sea-to-shining-sea exception: Request failed, amendmentBlocked: Amendment blocked, need upgrade.
2026-07-04 08:10:23,844 [INFO] HTTP Request: POST https://xrplcluster.com "HTTP/1.1 200 OK"
2026-07-04 08:10:24,254 [INFO] HTTP Request: POST https://xrplcluster.com "HTTP/1.1 200 OK"
2026-07-04 08:10:24,694 [INFO] HTTP Request: POST https://xrplcluster.com "HTTP/1.1 200 OK"
2026-07-04 08:10:25,024 [INFO] HTTP Request: POST https://xrplcluster.com "HTTP/1.1 200 OK"
2026-07-04 08:10:25,467 [INFO] HTTP Request: POST https://xrplcluster.com "HTTP/1.1 200 OK"
2026-07-04 08:10:25,878 [INFO] HTTP Request: POST https://xrplcluster.com "HTTP/1.1 200 OK"
2026-07-04 08:10:25,880 [INFO] ✓ [327/500] us-economy — tesSUCCESS
2026-07-04 08:10:27,440 [INFO] HTTP Request: POST https://xrplcluster.com "HTTP/1.1 200 OK"
2026-07-04 08:10:27,442 [ERROR] ✗ cftc exception: Request failed, amendmentBlocked: Amendment blocked, need upgrade.
2026-07-04 08:10:28,834 [INFO] HTTP Request: POST https://xrplcluster.com "HTTP/1.1 200 OK"
2026-07-04 08:10:29,346 [INFO] HTTP Request: POST https://xrplcluster.com "HTTP/1.1 200 OK"
2026-07-04 08:10:29,857 [INFO] HTTP Request: POST https://xrplcluster.com "HTTP/1.1 200 OK"
2026-07-04 08:10:30,173 [INFO] HTTP Request: POST https://xrplcluster.com "HTTP/1.1 200 OK"
2026-07-04 08:10:30,573 [INFO] HTTP Request: POST https://xrplcluster.com "HTTP/1.1 200 OK"
2026-07-04 08:10:31,188 [INFO] HTTP Request: POST https://xrplcluster.com "HTTP/1.1 200 OK"
2026-07-04 08:10:31,189 [ERROR] ✗ sec exception: Request failed, amendmentBlocked: Amendment blocked, need upgrade.
2026-07-04 08:10:32,606 [INFO] HTTP Request: POST https://xrplcluster.com "HTTP/1.1 200 OK"
2026-07-04 08:10:33,031 [INFO] HTTP Request: POST https://xrplcluster.com "HTTP/1.1 200 OK"
2026-07-04 08:10:33,417 [INFO] HTTP Request: POST https://xrplcluster.com "HTTP/1.1 200 OK"
2026-07-04 08:10:33,851 [INFO] HTTP Request: POST https://xrplcluster.com "HTTP/1.1 200 OK"
2026-07-04 08:10:34,260 [INFO] HTTP Request: POST https://xrplcluster.com "HTTP/1.1 200 OK"
2026-07-04 08:10:34,670 [INFO] HTTP Request: POST https://xrplcluster.com "HTTP/1.1 200 OK"
2026-07-04 08:10:34,672 [INFO] ✓ [328/500] drill-baby-drill — tesSUCCESS
2026-07-04 08:10:36,103 [INFO] HTTP Request: POST https://xrplcluster.com "HTTP/1.1 200 OK"
2026-07-04 08:10:36,719 [INFO] HTTP Request: POST https://xrplcluster.com "HTTP/1.1 200 OK"
2026-07-04 08:10:37,128 [INFO] HTTP Request: POST https://xrplcluster.com "HTTP/1.1 200 OK"
2026-07-04 08:10:37,537 [INFO] HTTP Request: POST https://xrplcluster.com "HTTP/1.1 200 OK"
2026-07-04 08:10:37,879 [INFO] HTTP Request: POST https://xrplcluster.com "HTTP/1.1 200 OK"
2026-07-04 08:10:38,212 [INFO] HTTP Request: POST https://xrplcluster.com "HTTP/1.1 200 OK"
2026-07-04 08:10:38,216 [INFO] ✓ [329/500] american-teacher — tesSUCCESS
2026-07-04 08:10:39,688 [INFO] HTTP Request: POST https://xrplcluster.com "HTTP/1.1 200 OK"
2026-07-04 08:10:40,098 [INFO] HTTP Request: POST https://xrplcluster.com "HTTP/1.1 200 OK"
2026-07-04 08:10:40,610 [INFO] HTTP Request: POST https://xrplcluster.com "HTTP/1.1 200 OK"
2026-07-04 08:10:41,021 [INFO] HTTP Request: POST https://xrplcluster.com "HTTP/1.1 200 OK"
2026-07-04 08:10:41,428 [INFO] HTTP Request: POST https://xrplcluster.com "HTTP/1.1 200 OK"
2026-07-04 08:10:41,967 [INFO] HTTP Request: POST https://xrplcluster.com "HTTP/1.1 200 OK"
2026-07-04 08:10:41,970 [ERROR] ✗ usmnt exception: Request failed, amendmentBlocked: Amendment blocked, need upgrade.
2026-07-04 08:10:43,476 [INFO] HTTP Request: POST https://xrplcluster.com "HTTP/1.1 200 OK"
2026-07-04 08:10:43,988 [INFO] HTTP Request: POST https://xrplcluster.com "HTTP/1.1 200 OK"
2026-07-04 08:10:44,312 [INFO] HTTP Request: POST https://xrplcluster.com "HTTP/1.1 200 OK"
2026-07-04 08:10:44,808 [INFO] HTTP Request: POST https://xrplcluster.com "HTTP/1.1 200 OK"
2026-07-04 08:10:45,217 [INFO] HTTP Request: POST https://xrplcluster.com "HTTP/1.1 200 OK"
2026-07-04 08:10:45,832 [INFO] HTTP Request: POST https://xrplcluster.com "HTTP/1.1 200 OK"
2026-07-04 08:10:45,834 [ERROR] ✗ uswnt exception: Request failed, amendmentBlocked: Amendment blocked, need upgrade.
2026-07-04 08:10:47,265 [INFO] HTTP Request: POST https://xrplcluster.com "HTTP/1.1 200 OK"
2026-07-04 08:10:47,778 [INFO] HTTP Request: POST https://xrplcluster.com "HTTP/1.1 200 OK"
2026-07-04 08:10:48,187 [INFO] HTTP Request: POST https://xrplcluster.com "HTTP/1.1 200 OK"
2026-07-04 08:10:48,596 [INFO] HTTP Request: POST https://xrplcluster.com "HTTP/1.1 200 OK"
2026-07-04 08:10:49,006 [INFO] HTTP Request: POST https://xrplcluster.com "HTTP/1.1 200 OK"
2026-07-04 08:10:49,426 [INFO] HTTP Request: POST https://xrplcluster.com "HTTP/1.1 200 OK"
2026-07-04 08:10:49,430 [INFO] ✓ [330/500] dont-tread-on-me — tesSUCCESS
2026-07-04 08:10:50,850 [INFO] HTTP Request: POST https://xrplcluster.com "HTTP/1.1 200 OK"
2026-07-04 08:10:51,362 [INFO] HTTP Request: POST https://xrplcluster.com "HTTP/1.1 200 OK"
2026-07-04 08:10:51,690 [INFO] HTTP Request: POST https://xrplcluster.com "HTTP/1.1 200 OK"
2026-07-04 08:10:52,078 [INFO] HTTP Request: POST https://xrplcluster.com "HTTP/1.1 200 OK"
2026-07-04 08:10:52,488 [INFO] HTTP Request: POST https://xrplcluster.com "HTTP/1.1 200 OK"
2026-07-04 08:10:53,000 [INFO] HTTP Request: POST https://xrplcluster.com "HTTP/1.1 200 OK"
2026-07-04 08:10:53,002 [INFO] ✓ [331/500] ellis-island — tesSUCCESS
2026-07-04 08:10:54,536 [INFO] HTTP Request: POST https://xrplcluster.com "HTTP/1.1 200 OK"
2026-07-04 08:10:55,036 [INFO] HTTP Request: POST https://xrplcluster.com "HTTP/1.1 200 OK"
2026-07-04 08:10:55,459 [INFO] HTTP Request: POST https://xrplcluster.com "HTTP/1.1 200 OK"
2026-07-04 08:10:56,072 [INFO] HTTP Request: POST https://xrplcluster.com "HTTP/1.1 200 OK"
2026-07-04 08:10:56,074 [ERROR] ✗ american-veteran exception: Request failed, amendmentBlocked: Amendment blocked, need upgrade.
2026-07-04 08:10:57,493 [INFO] HTTP Request: POST https://xrplcluster.com "HTTP/1.1 200 OK"
2026-07-04 08:10:57,810 [INFO] HTTP Request: POST https://xrplcluster.com "HTTP/1.1 200 OK"
2026-07-04 08:10:58,221 [INFO] HTTP Request: POST https://xrplcluster.com "HTTP/1.1 200 OK"
2026-07-04 08:10:58,632 [INFO] HTTP Request: POST https://xrplcluster.com "HTTP/1.1 200 OK"
2026-07-04 08:10:59,146 [INFO] HTTP Request: POST https://xrplcluster.com "HTTP/1.1 200 OK"
2026-07-04 08:10:59,657 [INFO] HTTP Request: POST https://xrplcluster.com "HTTP/1.1 200 OK"
2026-07-04 08:10:59,659 [INFO] ✓ [332/500] american-first-responder — tesSUCCESS
2026-07-04 08:11:01,089 [INFO] HTTP Request: POST https://xrplcluster.com "HTTP/1.1 200 OK"
2026-07-04 08:11:01,704 [INFO] HTTP Request: POST https://xrplcluster.com "HTTP/1.1 200 OK"
2026-07-04 08:11:02,030 [INFO] HTTP Request: POST https://xrplcluster.com "HTTP/1.1 200 OK"
2026-07-04 08:11:02,525 [INFO] HTTP Request: POST https://xrplcluster.com "HTTP/1.1 200 OK"
2026-07-04 08:11:02,933 [INFO] HTTP Request: POST https://xrplcluster.com "HTTP/1.1 200 OK"
2026-07-04 08:11:03,272 [INFO] HTTP Request: POST https://xrplcluster.com "HTTP/1.1 200 OK"
2026-07-04 08:11:03,274 [INFO] ✓ [333/500] american-farmer — tesSUCCESS
2026-07-04 08:11:04,776 [INFO] HTTP Request: POST https://xrplcluster.com "HTTP/1.1 200 OK"
2026-07-04 08:11:05,288 [INFO] HTTP Request: POST https://xrplcluster.com "HTTP/1.1 200 OK"
2026-07-04 08:11:05,800 [INFO] HTTP Request: POST https://xrplcluster.com "HTTP/1.1 200 OK"
2026-07-04 08:11:06,210 [INFO] HTTP Request: POST https://xrplcluster.com "HTTP/1.1 200 OK"
2026-07-04 08:11:06,621 [INFO] HTTP Request: POST https://xrplcluster.com "HTTP/1.1 200 OK"
2026-07-04 08:11:07,033 [INFO] HTTP Request: POST https://xrplcluster.com "HTTP/1.1 200 OK"
2026-07-04 08:11:07,038 [INFO] ✓ [334/500] plymouth-rock — tesSUCCESS
2026-07-04 08:11:08,565 [INFO] HTTP Request: POST https://xrplcluster.com "HTTP/1.1 200 OK"
2026-07-04 08:11:09,077 [INFO] HTTP Request: POST https://xrplcluster.com "HTTP/1.1 200 OK"
2026-07-04 08:11:09,588 [INFO] HTTP Request: POST https://xrplcluster.com "HTTP/1.1 200 OK"
2026-07-04 08:11:09,999 [INFO] HTTP Request: POST https://xrplcluster.com "HTTP/1.1 200 OK"
2026-07-04 08:11:10,409 [INFO] HTTP Request: POST https://xrplcluster.com "HTTP/1.1 200 OK"
2026-07-04 08:11:11,022 [INFO] HTTP Request: POST https://xrplcluster.com "HTTP/1.1 200 OK"
2026-07-04 08:11:11,024 [ERROR] ✗ american-cowboy exception: Request failed, amendmentBlocked: Amendment blocked, need upgrade.
2026-07-04 08:11:12,371 [INFO] HTTP Request: POST https://xrplcluster.com "HTTP/1.1 200 OK"
2026-07-04 08:11:12,866 [INFO] HTTP Request: POST https://xrplcluster.com "HTTP/1.1 200 OK"
2026-07-04 08:11:13,275 [INFO] HTTP Request: POST https://xrplcluster.com "HTTP/1.1 200 OK"
2026-07-04 08:11:13,788 [INFO] HTTP Request: POST https://xrplcluster.com "HTTP/1.1 200 OK"
2026-07-04 08:11:14,197 [INFO] HTTP Request: POST https://xrplcluster.com "HTTP/1.1 200 OK"
2026-07-04 08:11:14,607 [INFO] HTTP Request: POST https://xrplcluster.com "HTTP/1.1 200 OK"
2026-07-04 08:11:14,610 [INFO] ✓ [335/500] nasa — tesSUCCESS
2026-07-04 08:11:16,042 [INFO] HTTP Request: POST https://xrplcluster.com "HTTP/1.1 200 OK"
2026-07-04 08:11:16,552 [INFO] HTTP Request: POST https://xrplcluster.com "HTTP/1.1 200 OK"
2026-07-04 08:11:16,962 [INFO] HTTP Request: POST https://xrplcluster.com "HTTP/1.1 200 OK"
2026-07-04 08:11:17,474 [INFO] HTTP Request: POST https://xrplcluster.com "HTTP/1.1 200 OK"
2026-07-04 08:11:17,883 [INFO] HTTP Request: POST https://xrplcluster.com "HTTP/1.1 200 OK"
2026-07-04 08:11:18,313 [INFO] HTTP Request: POST https://xrplcluster.com "HTTP/1.1 200 OK"
2026-07-04 08:11:18,316 [INFO] ✓ [336/500] flag-day — tesSUCCESS
2026-07-04 08:11:19,946 [INFO] HTTP Request: POST https://xrplcluster.com "HTTP/1.1 200 OK"
2026-07-04 08:11:19,948 [ERROR] ✗ independence-hall exception: Request failed, amendmentBlocked: Amendment blocked, need upgrade.
2026-07-04 08:11:21,365 [INFO] HTTP Request: POST https://xrplcluster.com "HTTP/1.1 200 OK"
2026-07-04 08:11:21,877 [INFO] HTTP Request: POST https://xrplcluster.com "HTTP/1.1 200 OK"
2026-07-04 08:11:22,389 [INFO] HTTP Request: POST https://xrplcluster.com "HTTP/1.1 200 OK"
2026-07-04 08:11:22,798 [INFO] HTTP Request: POST https://xrplcluster.com "HTTP/1.1 200 OK"
2026-07-04 08:11:23,311 [INFO] HTTP Request: POST https://xrplcluster.com "HTTP/1.1 200 OK"
2026-07-04 08:11:23,762 [INFO] HTTP Request: POST https://xrplcluster.com "HTTP/1.1 200 OK"
2026-07-04 08:11:23,765 [INFO] ✓ [337/500] american-spirit — tesSUCCESS
2026-07-04 08:11:25,102 [INFO] HTTP Request: POST https://xrplcluster.com "HTTP/1.1 200 OK"
2026-07-04 08:11:25,535 [INFO] HTTP Request: POST https://xrplcluster.com "HTTP/1.1 200 OK"
2026-07-04 08:11:25,973 [INFO] HTTP Request: POST https://xrplcluster.com "HTTP/1.1 200 OK"
2026-07-04 08:11:26,485 [INFO] HTTP Request: POST https://xrplcluster.com "HTTP/1.1 200 OK"
2026-07-04 08:11:26,895 [INFO] HTTP Request: POST https://xrplcluster.com "HTTP/1.1 200 OK"
2026-07-04 08:11:27,407 [INFO] HTTP Request: POST https://xrplcluster.com "HTTP/1.1 200 OK"
2026-07-04 08:11:27,409 [INFO] ✓ [338/500] second-amendment — tesSUCCESS
2026-07-04 08:11:28,840 [INFO] HTTP Request: POST https://xrplcluster.com "HTTP/1.1 200 OK"
2026-07-04 08:11:29,250 [INFO] HTTP Request: POST https://xrplcluster.com "HTTP/1.1 200 OK"
2026-07-04 08:11:29,661 [INFO] HTTP Request: POST https://xrplcluster.com "HTTP/1.1 200 OK"
2026-07-04 08:11:30,069 [INFO] HTTP Request: POST https://xrplcluster.com "HTTP/1.1 200 OK"
2026-07-04 08:11:30,580 [INFO] HTTP Request: POST https://xrplcluster.com "HTTP/1.1 200 OK"
2026-07-04 08:11:30,990 [INFO] HTTP Request: POST https://xrplcluster.com "HTTP/1.1 200 OK"
2026-07-04 08:11:30,992 [INFO] ✓ [339/500] digital-assets — tesSUCCESS
2026-07-04 08:11:32,319 [INFO] HTTP Request: POST https://xrplcluster.com "HTTP/1.1 200 OK"
2026-07-04 08:11:32,726 [INFO] HTTP Request: POST https://xrplcluster.com "HTTP/1.1 200 OK"
2026-07-04 08:11:33,137 [INFO] HTTP Request: POST https://xrplcluster.com "HTTP/1.1 200 OK"
2026-07-04 08:11:33,653 [INFO] HTTP Request: POST https://xrplcluster.com "HTTP/1.1 200 OK"
2026-07-04 08:11:33,986 [INFO] HTTP Request: POST https://xrplcluster.com "HTTP/1.1 200 OK"
2026-07-04 08:11:34,472 [INFO] HTTP Request: POST https://xrplcluster.com "HTTP/1.1 200 OK"
2026-07-04 08:11:34,474 [INFO] ✓ [340/500] road-trip — tesSUCCESS
2026-07-04 08:11:35,479 [INFO] 
==================================================
2026-07-04 08:11:35,479 [INFO] COMPLETE: 340 minted | 160 failed
2026-07-04 08:11:35,479 [INFO] Progress: /Users/colin/seo/agentiscript/mint/mint_america_progress.json
2026-07-04 08:59:08,642 [INFO] Wallet: rfFbKaT7pQTUsAYyEH8r5a6XTD45rz3aFe
2026-07-04 08:59:08,642 [INFO] Connected: https://xrplcluster.com
2026-07-04 08:59:08,643 [INFO] Total NFTs: 500
2026-07-04 08:59:08,643 [INFO] Already minted: 340
2026-07-04 08:59:08,643 [INFO] Remaining: 160
2026-07-04 08:59:09,044 [INFO] HTTP Request: POST https://xrplcluster.com "HTTP/1.1 200 OK"
2026-07-04 08:59:09,445 [INFO] HTTP Request: POST https://xrplcluster.com "HTTP/1.1 200 OK"
2026-07-04 08:59:09,976 [INFO] HTTP Request: POST https://xrplcluster.com "HTTP/1.1 200 OK"
2026-07-04 08:59:10,469 [INFO] HTTP Request: POST https://xrplcluster.com "HTTP/1.1 200 OK"
2026-07-04 08:59:11,085 [INFO] HTTP Request: POST https://xrplcluster.com "HTTP/1.1 200 OK"
2026-07-04 08:59:11,421 [INFO] HTTP Request: POST https://xrplcluster.com "HTTP/1.1 200 OK"
2026-07-04 08:59:11,424 [INFO] ✓ [341/500] arizona — tesSUCCESS
2026-07-04 08:59:12,826 [INFO] HTTP Request: POST https://xrplcluster.com "HTTP/1.1 200 OK"
2026-07-04 08:59:13,439 [INFO] HTTP Request: POST https://xrplcluster.com "HTTP/1.1 200 OK"
2026-07-04 08:59:13,836 [INFO] HTTP Request: POST https://xrplcluster.com "HTTP/1.1 200 OK"
2026-07-04 08:59:14,248 [INFO] HTTP Request: POST https://xrplcluster.com "HTTP/1.1 200 OK"
2026-07-04 08:59:14,770 [INFO] HTTP Request: POST https://xrplcluster.com "HTTP/1.1 200 OK"
2026-07-04 08:59:15,178 [INFO] HTTP Request: POST https://xrplcluster.com "HTTP/1.1 200 OK"
2026-07-04 08:59:15,181 [INFO] ✓ [342/500] arkansas — tesSUCCESS
2026-07-04 08:59:16,616 [INFO] HTTP Request: POST https://xrplcluster.com "HTTP/1.1 200 OK"
2026-07-04 08:59:17,023 [INFO] HTTP Request: POST https://xrplcluster.com "HTTP/1.1 200 OK"
2026-07-04 08:59:17,535 [INFO] HTTP Request: POST https://xrplcluster.com "HTTP/1.1 200 OK"
2026-07-04 08:59:17,869 [INFO] HTTP Request: POST https://xrplcluster.com "HTTP/1.1 200 OK"
2026-07-04 08:59:18,287 [INFO] HTTP Request: POST https://xrplcluster.com "HTTP/1.1 200 OK"
2026-07-04 08:59:18,698 [INFO] HTTP Request: POST https://xrplcluster.com "HTTP/1.1 200 OK"
2026-07-04 08:59:18,701 [INFO] ✓ [343/500] colorado — tesSUCCESS
2026-07-04 08:59:20,123 [INFO] HTTP Request: POST https://xrplcluster.com "HTTP/1.1 200 OK"
2026-07-04 08:59:20,709 [INFO] HTTP Request: POST https://xrplcluster.com "HTTP/1.1 200 OK"
2026-07-04 08:59:21,120 [INFO] HTTP Request: POST https://xrplcluster.com "HTTP/1.1 200 OK"
2026-07-04 08:59:21,529 [INFO] HTTP Request: POST https://xrplcluster.com "HTTP/1.1 200 OK"
2026-07-04 08:59:21,939 [INFO] HTTP Request: POST https://xrplcluster.com "HTTP/1.1 200 OK"
2026-07-04 08:59:22,546 [INFO] HTTP Request: POST https://xrplcluster.com "HTTP/1.1 200 OK"
2026-07-04 08:59:22,548 [ERROR] ✗ georgia exception: Request failed, amendmentBlocked: Amendment blocked, need upgrade.
2026-07-04 08:59:23,943 [INFO] HTTP Request: POST https://xrplcluster.com "HTTP/1.1 200 OK"
2026-07-04 08:59:24,265 [INFO] HTTP Request: POST https://xrplcluster.com "HTTP/1.1 200 OK"
2026-07-04 08:59:24,703 [INFO] HTTP Request: POST https://xrplcluster.com "HTTP/1.1 200 OK"
2026-07-04 08:59:25,113 [INFO] HTTP Request: POST https://xrplcluster.com "HTTP/1.1 200 OK"
2026-07-04 08:59:25,626 [INFO] HTTP Request: POST https://xrplcluster.com "HTTP/1.1 200 OK"
2026-07-04 08:59:26,048 [INFO] HTTP Request: POST https://xrplcluster.com "HTTP/1.1 200 OK"
2026-07-04 08:59:26,050 [INFO] ✓ [344/500] hawaii — tesSUCCESS
2026-07-04 08:59:27,468 [INFO] HTTP Request: POST https://xrplcluster.com "HTTP/1.1 200 OK"
2026-07-04 08:59:27,882 [INFO] HTTP Request: POST https://xrplcluster.com "HTTP/1.1 200 OK"
2026-07-04 08:59:28,390 [INFO] HTTP Request: POST https://xrplcluster.com "HTTP/1.1 200 OK"
2026-07-04 08:59:28,801 [INFO] HTTP Request: POST https://xrplcluster.com "HTTP/1.1 200 OK"
2026-07-04 08:59:29,210 [INFO] HTTP Request: POST https://xrplcluster.com "HTTP/1.1 200 OK"
2026-07-04 08:59:29,824 [INFO] HTTP Request: POST https://xrplcluster.com "HTTP/1.1 200 OK"
2026-07-04 08:59:29,825 [ERROR] ✗ kansas exception: Request failed, amendmentBlocked: Amendment blocked, need upgrade.
2026-07-04 08:59:31,257 [INFO] HTTP Request: POST https://xrplcluster.com "HTTP/1.1 200 OK"
2026-07-04 08:59:31,666 [INFO] HTTP Request: POST https://xrplcluster.com "HTTP/1.1 200 OK"
2026-07-04 08:59:32,124 [INFO] HTTP Request: POST https://xrplcluster.com "HTTP/1.1 200 OK"
2026-07-04 08:59:32,439 [INFO] HTTP Request: POST https://xrplcluster.com "HTTP/1.1 200 OK"
2026-07-04 08:59:32,999 [INFO] HTTP Request: POST https://xrplcluster.com "HTTP/1.1 200 OK"
2026-07-04 08:59:33,613 [INFO] HTTP Request: POST https://xrplcluster.com "HTTP/1.1 200 OK"
2026-07-04 08:59:33,615 [ERROR] ✗ louisiana exception: Request failed, amendmentBlocked: Amendment blocked, need upgrade.
2026-07-04 08:59:35,253 [INFO] HTTP Request: POST https://xrplcluster.com "HTTP/1.1 200 OK"
2026-07-04 08:59:35,254 [ERROR] ✗ massachusetts exception: Request failed, amendmentBlocked: Amendment blocked, need upgrade.
2026-07-04 08:59:36,660 [INFO] HTTP Request: POST https://xrplcluster.com "HTTP/1.1 200 OK"
2026-07-04 08:59:37,266 [INFO] HTTP Request: POST https://xrplcluster.com "HTTP/1.1 200 OK"
2026-07-04 08:59:37,914 [INFO] HTTP Request: POST https://xrplcluster.com "HTTP/1.1 200 OK"
2026-07-04 08:59:38,241 [INFO] HTTP Request: POST https://xrplcluster.com "HTTP/1.1 200 OK"
2026-07-04 08:59:38,732 [INFO] HTTP Request: POST https://xrplcluster.com "HTTP/1.1 200 OK"
2026-07-04 08:59:39,142 [INFO] HTTP Request: POST https://xrplcluster.com "HTTP/1.1 200 OK"
2026-07-04 08:59:39,144 [INFO] ✓ [345/500] michigan — tesSUCCESS
2026-07-04 08:59:40,576 [INFO] HTTP Request: POST https://xrplcluster.com "HTTP/1.1 200 OK"
2026-07-04 08:59:40,903 [INFO] HTTP Request: POST https://xrplcluster.com "HTTP/1.1 200 OK"
2026-07-04 08:59:41,395 [INFO] HTTP Request: POST https://xrplcluster.com "HTTP/1.1 200 OK"
2026-07-04 08:59:41,907 [INFO] HTTP Request: POST https://xrplcluster.com "HTTP/1.1 200 OK"
2026-07-04 08:59:42,228 [INFO] HTTP Request: POST https://xrplcluster.com "HTTP/1.1 200 OK"
2026-07-04 08:59:42,726 [INFO] HTTP Request: POST https://xrplcluster.com "HTTP/1.1 200 OK"
2026-07-04 08:59:42,729 [INFO] ✓ [346/500] nevada — tesSUCCESS
2026-07-04 08:59:44,162 [INFO] HTTP Request: POST https://xrplcluster.com "HTTP/1.1 200 OK"
2026-07-04 08:59:44,505 [INFO] HTTP Request: POST https://xrplcluster.com "HTTP/1.1 200 OK"
2026-07-04 08:59:44,927 [INFO] HTTP Request: POST https://xrplcluster.com "HTTP/1.1 200 OK"
2026-07-04 08:59:45,288 [INFO] HTTP Request: POST https://xrplcluster.com "HTTP/1.1 200 OK"
2026-07-04 08:59:45,799 [INFO] HTTP Request: POST https://xrplcluster.com "HTTP/1.1 200 OK"
2026-07-04 08:59:46,207 [INFO] HTTP Request: POST https://xrplcluster.com "HTTP/1.1 200 OK"
2026-07-04 08:59:46,209 [INFO] ✓ [347/500] new-hampshire — tesSUCCESS
2026-07-04 08:59:47,544 [INFO] HTTP Request: POST https://xrplcluster.com "HTTP/1.1 200 OK"
2026-07-04 08:59:47,958 [INFO] HTTP Request: POST https://xrplcluster.com "HTTP/1.1 200 OK"
2026-07-04 08:59:48,359 [INFO] HTTP Request: POST https://xrplcluster.com "HTTP/1.1 200 OK"
2026-07-04 08:59:48,768 [INFO] HTTP Request: POST https://xrplcluster.com "HTTP/1.1 200 OK"
2026-07-04 08:59:49,178 [INFO] HTTP Request: POST https://xrplcluster.com "HTTP/1.1 200 OK"
2026-07-04 08:59:49,536 [INFO] HTTP Request: POST https://xrplcluster.com "HTTP/1.1 200 OK"
2026-07-04 08:59:49,540 [INFO] ✓ [348/500] ohio — tesSUCCESS
2026-07-04 08:59:50,920 [INFO] HTTP Request: POST https://xrplcluster.com "HTTP/1.1 200 OK"
2026-07-04 08:59:51,533 [INFO] HTTP Request: POST https://xrplcluster.com "HTTP/1.1 200 OK"
2026-07-04 08:59:52,149 [INFO] HTTP Request: POST https://xrplcluster.com "HTTP/1.1 200 OK"
2026-07-04 08:59:52,659 [INFO] HTTP Request: POST https://xrplcluster.com "HTTP/1.1 200 OK"
2026-07-04 08:59:53,069 [INFO] HTTP Request: POST https://xrplcluster.com "HTTP/1.1 200 OK"
2026-07-04 08:59:53,478 [INFO] HTTP Request: POST https://xrplcluster.com "HTTP/1.1 200 OK"
2026-07-04 08:59:53,479 [INFO] ✓ [349/500] pennsylvania — tesSUCCESS
2026-07-04 08:59:54,912 [INFO] HTTP Request: POST https://xrplcluster.com "HTTP/1.1 200 OK"
2026-07-04 08:59:55,527 [INFO] HTTP Request: POST https://xrplcluster.com "HTTP/1.1 200 OK"
2026-07-04 08:59:55,918 [INFO] HTTP Request: POST https://xrplcluster.com "HTTP/1.1 200 OK"
2026-07-04 08:59:56,346 [INFO] HTTP Request: POST https://xrplcluster.com "HTTP/1.1 200 OK"
2026-07-04 08:59:56,860 [INFO] HTTP Request: POST https://xrplcluster.com "HTTP/1.1 200 OK"
2026-07-04 08:59:57,370 [INFO] HTTP Request: POST https://xrplcluster.com "HTTP/1.1 200 OK"
2026-07-04 08:59:57,372 [INFO] ✓ [350/500] texas — tesSUCCESS
2026-07-04 08:59:58,804 [INFO] HTTP Request: POST https://xrplcluster.com "HTTP/1.1 200 OK"
2026-07-04 08:59:59,214 [INFO] HTTP Request: POST https://xrplcluster.com "HTTP/1.1 200 OK"
2026-07-04 08:59:59,623 [INFO] HTTP Request: POST https://xrplcluster.com "HTTP/1.1 200 OK"
2026-07-04 09:00:00,135 [INFO] HTTP Request: POST https://xrplcluster.com "HTTP/1.1 200 OK"
2026-07-04 09:00:00,544 [INFO] HTTP Request: POST https://xrplcluster.com "HTTP/1.1 200 OK"
2026-07-04 09:00:00,972 [INFO] HTTP Request: POST https://xrplcluster.com "HTTP/1.1 200 OK"
2026-07-04 09:00:00,974 [INFO] ✓ [351/500] utah — tesSUCCESS
2026-07-04 09:00:02,396 [INFO] HTTP Request: POST https://xrplcluster.com "HTTP/1.1 200 OK"
2026-07-04 09:00:02,797 [INFO] HTTP Request: POST https://xrplcluster.com "HTTP/1.1 200 OK"
2026-07-04 09:00:03,221 [INFO] HTTP Request: POST https://xrplcluster.com "HTTP/1.1 200 OK"
2026-07-04 09:00:03,821 [INFO] HTTP Request: POST https://xrplcluster.com "HTTP/1.1 200 OK"
2026-07-04 09:00:03,822 [ERROR] ✗ washington-dc exception: Request failed, amendmentBlocked: Amendment blocked, need upgrade.
2026-07-04 09:00:05,461 [INFO] HTTP Request: POST https://xrplcluster.com "HTTP/1.1 200 OK"
2026-07-04 09:00:05,463 [ERROR] ✗ us-virgin-islands exception: Request failed, amendmentBlocked: Amendment blocked, need upgrade.
2026-07-04 09:00:06,872 [INFO] HTTP Request: POST https://xrplcluster.com "HTTP/1.1 200 OK"
2026-07-04 09:00:07,303 [INFO] HTTP Request: POST https://xrplcluster.com "HTTP/1.1 200 OK"
2026-07-04 09:00:07,839 [INFO] HTTP Request: POST https://xrplcluster.com "HTTP/1.1 200 OK"
2026-07-04 09:00:08,249 [INFO] HTTP Request: POST https://xrplcluster.com "HTTP/1.1 200 OK"
2026-07-04 09:00:08,840 [INFO] HTTP Request: POST https://xrplcluster.com "HTTP/1.1 200 OK"
2026-07-04 09:00:09,350 [INFO] HTTP Request: POST https://xrplcluster.com "HTTP/1.1 200 OK"
2026-07-04 09:00:09,353 [INFO] ✓ [352/500] american-samoa — tesSUCCESS
2026-07-04 09:00:10,784 [INFO] HTTP Request: POST https://xrplcluster.com "HTTP/1.1 200 OK"
2026-07-04 09:00:11,398 [INFO] HTTP Request: POST https://xrplcluster.com "HTTP/1.1 200 OK"
2026-07-04 09:00:11,808 [INFO] HTTP Request: POST https://xrplcluster.com "HTTP/1.1 200 OK"
2026-07-04 09:00:12,218 [INFO] HTTP Request: POST https://xrplcluster.com "HTTP/1.1 200 OK"
2026-07-04 09:00:12,730 [INFO] HTTP Request: POST https://xrplcluster.com "HTTP/1.1 200 OK"
2026-07-04 09:00:13,140 [INFO] HTTP Request: POST https://xrplcluster.com "HTTP/1.1 200 OK"
2026-07-04 09:00:13,143 [INFO] ✓ [353/500] northern-mariana-islands — tesSUCCESS
2026-07-04 09:00:14,573 [INFO] HTTP Request: POST https://xrplcluster.com "HTTP/1.1 200 OK"
2026-07-04 09:00:15,086 [INFO] HTTP Request: POST https://xrplcluster.com "HTTP/1.1 200 OK"
2026-07-04 09:00:15,597 [INFO] HTTP Request: POST https://xrplcluster.com "HTTP/1.1 200 OK"
2026-07-04 09:00:16,006 [INFO] HTTP Request: POST https://xrplcluster.com "HTTP/1.1 200 OK"
2026-07-04 09:00:16,417 [INFO] HTTP Request: POST https://xrplcluster.com "HTTP/1.1 200 OK"
2026-07-04 09:00:16,929 [INFO] HTTP Request: POST https://xrplcluster.com "HTTP/1.1 200 OK"
2026-07-04 09:00:16,932 [INFO] ✓ [354/500] john-quincy-adams-president — tesSUCCESS
2026-07-04 09:00:18,363 [INFO] HTTP Request: POST https://xrplcluster.com "HTTP/1.1 200 OK"
2026-07-04 09:00:18,874 [INFO] HTTP Request: POST https://xrplcluster.com "HTTP/1.1 200 OK"
2026-07-04 09:00:19,296 [INFO] HTTP Request: POST https://xrplcluster.com "HTTP/1.1 200 OK"
2026-07-04 09:00:19,617 [INFO] HTTP Request: POST https://xrplcluster.com "HTTP/1.1 200 OK"
2026-07-04 09:00:20,103 [INFO] HTTP Request: POST https://xrplcluster.com "HTTP/1.1 200 OK"
2026-07-04 09:00:20,517 [INFO] HTTP Request: POST https://xrplcluster.com "HTTP/1.1 200 OK"
2026-07-04 09:00:20,519 [INFO] ✓ [355/500] martin-van-buren-president — tesSUCCESS
2026-07-04 09:00:22,150 [INFO] HTTP Request: POST https://xrplcluster.com "HTTP/1.1 200 OK"
2026-07-04 09:00:22,152 [ERROR] ✗ john-tyler-president exception: Request failed, amendmentBlocked: Amendment blocked, need upgrade.
2026-07-04 09:00:23,584 [INFO] HTTP Request: POST https://xrplcluster.com "HTTP/1.1 200 OK"
2026-07-04 09:00:24,097 [INFO] HTTP Request: POST https://xrplcluster.com "HTTP/1.1 200 OK"
2026-07-04 09:00:24,609 [INFO] HTTP Request: POST https://xrplcluster.com "HTTP/1.1 200 OK"
2026-07-04 09:00:25,020 [INFO] HTTP Request: POST https://xrplcluster.com "HTTP/1.1 200 OK"
2026-07-04 09:00:25,428 [INFO] HTTP Request: POST https://xrplcluster.com "HTTP/1.1 200 OK"
2026-07-04 09:00:25,784 [INFO] HTTP Request: POST https://xrplcluster.com "HTTP/1.1 200 OK"
2026-07-04 09:00:25,786 [INFO] ✓ [356/500] zachary-taylor-president — tesSUCCESS
2026-07-04 09:00:27,217 [INFO] HTTP Request: POST https://xrplcluster.com "HTTP/1.1 200 OK"
2026-07-04 09:00:27,636 [INFO] HTTP Request: POST https://xrplcluster.com "HTTP/1.1 200 OK"
2026-07-04 09:00:27,979 [INFO] HTTP Request: POST https://xrplcluster.com "HTTP/1.1 200 OK"
2026-07-04 09:00:28,307 [INFO] HTTP Request: POST https://xrplcluster.com "HTTP/1.1 200 OK"
2026-07-04 09:00:28,807 [INFO] HTTP Request: POST https://xrplcluster.com "HTTP/1.1 200 OK"
2026-07-04 09:00:29,421 [INFO] HTTP Request: POST https://xrplcluster.com "HTTP/1.1 200 OK"
2026-07-04 09:00:29,424 [ERROR] ✗ rutherford-hayes-president exception: Request failed, amendmentBlocked: Amendment blocked, need upgrade.
2026-07-04 09:00:30,855 [INFO] HTTP Request: POST https://xrplcluster.com "HTTP/1.1 200 OK"
2026-07-04 09:00:31,264 [INFO] HTTP Request: POST https://xrplcluster.com "HTTP/1.1 200 OK"
2026-07-04 09:00:31,776 [INFO] HTTP Request: POST https://xrplcluster.com "HTTP/1.1 200 OK"
2026-07-04 09:00:32,163 [INFO] HTTP Request: POST https://xrplcluster.com "HTTP/1.1 200 OK"
2026-07-04 09:00:32,596 [INFO] HTTP Request: POST https://xrplcluster.com "HTTP/1.1 200 OK"
2026-07-04 09:00:33,110 [INFO] HTTP Request: POST https://xrplcluster.com "HTTP/1.1 200 OK"
2026-07-04 09:00:33,113 [INFO] ✓ [357/500] chester-arthur-president — tesSUCCESS
2026-07-04 09:00:34,541 [INFO] HTTP Request: POST https://xrplcluster.com "HTTP/1.1 200 OK"
2026-07-04 09:00:35,053 [INFO] HTTP Request: POST https://xrplcluster.com "HTTP/1.1 200 OK"
2026-07-04 09:00:35,468 [INFO] HTTP Request: POST https://xrplcluster.com "HTTP/1.1 200 OK"
2026-07-04 09:00:35,975 [INFO] HTTP Request: POST https://xrplcluster.com "HTTP/1.1 200 OK"
2026-07-04 09:00:36,389 [INFO] HTTP Request: POST https://xrplcluster.com "HTTP/1.1 200 OK"
2026-07-04 09:00:36,815 [INFO] HTTP Request: POST https://xrplcluster.com "HTTP/1.1 200 OK"
2026-07-04 09:00:36,818 [INFO] ✓ [358/500] grover-cleveland-president — tesSUCCESS
2026-07-04 09:00:38,330 [INFO] HTTP Request: POST https://xrplcluster.com "HTTP/1.1 200 OK"
2026-07-04 09:00:38,863 [INFO] HTTP Request: POST https://xrplcluster.com "HTTP/1.1 200 OK"
2026-07-04 09:00:39,283 [INFO] HTTP Request: POST https://xrplcluster.com "HTTP/1.1 200 OK"
2026-07-04 09:00:39,693 [INFO] HTTP Request: POST https://xrplcluster.com "HTTP/1.1 200 OK"
2026-07-04 09:00:40,072 [INFO] HTTP Request: POST https://xrplcluster.com "HTTP/1.1 200 OK"
2026-07-04 09:00:40,499 [INFO] HTTP Request: POST https://xrplcluster.com "HTTP/1.1 200 OK"
2026-07-04 09:00:40,501 [INFO] ✓ [359/500] john-kennedy-president — tesSUCCESS
2026-07-04 09:00:41,934 [INFO] HTTP Request: POST https://xrplcluster.com "HTTP/1.1 200 OK"
2026-07-04 09:00:42,271 [INFO] HTTP Request: POST https://xrplcluster.com "HTTP/1.1 200 OK"
2026-07-04 09:00:42,836 [INFO] HTTP Request: POST https://xrplcluster.com "HTTP/1.1 200 OK"
2026-07-04 09:00:43,348 [INFO] HTTP Request: POST https://xrplcluster.com "HTTP/1.1 200 OK"
2026-07-04 09:00:43,810 [INFO] HTTP Request: POST https://xrplcluster.com "HTTP/1.1 200 OK"
2026-07-04 09:00:44,164 [INFO] HTTP Request: POST https://xrplcluster.com "HTTP/1.1 200 OK"
2026-07-04 09:00:44,167 [INFO] ✓ [360/500] lyndon-johnson-president — tesSUCCESS
2026-07-04 09:00:45,601 [INFO] HTTP Request: POST https://xrplcluster.com "HTTP/1.1 200 OK"
2026-07-04 09:00:46,009 [INFO] HTTP Request: POST https://xrplcluster.com "HTTP/1.1 200 OK"
2026-07-04 09:00:46,624 [INFO] HTTP Request: POST https://xrplcluster.com "HTTP/1.1 200 OK"
2026-07-04 09:00:47,036 [INFO] HTTP Request: POST https://xrplcluster.com "HTTP/1.1 200 OK"
2026-07-04 09:00:47,359 [INFO] HTTP Request: POST https://xrplcluster.com "HTTP/1.1 200 OK"
2026-07-04 09:00:47,855 [INFO] HTTP Request: POST https://xrplcluster.com "HTTP/1.1 200 OK"
2026-07-04 09:00:47,857 [INFO] ✓ [361/500] richard-nixon-president — tesSUCCESS
2026-07-04 09:00:49,283 [INFO] HTTP Request: POST https://xrplcluster.com "HTTP/1.1 200 OK"
2026-07-04 09:00:49,703 [INFO] HTTP Request: POST https://xrplcluster.com "HTTP/1.1 200 OK"
2026-07-04 09:00:50,109 [INFO] HTTP Request: POST https://xrplcluster.com "HTTP/1.1 200 OK"
2026-07-04 09:00:50,620 [INFO] HTTP Request: POST https://xrplcluster.com "HTTP/1.1 200 OK"
2026-07-04 09:00:51,028 [INFO] HTTP Request: POST https://xrplcluster.com "HTTP/1.1 200 OK"
2026-07-04 09:00:51,437 [INFO] HTTP Request: POST https://xrplcluster.com "HTTP/1.1 200 OK"
2026-07-04 09:00:51,440 [INFO] ✓ [362/500] gerald-ford-president — tesSUCCESS
2026-07-04 09:00:52,863 [INFO] HTTP Request: POST https://xrplcluster.com "HTTP/1.1 200 OK"
2026-07-04 09:00:53,283 [INFO] HTTP Request: POST https://xrplcluster.com "HTTP/1.1 200 OK"
2026-07-04 09:00:53,691 [INFO] HTTP Request: POST https://xrplcluster.com "HTTP/1.1 200 OK"
2026-07-04 09:00:54,099 [INFO] HTTP Request: POST https://xrplcluster.com "HTTP/1.1 200 OK"
2026-07-04 09:00:54,612 [INFO] HTTP Request: POST https://xrplcluster.com "HTTP/1.1 200 OK"
2026-07-04 09:00:55,124 [INFO] HTTP Request: POST https://xrplcluster.com "HTTP/1.1 200 OK"
2026-07-04 09:00:55,126 [INFO] ✓ [363/500] george-hw-bush-president — tesSUCCESS
2026-07-04 09:00:56,558 [INFO] HTTP Request: POST https://xrplcluster.com "HTTP/1.1 200 OK"
2026-07-04 09:00:57,173 [INFO] HTTP Request: POST https://xrplcluster.com "HTTP/1.1 200 OK"
2026-07-04 09:00:57,685 [INFO] HTTP Request: POST https://xrplcluster.com "HTTP/1.1 200 OK"
2026-07-04 09:00:58,094 [INFO] HTTP Request: POST https://xrplcluster.com "HTTP/1.1 200 OK"
2026-07-04 09:00:58,503 [INFO] HTTP Request: POST https://xrplcluster.com "HTTP/1.1 200 OK"
2026-07-04 09:00:58,913 [INFO] HTTP Request: POST https://xrplcluster.com "HTTP/1.1 200 OK"
2026-07-04 09:00:58,914 [INFO] ✓ [364/500] benjamin-franklin-founding — tesSUCCESS
2026-07-04 09:01:00,449 [INFO] HTTP Request: POST https://xrplcluster.com "HTTP/1.1 200 OK"
2026-07-04 09:01:01,063 [INFO] HTTP Request: POST https://xrplcluster.com "HTTP/1.1 200 OK"
2026-07-04 09:01:01,389 [INFO] HTTP Request: POST https://xrplcluster.com "HTTP/1.1 200 OK"
2026-07-04 09:01:01,883 [INFO] HTTP Request: POST https://xrplcluster.com "HTTP/1.1 200 OK"
2026-07-04 09:01:02,292 [INFO] HTTP Request: POST https://xrplcluster.com "HTTP/1.1 200 OK"
2026-07-04 09:01:02,702 [INFO] HTTP Request: POST https://xrplcluster.com "HTTP/1.1 200 OK"
2026-07-04 09:01:02,703 [INFO] ✓ [365/500] alexander-hamilton-founding — tesSUCCESS
2026-07-04 09:01:04,135 [INFO] HTTP Request: POST https://xrplcluster.com "HTTP/1.1 200 OK"
2026-07-04 09:01:04,544 [INFO] HTTP Request: POST https://xrplcluster.com "HTTP/1.1 200 OK"
2026-07-04 09:01:05,109 [INFO] HTTP Request: POST https://xrplcluster.com "HTTP/1.1 200 OK"
2026-07-04 09:01:05,469 [INFO] HTTP Request: POST https://xrplcluster.com "HTTP/1.1 200 OK"
2026-07-04 09:01:05,876 [INFO] HTTP Request: POST https://xrplcluster.com "HTTP/1.1 200 OK"
2026-07-04 09:01:06,389 [INFO] HTTP Request: POST https://xrplcluster.com "HTTP/1.1 200 OK"
2026-07-04 09:01:06,391 [INFO] ✓ [366/500] john-jay-founding — tesSUCCESS
2026-07-04 09:01:07,822 [INFO] HTTP Request: POST https://xrplcluster.com "HTTP/1.1 200 OK"
2026-07-04 09:01:08,232 [INFO] HTTP Request: POST https://xrplcluster.com "HTTP/1.1 200 OK"
2026-07-04 09:01:08,641 [INFO] HTTP Request: POST https://xrplcluster.com "HTTP/1.1 200 OK"
2026-07-04 09:01:09,051 [INFO] HTTP Request: POST https://xrplcluster.com "HTTP/1.1 200 OK"
2026-07-04 09:01:09,372 [INFO] HTTP Request: POST https://xrplcluster.com "HTTP/1.1 200 OK"
2026-07-04 09:01:09,767 [INFO] HTTP Request: POST https://xrplcluster.com "HTTP/1.1 200 OK"
2026-07-04 09:01:09,770 [INFO] ✓ [367/500] us-constitution — tesSUCCESS
2026-07-04 09:01:11,203 [INFO] HTTP Request: POST https://xrplcluster.com "HTTP/1.1 200 OK"
2026-07-04 09:01:11,611 [INFO] HTTP Request: POST https://xrplcluster.com "HTTP/1.1 200 OK"
2026-07-04 09:01:12,022 [INFO] HTTP Request: POST https://xrplcluster.com "HTTP/1.1 200 OK"
2026-07-04 09:01:12,436 [INFO] HTTP Request: POST https://xrplcluster.com "HTTP/1.1 200 OK"
2026-07-04 09:01:12,942 [INFO] HTTP Request: POST https://xrplcluster.com "HTTP/1.1 200 OK"
2026-07-04 09:01:13,759 [INFO] HTTP Request: POST https://xrplcluster.com "HTTP/1.1 200 OK"
2026-07-04 09:01:13,762 [INFO] ✓ [368/500] bill-of-rights — tesSUCCESS
2026-07-04 09:01:15,195 [INFO] HTTP Request: POST https://xrplcluster.com "HTTP/1.1 200 OK"
2026-07-04 09:01:15,604 [INFO] HTTP Request: POST https://xrplcluster.com "HTTP/1.1 200 OK"
2026-07-04 09:01:16,014 [INFO] HTTP Request: POST https://xrplcluster.com "HTTP/1.1 200 OK"
2026-07-04 09:01:16,423 [INFO] HTTP Request: POST https://xrplcluster.com "HTTP/1.1 200 OK"
2026-07-04 09:01:16,832 [INFO] HTTP Request: POST https://xrplcluster.com "HTTP/1.1 200 OK"
2026-07-04 09:01:17,345 [INFO] HTTP Request: POST https://xrplcluster.com "HTTP/1.1 200 OK"
2026-07-04 09:01:17,347 [INFO] ✓ [369/500] federalist-papers — tesSUCCESS
2026-07-04 09:01:18,779 [INFO] HTTP Request: POST https://xrplcluster.com "HTTP/1.1 200 OK"
2026-07-04 09:01:19,186 [INFO] HTTP Request: POST https://xrplcluster.com "HTTP/1.1 200 OK"
2026-07-04 09:01:19,512 [INFO] HTTP Request: POST https://xrplcluster.com "HTTP/1.1 200 OK"
2026-07-04 09:01:19,907 [INFO] HTTP Request: POST https://xrplcluster.com "HTTP/1.1 200 OK"
2026-07-04 09:01:20,315 [INFO] HTTP Request: POST https://xrplcluster.com "HTTP/1.1 200 OK"
2026-07-04 09:01:20,733 [INFO] HTTP Request: POST https://xrplcluster.com "HTTP/1.1 200 OK"
2026-07-04 09:01:20,737 [INFO] ✓ [370/500] mount-rushmore — tesSUCCESS
2026-07-04 09:01:22,165 [INFO] HTTP Request: POST https://xrplcluster.com "HTTP/1.1 200 OK"
2026-07-04 09:01:22,566 [INFO] HTTP Request: POST https://xrplcluster.com "HTTP/1.1 200 OK"
2026-07-04 09:01:22,978 [INFO] HTTP Request: POST https://xrplcluster.com "HTTP/1.1 200 OK"
2026-07-04 09:01:23,389 [INFO] HTTP Request: POST https://xrplcluster.com "HTTP/1.1 200 OK"
2026-07-04 09:01:23,798 [INFO] HTTP Request: POST https://xrplcluster.com "HTTP/1.1 200 OK"
2026-07-04 09:01:24,206 [INFO] HTTP Request: POST https://xrplcluster.com "HTTP/1.1 200 OK"
2026-07-04 09:01:24,208 [INFO] ✓ [371/500] lincoln-memorial — tesSUCCESS
2026-07-04 09:01:25,639 [INFO] HTTP Request: POST https://xrplcluster.com "HTTP/1.1 200 OK"
2026-07-04 09:01:26,044 [INFO] HTTP Request: POST https://xrplcluster.com "HTTP/1.1 200 OK"
2026-07-04 09:01:26,561 [INFO] HTTP Request: POST https://xrplcluster.com "HTTP/1.1 200 OK"
2026-07-04 09:01:26,974 [INFO] HTTP Request: POST https://xrplcluster.com "HTTP/1.1 200 OK"
2026-07-04 09:01:27,296 [INFO] HTTP Request: POST https://xrplcluster.com "HTTP/1.1 200 OK"
2026-07-04 09:01:27,790 [INFO] HTTP Request: POST https://xrplcluster.com "HTTP/1.1 200 OK"
2026-07-04 09:01:27,793 [INFO] ✓ [372/500] white-house — tesSUCCESS
2026-07-04 09:01:29,224 [INFO] HTTP Request: POST https://xrplcluster.com "HTTP/1.1 200 OK"
2026-07-04 09:01:29,840 [INFO] HTTP Request: POST https://xrplcluster.com "HTTP/1.1 200 OK"
2026-07-04 09:01:30,248 [INFO] HTTP Request: POST https://xrplcluster.com "HTTP/1.1 200 OK"
2026-07-04 09:01:30,657 [INFO] HTTP Request: POST https://xrplcluster.com "HTTP/1.1 200 OK"
2026-07-04 09:01:31,170 [INFO] HTTP Request: POST https://xrplcluster.com "HTTP/1.1 200 OK"
2026-07-04 09:01:31,517 [INFO] HTTP Request: POST https://xrplcluster.com "HTTP/1.1 200 OK"
2026-07-04 09:01:31,519 [INFO] ✓ [373/500] niagara-falls — tesSUCCESS
2026-07-04 09:01:32,856 [INFO] HTTP Request: POST https://xrplcluster.com "HTTP/1.1 200 OK"
2026-07-04 09:01:33,320 [INFO] HTTP Request: POST https://xrplcluster.com "HTTP/1.1 200 OK"
2026-07-04 09:01:33,831 [INFO] HTTP Request: POST https://xrplcluster.com "HTTP/1.1 200 OK"
2026-07-04 09:01:34,343 [INFO] HTTP Request: POST https://xrplcluster.com "HTTP/1.1 200 OK"
2026-07-04 09:01:34,744 [INFO] HTTP Request: POST https://xrplcluster.com "HTTP/1.1 200 OK"
2026-07-04 09:01:35,163 [INFO] HTTP Request: POST https://xrplcluster.com "HTTP/1.1 200 OK"
2026-07-04 09:01:35,166 [INFO] ✓ [374/500] everglades — tesSUCCESS
2026-07-04 09:01:36,493 [INFO] HTTP Request: POST https://xrplcluster.com "HTTP/1.1 200 OK"
2026-07-04 09:01:37,008 [INFO] HTTP Request: POST https://xrplcluster.com "HTTP/1.1 200 OK"
2026-07-04 09:01:37,518 [INFO] HTTP Request: POST https://xrplcluster.com "HTTP/1.1 200 OK"
2026-07-04 09:01:37,927 [INFO] HTTP Request: POST https://xrplcluster.com "HTTP/1.1 200 OK"
2026-07-04 09:01:38,261 [INFO] HTTP Request: POST https://xrplcluster.com "HTTP/1.1 200 OK"
2026-07-04 09:01:38,646 [INFO] HTTP Request: POST https://xrplcluster.com "HTTP/1.1 200 OK"
2026-07-04 09:01:38,649 [INFO] ✓ [375/500] times-square — tesSUCCESS
2026-07-04 09:01:39,982 [INFO] HTTP Request: POST https://xrplcluster.com "HTTP/1.1 200 OK"
2026-07-04 09:01:40,488 [INFO] HTTP Request: POST https://xrplcluster.com "HTTP/1.1 200 OK"
2026-07-04 09:01:41,000 [INFO] HTTP Request: POST https://xrplcluster.com "HTTP/1.1 200 OK"
2026-07-04 09:01:41,513 [INFO] HTTP Request: POST https://xrplcluster.com "HTTP/1.1 200 OK"
2026-07-04 09:01:41,938 [INFO] HTTP Request: POST https://xrplcluster.com "HTTP/1.1 200 OK"
2026-07-04 09:01:42,333 [INFO] HTTP Request: POST https://xrplcluster.com "HTTP/1.1 200 OK"
2026-07-04 09:01:42,336 [INFO] ✓ [376/500] las-vegas-strip — tesSUCCESS
2026-07-04 09:01:43,805 [INFO] HTTP Request: POST https://xrplcluster.com "HTTP/1.1 200 OK"
2026-07-04 09:01:44,163 [INFO] HTTP Request: POST https://xrplcluster.com "HTTP/1.1 200 OK"
2026-07-04 09:01:44,789 [INFO] HTTP Request: POST https://xrplcluster.com "HTTP/1.1 200 OK"
2026-07-04 09:01:45,199 [INFO] HTTP Request: POST https://xrplcluster.com "HTTP/1.1 200 OK"
2026-07-04 09:01:45,813 [INFO] HTTP Request: POST https://xrplcluster.com "HTTP/1.1 200 OK"
2026-07-04 09:01:46,325 [INFO] HTTP Request: POST https://xrplcluster.com "HTTP/1.1 200 OK"
2026-07-04 09:01:46,327 [INFO] ✓ [377/500] bald-eagle — tesSUCCESS
2026-07-04 09:01:47,758 [INFO] HTTP Request: POST https://xrplcluster.com "HTTP/1.1 200 OK"
2026-07-04 09:01:48,081 [INFO] HTTP Request: POST https://xrplcluster.com "HTTP/1.1 200 OK"
2026-07-04 09:01:48,477 [INFO] HTTP Request: POST https://xrplcluster.com "HTTP/1.1 200 OK"
2026-07-04 09:01:48,887 [INFO] HTTP Request: POST https://xrplcluster.com "HTTP/1.1 200 OK"
2026-07-04 09:01:49,309 [INFO] HTTP Request: POST https://xrplcluster.com "HTTP/1.1 200 OK"
2026-07-04 09:01:49,732 [INFO] HTTP Request: POST https://xrplcluster.com "HTTP/1.1 200 OK"
2026-07-04 09:01:49,734 [INFO] ✓ [378/500] star-spangled-banner — tesSUCCESS
2026-07-04 09:01:51,241 [INFO] HTTP Request: POST https://xrplcluster.com "HTTP/1.1 200 OK"
2026-07-04 09:01:51,647 [INFO] HTTP Request: POST https://xrplcluster.com "HTTP/1.1 200 OK"
2026-07-04 09:01:52,162 [INFO] HTTP Request: POST https://xrplcluster.com "HTTP/1.1 200 OK"
2026-07-04 09:01:52,571 [INFO] HTTP Request: POST https://xrplcluster.com "HTTP/1.1 200 OK"
2026-07-04 09:01:52,981 [INFO] HTTP Request: POST https://xrplcluster.com "HTTP/1.1 200 OK"
2026-07-04 09:01:53,391 [INFO] HTTP Request: POST https://xrplcluster.com "HTTP/1.1 200 OK"
2026-07-04 09:01:53,393 [INFO] ✓ [379/500] fourth-of-july-celebration — tesSUCCESS
2026-07-04 09:01:54,824 [INFO] HTTP Request: POST https://xrplcluster.com "HTTP/1.1 200 OK"
2026-07-04 09:01:55,234 [INFO] HTTP Request: POST https://xrplcluster.com "HTTP/1.1 200 OK"
2026-07-04 09:01:55,643 [INFO] HTTP Request: POST https://xrplcluster.com "HTTP/1.1 200 OK"
2026-07-04 09:01:56,051 [INFO] HTTP Request: POST https://xrplcluster.com "HTTP/1.1 200 OK"
2026-07-04 09:01:56,463 [INFO] HTTP Request: POST https://xrplcluster.com "HTTP/1.1 200 OK"
2026-07-04 09:01:56,976 [INFO] HTTP Request: POST https://xrplcluster.com "HTTP/1.1 200 OK"
2026-07-04 09:01:56,979 [INFO] ✓ [380/500] passive-income-ideas — tesSUCCESS
2026-07-04 09:01:58,409 [INFO] HTTP Request: POST https://xrplcluster.com "HTTP/1.1 200 OK"
2026-07-04 09:01:58,813 [INFO] HTTP Request: POST https://xrplcluster.com "HTTP/1.1 200 OK"
2026-07-04 09:01:59,215 [INFO] HTTP Request: POST https://xrplcluster.com "HTTP/1.1 200 OK"
2026-07-04 09:01:59,742 [INFO] HTTP Request: POST https://xrplcluster.com "HTTP/1.1 200 OK"
2026-07-04 09:01:59,744 [ERROR] ✗ real-estate-investing exception: Request failed, amendmentBlocked: Amendment blocked, need upgrade.
2026-07-04 09:02:01,378 [INFO] HTTP Request: POST https://xrplcluster.com "HTTP/1.1 200 OK"
2026-07-04 09:02:01,380 [ERROR] ✗ entrepreneurship exception: Request failed, amendmentBlocked: Amendment blocked, need upgrade.
2026-07-04 09:02:02,812 [INFO] HTTP Request: POST https://xrplcluster.com "HTTP/1.1 200 OK"
2026-07-04 09:02:03,221 [INFO] HTTP Request: POST https://xrplcluster.com "HTTP/1.1 200 OK"
2026-07-04 09:02:03,735 [INFO] HTTP Request: POST https://xrplcluster.com "HTTP/1.1 200 OK"
2026-07-04 09:02:04,142 [INFO] HTTP Request: POST https://xrplcluster.com "HTTP/1.1 200 OK"
2026-07-04 09:02:04,552 [INFO] HTTP Request: POST https://xrplcluster.com "HTTP/1.1 200 OK"
2026-07-04 09:02:05,064 [INFO] HTTP Request: POST https://xrplcluster.com "HTTP/1.1 200 OK"
2026-07-04 09:02:05,067 [INFO] ✓ [381/500] venture-capital — tesSUCCESS
2026-07-04 09:02:06,498 [INFO] HTTP Request: POST https://xrplcluster.com "HTTP/1.1 200 OK"
2026-07-04 09:02:06,836 [INFO] HTTP Request: POST https://xrplcluster.com "HTTP/1.1 200 OK"
2026-07-04 09:02:07,242 [INFO] HTTP Request: POST https://xrplcluster.com "HTTP/1.1 200 OK"
2026-07-04 09:02:07,663 [INFO] HTTP Request: POST https://xrplcluster.com "HTTP/1.1 200 OK"
2026-07-04 09:02:08,017 [INFO] HTTP Request: POST https://xrplcluster.com "HTTP/1.1 200 OK"
2026-07-04 09:02:08,363 [INFO] HTTP Request: POST https://xrplcluster.com "HTTP/1.1 200 OK"
2026-07-04 09:02:08,365 [INFO] ✓ [382/500] 401k-retirement — tesSUCCESS
2026-07-04 09:02:09,916 [INFO] HTTP Request: POST https://xrplcluster.com "HTTP/1.1 200 OK"
2026-07-04 09:02:09,918 [ERROR] ✗ social-security exception: Request failed, amendmentBlocked: Amendment blocked, need upgrade.
2026-07-04 09:02:11,263 [INFO] HTTP Request: POST https://xrplcluster.com "HTTP/1.1 200 OK"
2026-07-04 09:02:11,720 [INFO] HTTP Request: POST https://xrplcluster.com "HTTP/1.1 200 OK"
2026-07-04 09:02:12,233 [INFO] HTTP Request: POST https://xrplcluster.com "HTTP/1.1 200 OK"
2026-07-04 09:02:12,641 [INFO] HTTP Request: POST https://xrplcluster.com "HTTP/1.1 200 OK"
2026-07-04 09:02:13,155 [INFO] HTTP Request: POST https://xrplcluster.com "HTTP/1.1 200 OK"
2026-07-04 09:02:13,572 [INFO] HTTP Request: POST https://xrplcluster.com "HTTP/1.1 200 OK"
2026-07-04 09:02:13,574 [INFO] ✓ [383/500] supply-chain-america — tesSUCCESS
2026-07-04 09:02:14,919 [INFO] HTTP Request: POST https://xrplcluster.com "HTTP/1.1 200 OK"
2026-07-04 09:02:15,307 [INFO] HTTP Request: POST https://xrplcluster.com "HTTP/1.1 200 OK"
2026-07-04 09:02:15,817 [INFO] HTTP Request: POST https://xrplcluster.com "HTTP/1.1 200 OK"
2026-07-04 09:02:16,329 [INFO] HTTP Request: POST https://xrplcluster.com "HTTP/1.1 200 OK"
2026-07-04 09:02:16,740 [INFO] HTTP Request: POST https://xrplcluster.com "HTTP/1.1 200 OK"
2026-07-04 09:02:17,251 [INFO] HTTP Request: POST https://xrplcluster.com "HTTP/1.1 200 OK"
2026-07-04 09:02:17,254 [INFO] ✓ [384/500] financial-independence — tesSUCCESS
2026-07-04 09:02:18,684 [INFO] HTTP Request: POST https://xrplcluster.com "HTTP/1.1 200 OK"
2026-07-04 09:02:19,108 [INFO] HTTP Request: POST https://xrplcluster.com "HTTP/1.1 200 OK"
2026-07-04 09:02:19,649 [INFO] HTTP Request: POST https://xrplcluster.com "HTTP/1.1 200 OK"
2026-07-04 09:02:20,176 [INFO] HTTP Request: POST https://xrplcluster.com "HTTP/1.1 200 OK"
2026-07-04 09:02:20,180 [ERROR] ✗ bitcoin-usa exception: Request failed, amendmentBlocked: Amendment blocked, need upgrade.
2026-07-04 09:02:21,607 [INFO] HTTP Request: POST https://xrplcluster.com "HTTP/1.1 200 OK"
2026-07-04 09:02:21,963 [INFO] HTTP Request: POST https://xrplcluster.com "HTTP/1.1 200 OK"
2026-07-04 09:02:22,473 [INFO] HTTP Request: POST https://xrplcluster.com "HTTP/1.1 200 OK"
2026-07-04 09:02:23,087 [INFO] HTTP Request: POST https://xrplcluster.com "HTTP/1.1 200 OK"
2026-07-04 09:02:23,089 [ERROR] ✗ oil-and-gas-usa exception: Request failed, amendmentBlocked: Amendment blocked, need upgrade.
2026-07-04 09:02:24,521 [INFO] HTTP Request: POST https://xrplcluster.com "HTTP/1.1 200 OK"
2026-07-04 09:02:25,033 [INFO] HTTP Request: POST https://xrplcluster.com "HTTP/1.1 200 OK"
2026-07-04 09:02:25,462 [INFO] HTTP Request: POST https://xrplcluster.com "HTTP/1.1 200 OK"
2026-07-04 09:02:25,852 [INFO] HTTP Request: POST https://xrplcluster.com "HTTP/1.1 200 OK"
2026-07-04 09:02:26,364 [INFO] HTTP Request: POST https://xrplcluster.com "HTTP/1.1 200 OK"
2026-07-04 09:02:26,875 [INFO] HTTP Request: POST https://xrplcluster.com "HTTP/1.1 200 OK"
2026-07-04 09:02:26,877 [INFO] ✓ [385/500] agriculture-usa — tesSUCCESS
2026-07-04 09:02:28,217 [INFO] HTTP Request: POST https://xrplcluster.com "HTTP/1.1 200 OK"
2026-07-04 09:02:28,616 [INFO] HTTP Request: POST https://xrplcluster.com "HTTP/1.1 200 OK"
2026-07-04 09:02:29,026 [INFO] HTTP Request: POST https://xrplcluster.com "HTTP/1.1 200 OK"
2026-07-04 09:02:29,401 [INFO] HTTP Request: POST https://xrplcluster.com "HTTP/1.1 200 OK"
2026-07-04 09:02:29,846 [INFO] HTTP Request: POST https://xrplcluster.com "HTTP/1.1 200 OK"
2026-07-04 09:02:30,200 [INFO] HTTP Request: POST https://xrplcluster.com "HTTP/1.1 200 OK"
2026-07-04 09:02:30,203 [INFO] ✓ [386/500] education-system-usa — tesSUCCESS
2026-07-04 09:02:31,526 [INFO] HTTP Request: POST https://xrplcluster.com "HTTP/1.1 200 OK"
2026-07-04 09:02:32,100 [INFO] HTTP Request: POST https://xrplcluster.com "HTTP/1.1 200 OK"
2026-07-04 09:02:32,633 [INFO] HTTP Request: POST https://xrplcluster.com "HTTP/1.1 200 OK"
2026-07-04 09:02:33,047 [INFO] HTTP Request: POST https://xrplcluster.com "HTTP/1.1 200 OK"
2026-07-04 09:02:33,533 [INFO] HTTP Request: POST https://xrplcluster.com "HTTP/1.1 200 OK"
2026-07-04 09:02:34,146 [INFO] HTTP Request: POST https://xrplcluster.com "HTTP/1.1 200 OK"
2026-07-04 09:02:34,148 [ERROR] ✗ homeownership-usa exception: Request failed, amendmentBlocked: Amendment blocked, need upgrade.
2026-07-04 09:02:35,580 [INFO] HTTP Request: POST https://xrplcluster.com "HTTP/1.1 200 OK"
2026-07-04 09:02:35,989 [INFO] HTTP Request: POST https://xrplcluster.com "HTTP/1.1 200 OK"
2026-07-04 09:02:36,503 [INFO] HTTP Request: POST https://xrplcluster.com "HTTP/1.1 200 OK"
2026-07-04 09:02:37,014 [INFO] HTTP Request: POST https://xrplcluster.com "HTTP/1.1 200 OK"
2026-07-04 09:02:37,423 [INFO] HTTP Request: POST https://xrplcluster.com "HTTP/1.1 200 OK"
2026-07-04 09:02:37,871 [INFO] HTTP Request: POST https://xrplcluster.com "HTTP/1.1 200 OK"
2026-07-04 09:02:37,873 [INFO] ✓ [387/500] national-debt-usa — tesSUCCESS
2026-07-04 09:02:39,369 [INFO] HTTP Request: POST https://xrplcluster.com "HTTP/1.1 200 OK"
2026-07-04 09:02:39,881 [INFO] HTTP Request: POST https://xrplcluster.com "HTTP/1.1 200 OK"
2026-07-04 09:02:40,418 [INFO] HTTP Request: POST https://xrplcluster.com "HTTP/1.1 200 OK"
2026-07-04 09:02:40,783 [INFO] HTTP Request: POST https://xrplcluster.com "HTTP/1.1 200 OK"
2026-07-04 09:02:41,212 [INFO] HTTP Request: POST https://xrplcluster.com "HTTP/1.1 200 OK"
2026-07-04 09:02:41,616 [INFO] HTTP Request: POST https://xrplcluster.com "HTTP/1.1 200 OK"
2026-07-04 09:02:41,619 [INFO] ✓ [388/500] small-business-loan — tesSUCCESS
2026-07-04 09:02:43,054 [INFO] HTTP Request: POST https://xrplcluster.com "HTTP/1.1 200 OK"
2026-07-04 09:02:43,465 [INFO] HTTP Request: POST https://xrplcluster.com "HTTP/1.1 200 OK"
2026-07-04 09:02:43,977 [INFO] HTTP Request: POST https://xrplcluster.com "HTTP/1.1 200 OK"
2026-07-04 09:02:44,428 [INFO] HTTP Request: POST https://xrplcluster.com "HTTP/1.1 200 OK"
2026-07-04 09:02:44,898 [INFO] HTTP Request: POST https://xrplcluster.com "HTTP/1.1 200 OK"
2026-07-04 09:02:45,410 [INFO] HTTP Request: POST https://xrplcluster.com "HTTP/1.1 200 OK"
2026-07-04 09:02:45,413 [INFO] ✓ [389/500] american-exports — tesSUCCESS
2026-07-04 09:02:46,844 [INFO] HTTP Request: POST https://xrplcluster.com "HTTP/1.1 200 OK"
2026-07-04 09:02:47,356 [INFO] HTTP Request: POST https://xrplcluster.com "HTTP/1.1 200 OK"
2026-07-04 09:02:47,869 [INFO] HTTP Request: POST https://xrplcluster.com "HTTP/1.1 200 OK"
2026-07-04 09:02:48,277 [INFO] HTTP Request: POST https://xrplcluster.com "HTTP/1.1 200 OK"
2026-07-04 09:02:48,789 [INFO] HTTP Request: POST https://xrplcluster.com "HTTP/1.1 200 OK"
2026-07-04 09:02:49,302 [INFO] HTTP Request: POST https://xrplcluster.com "HTTP/1.1 200 OK"
2026-07-04 09:02:49,305 [INFO] ✓ [390/500] fit21-act — tesSUCCESS
2026-07-04 09:02:50,737 [INFO] HTTP Request: POST https://xrplcluster.com "HTTP/1.1 200 OK"
2026-07-04 09:02:51,145 [INFO] HTTP Request: POST https://xrplcluster.com "HTTP/1.1 200 OK"
2026-07-04 09:02:51,554 [INFO] HTTP Request: POST https://xrplcluster.com "HTTP/1.1 200 OK"
2026-07-04 09:02:52,087 [INFO] HTTP Request: POST https://xrplcluster.com "HTTP/1.1 200 OK"
2026-07-04 09:02:52,090 [ERROR] ✗ ripple-usa exception: Request failed, amendmentBlocked: Amendment blocked, need upgrade.
2026-07-04 09:02:53,500 [INFO] HTTP Request: POST https://xrplcluster.com "HTTP/1.1 200 OK"
2026-07-04 09:02:53,905 [INFO] HTTP Request: POST https://xrplcluster.com "HTTP/1.1 200 OK"
2026-07-04 09:02:54,312 [INFO] HTTP Request: POST https://xrplcluster.com "HTTP/1.1 200 OK"
2026-07-04 09:02:54,631 [INFO] HTTP Request: POST https://xrplcluster.com "HTTP/1.1 200 OK"
2026-07-04 09:02:54,968 [INFO] HTTP Request: POST https://xrplcluster.com "HTTP/1.1 200 OK"
2026-07-04 09:02:55,378 [INFO] HTTP Request: POST https://xrplcluster.com "HTTP/1.1 200 OK"
2026-07-04 09:02:55,380 [INFO] ✓ [391/500] crypto-strategic-reserve — tesSUCCESS
2026-07-04 09:02:56,878 [INFO] HTTP Request: POST https://xrplcluster.com "HTTP/1.1 200 OK"
2026-07-04 09:02:57,300 [INFO] HTTP Request: POST https://xrplcluster.com "HTTP/1.1 200 OK"
2026-07-04 09:02:57,903 [INFO] HTTP Request: POST https://xrplcluster.com "HTTP/1.1 200 OK"
2026-07-04 09:02:58,314 [INFO] HTTP Request: POST https://xrplcluster.com "HTTP/1.1 200 OK"
2026-07-04 09:02:58,729 [INFO] HTTP Request: POST https://xrplcluster.com "HTTP/1.1 200 OK"
2026-07-04 09:02:59,139 [INFO] HTTP Request: POST https://xrplcluster.com "HTTP/1.1 200 OK"
2026-07-04 09:02:59,140 [INFO] ✓ [392/500] stablecoin-regulation — tesSUCCESS
2026-07-04 09:03:00,680 [INFO] HTTP Request: POST https://xrplcluster.com "HTTP/1.1 200 OK"
2026-07-04 09:03:00,684 [ERROR] ✗ agentiscript-genesis exception: Request failed, amendmentBlocked: Amendment blocked, need upgrade.
2026-07-04 09:03:02,204 [INFO] HTTP Request: POST https://xrplcluster.com "HTTP/1.1 200 OK"
2026-07-04 09:03:02,614 [INFO] HTTP Request: POST https://xrplcluster.com "HTTP/1.1 200 OK"
2026-07-04 09:03:03,229 [INFO] HTTP Request: POST https://xrplcluster.com "HTTP/1.1 200 OK"
2026-07-04 09:03:03,637 [INFO] HTTP Request: POST https://xrplcluster.com "HTTP/1.1 200 OK"
2026-07-04 09:03:04,151 [INFO] HTTP Request: POST https://xrplcluster.com "HTTP/1.1 200 OK"
2026-07-04 09:03:04,560 [INFO] HTTP Request: POST https://xrplcluster.com "HTTP/1.1 200 OK"
2026-07-04 09:03:04,563 [INFO] ✓ [393/500] us-army — tesSUCCESS
2026-07-04 09:03:05,993 [INFO] HTTP Request: POST https://xrplcluster.com "HTTP/1.1 200 OK"
2026-07-04 09:03:06,607 [INFO] HTTP Request: POST https://xrplcluster.com "HTTP/1.1 200 OK"
2026-07-04 09:03:07,017 [INFO] HTTP Request: POST https://xrplcluster.com "HTTP/1.1 200 OK"
2026-07-04 09:03:07,427 [INFO] HTTP Request: POST https://xrplcluster.com "HTTP/1.1 200 OK"
2026-07-04 09:03:07,762 [INFO] HTTP Request: POST https://xrplcluster.com "HTTP/1.1 200 OK"
2026-07-04 09:03:08,246 [INFO] HTTP Request: POST https://xrplcluster.com "HTTP/1.1 200 OK"
2026-07-04 09:03:08,249 [INFO] ✓ [394/500] us-air-force — tesSUCCESS
2026-07-04 09:03:09,681 [INFO] HTTP Request: POST https://xrplcluster.com "HTTP/1.1 200 OK"
2026-07-04 09:03:10,192 [INFO] HTTP Request: POST https://xrplcluster.com "HTTP/1.1 200 OK"
2026-07-04 09:03:10,807 [INFO] HTTP Request: POST https://xrplcluster.com "HTTP/1.1 200 OK"
2026-07-04 09:03:11,319 [INFO] HTTP Request: POST https://xrplcluster.com "HTTP/1.1 200 OK"
2026-07-04 09:03:11,728 [INFO] HTTP Request: POST https://xrplcluster.com "HTTP/1.1 200 OK"
2026-07-04 09:03:12,160 [INFO] HTTP Request: POST https://xrplcluster.com "HTTP/1.1 200 OK"
2026-07-04 09:03:12,163 [INFO] ✓ [395/500] veterans-day — tesSUCCESS
2026-07-04 09:03:13,776 [INFO] HTTP Request: POST https://xrplcluster.com "HTTP/1.1 200 OK"
2026-07-04 09:03:13,778 [ERROR] ✗ apollo-11 exception: Request failed, amendmentBlocked: Amendment blocked, need upgrade.
2026-07-04 09:03:15,209 [INFO] HTTP Request: POST https://xrplcluster.com "HTTP/1.1 200 OK"
2026-07-04 09:03:15,618 [INFO] HTTP Request: POST https://xrplcluster.com "HTTP/1.1 200 OK"
2026-07-04 09:03:16,131 [INFO] HTTP Request: POST https://xrplcluster.com "HTTP/1.1 200 OK"
2026-07-04 09:03:16,541 [INFO] HTTP Request: POST https://xrplcluster.com "HTTP/1.1 200 OK"
2026-07-04 09:03:17,053 [INFO] HTTP Request: POST https://xrplcluster.com "HTTP/1.1 200 OK"
2026-07-04 09:03:17,565 [INFO] HTTP Request: POST https://xrplcluster.com "HTTP/1.1 200 OK"
2026-07-04 09:03:17,568 [INFO] ✓ [396/500] louisiana-purchase — tesSUCCESS
2026-07-04 09:03:18,998 [INFO] HTTP Request: POST https://xrplcluster.com "HTTP/1.1 200 OK"
2026-07-04 09:03:19,510 [INFO] HTTP Request: POST https://xrplcluster.com "HTTP/1.1 200 OK"
2026-07-04 09:03:20,022 [INFO] HTTP Request: POST https://xrplcluster.com "HTTP/1.1 200 OK"
2026-07-04 09:03:20,432 [INFO] HTTP Request: POST https://xrplcluster.com "HTTP/1.1 200 OK"
2026-07-04 09:03:20,966 [INFO] HTTP Request: POST https://xrplcluster.com "HTTP/1.1 200 OK"
2026-07-04 09:03:21,355 [INFO] HTTP Request: POST https://xrplcluster.com "HTTP/1.1 200 OK"
2026-07-04 09:03:21,358 [INFO] ✓ [397/500] american-railroad — tesSUCCESS
2026-07-04 09:03:22,787 [INFO] HTTP Request: POST https://xrplcluster.com "HTTP/1.1 200 OK"
2026-07-04 09:03:23,200 [INFO] HTTP Request: POST https://xrplcluster.com "HTTP/1.1 200 OK"
2026-07-04 09:03:23,647 [INFO] HTTP Request: POST https://xrplcluster.com "HTTP/1.1 200 OK"
2026-07-04 09:03:24,118 [INFO] HTTP Request: POST https://xrplcluster.com "HTTP/1.1 200 OK"
2026-07-04 09:03:24,529 [INFO] HTTP Request: POST https://xrplcluster.com "HTTP/1.1 200 OK"
2026-07-04 09:03:25,040 [INFO] HTTP Request: POST https://xrplcluster.com "HTTP/1.1 200 OK"
2026-07-04 09:03:25,043 [INFO] ✓ [398/500] american-nuclear-age — tesSUCCESS
2026-07-04 09:03:26,474 [INFO] HTTP Request: POST https://xrplcluster.com "HTTP/1.1 200 OK"
2026-07-04 09:03:26,882 [INFO] HTTP Request: POST https://xrplcluster.com "HTTP/1.1 200 OK"
2026-07-04 09:03:27,292 [INFO] HTTP Request: POST https://xrplcluster.com "HTTP/1.1 200 OK"
2026-07-04 09:03:27,703 [INFO] HTTP Request: POST https://xrplcluster.com "HTTP/1.1 200 OK"
2026-07-04 09:03:28,214 [INFO] HTTP Request: POST https://xrplcluster.com "HTTP/1.1 200 OK"
2026-07-04 09:03:28,625 [INFO] HTTP Request: POST https://xrplcluster.com "HTTP/1.1 200 OK"
2026-07-04 09:03:28,627 [INFO] ✓ [399/500] bitcoin-strategic-reserve — tesSUCCESS
2026-07-04 09:03:30,058 [INFO] HTTP Request: POST https://xrplcluster.com "HTTP/1.1 200 OK"
2026-07-04 09:03:30,570 [INFO] HTTP Request: POST https://xrplcluster.com "HTTP/1.1 200 OK"
2026-07-04 09:03:31,083 [INFO] HTTP Request: POST https://xrplcluster.com "HTTP/1.1 200 OK"
2026-07-04 09:03:31,491 [INFO] HTTP Request: POST https://xrplcluster.com "HTTP/1.1 200 OK"
2026-07-04 09:03:31,917 [INFO] HTTP Request: POST https://xrplcluster.com "HTTP/1.1 200 OK"
2026-07-04 09:03:32,311 [INFO] HTTP Request: POST https://xrplcluster.com "HTTP/1.1 200 OK"
2026-07-04 09:03:32,314 [INFO] ✓ [400/500] ethereum-strategic-reserve — tesSUCCESS
2026-07-04 09:03:33,863 [INFO] HTTP Request: POST https://xrplcluster.com "HTTP/1.1 200 OK"
2026-07-04 09:03:33,866 [ERROR] ✗ cardano-strategic-reserve exception: Request failed, amendmentBlocked: Amendment blocked, need upgrade.
2026-07-04 09:03:35,383 [INFO] HTTP Request: POST https://xrplcluster.com "HTTP/1.1 200 OK"
2026-07-04 09:03:35,800 [INFO] HTTP Request: POST https://xrplcluster.com "HTTP/1.1 200 OK"
2026-07-04 09:03:36,304 [INFO] HTTP Request: POST https://xrplcluster.com "HTTP/1.1 200 OK"
2026-07-04 09:03:36,918 [INFO] HTTP Request: POST https://xrplcluster.com "HTTP/1.1 200 OK"
2026-07-04 09:03:36,921 [ERROR] ✗ american-flag exception: Request failed, amendmentBlocked: Amendment blocked, need upgrade.
2026-07-04 09:03:38,557 [INFO] HTTP Request: POST https://xrplcluster.com "HTTP/1.1 200 OK"
2026-07-04 09:03:38,559 [ERROR] ✗ gulf-of-america exception: Request failed, amendmentBlocked: Amendment blocked, need upgrade.
2026-07-04 09:03:39,992 [INFO] HTTP Request: POST https://xrplcluster.com "HTTP/1.1 200 OK"
2026-07-04 09:03:40,399 [INFO] HTTP Request: POST https://xrplcluster.com "HTTP/1.1 200 OK"
2026-07-04 09:03:41,015 [INFO] HTTP Request: POST https://xrplcluster.com "HTTP/1.1 200 OK"
2026-07-04 09:03:41,426 [INFO] HTTP Request: POST https://xrplcluster.com "HTTP/1.1 200 OK"
2026-07-04 09:03:41,935 [INFO] HTTP Request: POST https://xrplcluster.com "HTTP/1.1 200 OK"
2026-07-04 09:03:42,357 [INFO] HTTP Request: POST https://xrplcluster.com "HTTP/1.1 200 OK"
2026-07-04 09:03:42,361 [INFO] ✓ [401/500] philadelphia — tesSUCCESS
2026-07-04 09:03:43,780 [INFO] HTTP Request: POST https://xrplcluster.com "HTTP/1.1 200 OK"
2026-07-04 09:03:44,189 [INFO] HTTP Request: POST https://xrplcluster.com "HTTP/1.1 200 OK"
2026-07-04 09:03:44,701 [INFO] HTTP Request: POST https://xrplcluster.com "HTTP/1.1 200 OK"
2026-07-04 09:03:45,035 [INFO] HTTP Request: POST https://xrplcluster.com "HTTP/1.1 200 OK"
2026-07-04 09:03:45,521 [INFO] HTTP Request: POST https://xrplcluster.com "HTTP/1.1 200 OK"
2026-07-04 09:03:45,929 [INFO] HTTP Request: POST https://xrplcluster.com "HTTP/1.1 200 OK"
2026-07-04 09:03:45,931 [INFO] ✓ [402/500] san-antonio — tesSUCCESS
2026-07-04 09:03:47,268 [INFO] HTTP Request: POST https://xrplcluster.com "HTTP/1.1 200 OK"
2026-07-04 09:03:47,774 [INFO] HTTP Request: POST https://xrplcluster.com "HTTP/1.1 200 OK"
2026-07-04 09:03:48,185 [INFO] HTTP Request: POST https://xrplcluster.com "HTTP/1.1 200 OK"
2026-07-04 09:03:48,695 [INFO] HTTP Request: POST https://xrplcluster.com "HTTP/1.1 200 OK"
2026-07-04 09:03:49,207 [INFO] HTTP Request: POST https://xrplcluster.com "HTTP/1.1 200 OK"
2026-07-04 09:03:49,628 [INFO] HTTP Request: POST https://xrplcluster.com "HTTP/1.1 200 OK"
2026-07-04 09:03:49,632 [INFO] ✓ [403/500] dallas — tesSUCCESS
2026-07-04 09:03:51,153 [INFO] HTTP Request: POST https://xrplcluster.com "HTTP/1.1 200 OK"
2026-07-04 09:03:51,574 [INFO] HTTP Request: POST https://xrplcluster.com "HTTP/1.1 200 OK"
2026-07-04 09:03:52,073 [INFO] HTTP Request: POST https://xrplcluster.com "HTTP/1.1 200 OK"
2026-07-04 09:03:52,483 [INFO] HTTP Request: POST https://xrplcluster.com "HTTP/1.1 200 OK"
2026-07-04 09:03:52,893 [INFO] HTTP Request: POST https://xrplcluster.com "HTTP/1.1 200 OK"
2026-07-04 09:03:53,406 [INFO] HTTP Request: POST https://xrplcluster.com "HTTP/1.1 200 OK"
2026-07-04 09:03:53,408 [INFO] ✓ [404/500] jacksonville — tesSUCCESS
2026-07-04 09:03:54,838 [INFO] HTTP Request: POST https://xrplcluster.com "HTTP/1.1 200 OK"
2026-07-04 09:03:55,248 [INFO] HTTP Request: POST https://xrplcluster.com "HTTP/1.1 200 OK"
2026-07-04 09:03:55,796 [INFO] HTTP Request: POST https://xrplcluster.com "HTTP/1.1 200 OK"
2026-07-04 09:03:56,172 [INFO] HTTP Request: POST https://xrplcluster.com "HTTP/1.1 200 OK"
2026-07-04 09:03:56,579 [INFO] HTTP Request: POST https://xrplcluster.com "HTTP/1.1 200 OK"
2026-07-04 09:03:57,091 [INFO] HTTP Request: POST https://xrplcluster.com "HTTP/1.1 200 OK"
2026-07-04 09:03:57,093 [INFO] ✓ [405/500] austin — tesSUCCESS
2026-07-04 09:03:58,730 [INFO] HTTP Request: POST https://xrplcluster.com "HTTP/1.1 200 OK"
2026-07-04 09:03:58,732 [ERROR] ✗ fort-worth exception: Request failed, amendmentBlocked: Amendment blocked, need upgrade.
2026-07-04 09:04:00,368 [INFO] HTTP Request: POST https://xrplcluster.com "HTTP/1.1 200 OK"
2026-07-04 09:04:00,370 [ERROR] ✗ charlotte exception: Request failed, amendmentBlocked: Amendment blocked, need upgrade.
2026-07-04 09:04:01,717 [INFO] HTTP Request: POST https://xrplcluster.com "HTTP/1.1 200 OK"
2026-07-04 09:04:02,109 [INFO] HTTP Request: POST https://xrplcluster.com "HTTP/1.1 200 OK"
2026-07-04 09:04:02,518 [INFO] HTTP Request: POST https://xrplcluster.com "HTTP/1.1 200 OK"
2026-07-04 09:04:03,031 [INFO] HTTP Request: POST https://xrplcluster.com "HTTP/1.1 200 OK"
2026-07-04 09:04:03,440 [INFO] HTTP Request: POST https://xrplcluster.com "HTTP/1.1 200 OK"
2026-07-04 09:04:03,851 [INFO] HTTP Request: POST https://xrplcluster.com "HTTP/1.1 200 OK"
2026-07-04 09:04:03,853 [INFO] ✓ [406/500] oklahoma-city — tesSUCCESS
2026-07-04 09:04:05,284 [INFO] HTTP Request: POST https://xrplcluster.com "HTTP/1.1 200 OK"
2026-07-04 09:04:05,692 [INFO] HTTP Request: POST https://xrplcluster.com "HTTP/1.1 200 OK"
2026-07-04 09:04:06,103 [INFO] HTTP Request: POST https://xrplcluster.com "HTTP/1.1 200 OK"
2026-07-04 09:04:06,616 [INFO] HTTP Request: POST https://xrplcluster.com "HTTP/1.1 200 OK"
2026-07-04 09:04:07,126 [INFO] HTTP Request: POST https://xrplcluster.com "HTTP/1.1 200 OK"
2026-07-04 09:04:07,612 [INFO] HTTP Request: POST https://xrplcluster.com "HTTP/1.1 200 OK"
2026-07-04 09:04:07,614 [INFO] ✓ [407/500] portland — tesSUCCESS
2026-07-04 09:04:08,971 [INFO] HTTP Request: POST https://xrplcluster.com "HTTP/1.1 200 OK"
2026-07-04 09:04:09,482 [INFO] HTTP Request: POST https://xrplcluster.com "HTTP/1.1 200 OK"
2026-07-04 09:04:10,097 [INFO] HTTP Request: POST https://xrplcluster.com "HTTP/1.1 200 OK"
2026-07-04 09:04:10,710 [INFO] HTTP Request: POST https://xrplcluster.com "HTTP/1.1 200 OK"
2026-07-04 09:04:10,712 [ERROR] ✗ new-orleans exception: Request failed, amendmentBlocked: Amendment blocked, need upgrade.
2026-07-04 09:04:12,053 [INFO] HTTP Request: POST https://xrplcluster.com "HTTP/1.1 200 OK"
2026-07-04 09:04:12,466 [INFO] HTTP Request: POST https://xrplcluster.com "HTTP/1.1 200 OK"
2026-07-04 09:04:12,881 [INFO] HTTP Request: POST https://xrplcluster.com "HTTP/1.1 200 OK"
2026-07-04 09:04:13,373 [INFO] HTTP Request: POST https://xrplcluster.com "HTTP/1.1 200 OK"
2026-07-04 09:04:13,885 [INFO] HTTP Request: POST https://xrplcluster.com "HTTP/1.1 200 OK"
2026-07-04 09:04:14,431 [INFO] HTTP Request: POST https://xrplcluster.com "HTTP/1.1 200 OK"
2026-07-04 09:04:14,433 [ERROR] ✗ tampa exception: Request failed, amendmentBlocked: Amendment blocked, need upgrade.
2026-07-04 09:04:15,934 [INFO] HTTP Request: POST https://xrplcluster.com "HTTP/1.1 200 OK"
2026-07-04 09:04:16,445 [INFO] HTTP Request: POST https://xrplcluster.com "HTTP/1.1 200 OK"
2026-07-04 09:04:16,957 [INFO] HTTP Request: POST https://xrplcluster.com "HTTP/1.1 200 OK"
2026-07-04 09:04:17,470 [INFO] HTTP Request: POST https://xrplcluster.com "HTTP/1.1 200 OK"
2026-07-04 09:04:17,981 [INFO] HTTP Request: POST https://xrplcluster.com "HTTP/1.1 200 OK"
2026-07-04 09:04:18,403 [INFO] HTTP Request: POST https://xrplcluster.com "HTTP/1.1 200 OK"
2026-07-04 09:04:18,406 [INFO] ✓ [408/500] pittsburgh — tesSUCCESS
2026-07-04 09:04:19,949 [INFO] HTTP Request: POST https://xrplcluster.com "HTTP/1.1 200 OK"
2026-07-04 09:04:19,951 [ERROR] ✗ cincinnati exception: Request failed, amendmentBlocked: Amendment blocked, need upgrade.
2026-07-04 09:04:21,361 [INFO] HTTP Request: POST https://xrplcluster.com "HTTP/1.1 200 OK"
2026-07-04 09:04:21,772 [INFO] HTTP Request: POST https://xrplcluster.com "HTTP/1.1 200 OK"
2026-07-04 09:04:22,282 [INFO] HTTP Request: POST https://xrplcluster.com "HTTP/1.1 200 OK"
2026-07-04 09:04:22,795 [INFO] HTTP Request: POST https://xrplcluster.com "HTTP/1.1 200 OK"
2026-07-04 09:04:23,306 [INFO] HTTP Request: POST https://xrplcluster.com "HTTP/1.1 200 OK"
2026-07-04 09:04:23,716 [INFO] HTTP Request: POST https://xrplcluster.com "HTTP/1.1 200 OK"
2026-07-04 09:04:23,719 [INFO] ✓ [409/500] detroit — tesSUCCESS
2026-07-04 09:04:25,150 [INFO] HTTP Request: POST https://xrplcluster.com "HTTP/1.1 200 OK"
2026-07-04 09:04:25,655 [INFO] HTTP Request: POST https://xrplcluster.com "HTTP/1.1 200 OK"
2026-07-04 09:04:26,081 [INFO] HTTP Request: POST https://xrplcluster.com "HTTP/1.1 200 OK"
2026-07-04 09:04:26,685 [INFO] HTTP Request: POST https://xrplcluster.com "HTTP/1.1 200 OK"
2026-07-04 09:04:26,688 [ERROR] ✗ buffalo exception: Request failed, amendmentBlocked: Amendment blocked, need upgrade.
2026-07-04 09:04:28,119 [INFO] HTTP Request: POST https://xrplcluster.com "HTTP/1.1 200 OK"
2026-07-04 09:04:28,631 [INFO] HTTP Request: POST https://xrplcluster.com "HTTP/1.1 200 OK"
2026-07-04 09:04:29,245 [INFO] HTTP Request: POST https://xrplcluster.com "HTTP/1.1 200 OK"
2026-07-04 09:04:29,655 [INFO] HTTP Request: POST https://xrplcluster.com "HTTP/1.1 200 OK"
2026-07-04 09:04:30,060 [INFO] HTTP Request: POST https://xrplcluster.com "HTTP/1.1 200 OK"
2026-07-04 09:04:30,475 [INFO] HTTP Request: POST https://xrplcluster.com "HTTP/1.1 200 OK"
2026-07-04 09:04:30,478 [INFO] ✓ [410/500] anchorage — tesSUCCESS
2026-07-04 09:04:31,907 [INFO] HTTP Request: POST https://xrplcluster.com "HTTP/1.1 200 OK"
2026-07-04 09:04:32,258 [INFO] HTTP Request: POST https://xrplcluster.com "HTTP/1.1 200 OK"
2026-07-04 09:04:32,627 [INFO] HTTP Request: POST https://xrplcluster.com "HTTP/1.1 200 OK"
2026-07-04 09:04:33,035 [INFO] HTTP Request: POST https://xrplcluster.com "HTTP/1.1 200 OK"
2026-07-04 09:04:33,547 [INFO] HTTP Request: POST https://xrplcluster.com "HTTP/1.1 200 OK"
2026-07-04 09:04:33,894 [INFO] HTTP Request: POST https://xrplcluster.com "HTTP/1.1 200 OK"
2026-07-04 09:04:33,896 [INFO] ✓ [411/500] albuquerque — tesSUCCESS
2026-07-04 09:04:35,389 [INFO] HTTP Request: POST https://xrplcluster.com "HTTP/1.1 200 OK"
2026-07-04 09:04:35,802 [INFO] HTTP Request: POST https://xrplcluster.com "HTTP/1.1 200 OK"
2026-07-04 09:04:36,311 [INFO] HTTP Request: POST https://xrplcluster.com "HTTP/1.1 200 OK"
2026-07-04 09:04:36,925 [INFO] HTTP Request: POST https://xrplcluster.com "HTTP/1.1 200 OK"
2026-07-04 09:04:36,927 [ERROR] ✗ colorado-springs exception: Request failed, amendmentBlocked: Amendment blocked, need upgrade.
2026-07-04 09:04:38,410 [INFO] HTTP Request: POST https://xrplcluster.com "HTTP/1.1 200 OK"
2026-07-04 09:04:38,871 [INFO] HTTP Request: POST https://xrplcluster.com "HTTP/1.1 200 OK"
2026-07-04 09:04:39,282 [INFO] HTTP Request: POST https://xrplcluster.com "HTTP/1.1 200 OK"
2026-07-04 09:04:39,897 [INFO] HTTP Request: POST https://xrplcluster.com "HTTP/1.1 200 OK"
2026-07-04 09:04:39,899 [ERROR] ✗ boise exception: Request failed, amendmentBlocked: Amendment blocked, need upgrade.
2026-07-04 09:04:41,329 [INFO] HTTP Request: POST https://xrplcluster.com "HTTP/1.1 200 OK"
2026-07-04 09:04:41,665 [INFO] HTTP Request: POST https://xrplcluster.com "HTTP/1.1 200 OK"
2026-07-04 09:04:42,148 [INFO] HTTP Request: POST https://xrplcluster.com "HTTP/1.1 200 OK"
2026-07-04 09:04:42,487 [INFO] HTTP Request: POST https://xrplcluster.com "HTTP/1.1 200 OK"
2026-07-04 09:04:42,966 [INFO] HTTP Request: POST https://xrplcluster.com "HTTP/1.1 200 OK"
2026-07-04 09:04:43,481 [INFO] HTTP Request: POST https://xrplcluster.com "HTTP/1.1 200 OK"
2026-07-04 09:04:43,484 [INFO] ✓ [412/500] new-haven — tesSUCCESS
2026-07-04 09:04:45,015 [INFO] HTTP Request: POST https://xrplcluster.com "HTTP/1.1 200 OK"
2026-07-04 09:04:45,425 [INFO] HTTP Request: POST https://xrplcluster.com "HTTP/1.1 200 OK"
2026-07-04 09:04:45,937 [INFO] HTTP Request: POST https://xrplcluster.com "HTTP/1.1 200 OK"
2026-07-04 09:04:46,348 [INFO] HTTP Request: POST https://xrplcluster.com "HTTP/1.1 200 OK"
2026-07-04 09:04:46,859 [INFO] HTTP Request: POST https://xrplcluster.com "HTTP/1.1 200 OK"
2026-07-04 09:04:47,270 [INFO] HTTP Request: POST https://xrplcluster.com "HTTP/1.1 200 OK"
2026-07-04 09:04:47,273 [INFO] ✓ [413/500] charleston — tesSUCCESS
2026-07-04 09:04:48,907 [INFO] HTTP Request: POST https://xrplcluster.com "HTTP/1.1 200 OK"
2026-07-04 09:04:48,909 [ERROR] ✗ pensacola exception: Request failed, amendmentBlocked: Amendment blocked, need upgrade.
2026-07-04 09:04:50,252 [INFO] HTTP Request: POST https://xrplcluster.com "HTTP/1.1 200 OK"
2026-07-04 09:04:50,750 [INFO] HTTP Request: POST https://xrplcluster.com "HTTP/1.1 200 OK"
2026-07-04 09:04:51,161 [INFO] HTTP Request: POST https://xrplcluster.com "HTTP/1.1 200 OK"
2026-07-04 09:04:51,571 [INFO] HTTP Request: POST https://xrplcluster.com "HTTP/1.1 200 OK"
2026-07-04 09:04:51,925 [INFO] HTTP Request: POST https://xrplcluster.com "HTTP/1.1 200 OK"
2026-07-04 09:04:52,368 [INFO] HTTP Request: POST https://xrplcluster.com "HTTP/1.1 200 OK"
2026-07-04 09:04:52,370 [INFO] ✓ [414/500] daytona-beach — tesSUCCESS
2026-07-04 09:04:53,822 [INFO] HTTP Request: POST https://xrplcluster.com "HTTP/1.1 200 OK"
2026-07-04 09:04:54,334 [INFO] HTTP Request: POST https://xrplcluster.com "HTTP/1.1 200 OK"
2026-07-04 09:04:54,743 [INFO] HTTP Request: POST https://xrplcluster.com "HTTP/1.1 200 OK"
2026-07-04 09:04:55,155 [INFO] HTTP Request: POST https://xrplcluster.com "HTTP/1.1 200 OK"
2026-07-04 09:04:55,583 [INFO] HTTP Request: POST https://xrplcluster.com "HTTP/1.1 200 OK"
2026-07-04 09:04:55,972 [INFO] HTTP Request: POST https://xrplcluster.com "HTTP/1.1 200 OK"
2026-07-04 09:04:55,974 [INFO] ✓ [415/500] sarasota — tesSUCCESS
2026-07-04 09:04:57,408 [INFO] HTTP Request: POST https://xrplcluster.com "HTTP/1.1 200 OK"
2026-07-04 09:04:57,918 [INFO] HTTP Request: POST https://xrplcluster.com "HTTP/1.1 200 OK"
2026-07-04 09:04:58,328 [INFO] HTTP Request: POST https://xrplcluster.com "HTTP/1.1 200 OK"
2026-07-04 09:04:58,768 [INFO] HTTP Request: POST https://xrplcluster.com "HTTP/1.1 200 OK"
2026-07-04 09:04:59,148 [INFO] HTTP Request: POST https://xrplcluster.com "HTTP/1.1 200 OK"
2026-07-04 09:04:59,558 [INFO] HTTP Request: POST https://xrplcluster.com "HTTP/1.1 200 OK"
2026-07-04 09:04:59,560 [INFO] ✓ [416/500] key-west — tesSUCCESS
2026-07-04 09:05:01,005 [INFO] HTTP Request: POST https://xrplcluster.com "HTTP/1.1 200 OK"
2026-07-04 09:05:01,433 [INFO] HTTP Request: POST https://xrplcluster.com "HTTP/1.1 200 OK"
2026-07-04 09:05:01,883 [INFO] HTTP Request: POST https://xrplcluster.com "HTTP/1.1 200 OK"
2026-07-04 09:05:02,297 [INFO] HTTP Request: POST https://xrplcluster.com "HTTP/1.1 200 OK"
2026-07-04 09:05:02,636 [INFO] HTTP Request: POST https://xrplcluster.com "HTTP/1.1 200 OK"
2026-07-04 09:05:03,038 [INFO] HTTP Request: POST https://xrplcluster.com "HTTP/1.1 200 OK"
2026-07-04 09:05:03,040 [INFO] ✓ [417/500] palm-beach — tesSUCCESS
2026-07-04 09:05:04,472 [INFO] HTTP Request: POST https://xrplcluster.com "HTTP/1.1 200 OK"
2026-07-04 09:05:04,890 [INFO] HTTP Request: POST https://xrplcluster.com "HTTP/1.1 200 OK"
2026-07-04 09:05:05,426 [INFO] HTTP Request: POST https://xrplcluster.com "HTTP/1.1 200 OK"
2026-07-04 09:05:06,007 [INFO] HTTP Request: POST https://xrplcluster.com "HTTP/1.1 200 OK"
2026-07-04 09:05:06,010 [ERROR] ✗ boca-raton exception: Request failed, amendmentBlocked: Amendment blocked, need upgrade.
2026-07-04 09:05:07,441 [INFO] HTTP Request: POST https://xrplcluster.com "HTTP/1.1 200 OK"
2026-07-04 09:05:07,782 [INFO] HTTP Request: POST https://xrplcluster.com "HTTP/1.1 200 OK"
2026-07-04 09:05:08,212 [INFO] HTTP Request: POST https://xrplcluster.com "HTTP/1.1 200 OK"
2026-07-04 09:05:08,631 [INFO] HTTP Request: POST https://xrplcluster.com "HTTP/1.1 200 OK"
2026-07-04 09:05:09,080 [INFO] HTTP Request: POST https://xrplcluster.com "HTTP/1.1 200 OK"
2026-07-04 09:05:09,512 [INFO] HTTP Request: POST https://xrplcluster.com "HTTP/1.1 200 OK"
2026-07-04 09:05:09,515 [INFO] ✓ [418/500] st-augustine — tesSUCCESS
2026-07-04 09:05:10,923 [INFO] HTTP Request: POST https://xrplcluster.com "HTTP/1.1 200 OK"
2026-07-04 09:05:11,263 [INFO] HTTP Request: POST https://xrplcluster.com "HTTP/1.1 200 OK"
2026-07-04 09:05:11,696 [INFO] HTTP Request: POST https://xrplcluster.com "HTTP/1.1 200 OK"
2026-07-04 09:05:12,165 [INFO] HTTP Request: POST https://xrplcluster.com "HTTP/1.1 200 OK"
2026-07-04 09:05:12,563 [INFO] HTTP Request: POST https://xrplcluster.com "HTTP/1.1 200 OK"
2026-07-04 09:05:13,073 [INFO] HTTP Request: POST https://xrplcluster.com "HTTP/1.1 200 OK"
2026-07-04 09:05:13,078 [INFO] ✓ [419/500] st-pete — tesSUCCESS
2026-07-04 09:05:14,512 [INFO] HTTP Request: POST https://xrplcluster.com "HTTP/1.1 200 OK"
2026-07-04 09:05:15,018 [INFO] HTTP Request: POST https://xrplcluster.com "HTTP/1.1 200 OK"
2026-07-04 09:05:15,634 [INFO] HTTP Request: POST https://xrplcluster.com "HTTP/1.1 200 OK"
2026-07-04 09:05:16,146 [INFO] HTTP Request: POST https://xrplcluster.com "HTTP/1.1 200 OK"
2026-07-04 09:05:16,657 [INFO] HTTP Request: POST https://xrplcluster.com "HTTP/1.1 200 OK"
2026-07-04 09:05:17,068 [INFO] HTTP Request: POST https://xrplcluster.com "HTTP/1.1 200 OK"
2026-07-04 09:05:17,070 [INFO] ✓ [420/500] mississippi-river — tesSUCCESS
2026-07-04 09:05:18,606 [INFO] HTTP Request: POST https://xrplcluster.com "HTTP/1.1 200 OK"
2026-07-04 09:05:18,610 [ERROR] ✗ great-lakes exception: Request failed, amendmentBlocked: Amendment blocked, need upgrade.
2026-07-04 09:05:19,974 [INFO] HTTP Request: POST https://xrplcluster.com "HTTP/1.1 200 OK"
2026-07-04 09:05:21,163 [INFO] HTTP Request: POST https://xrplcluster.com "HTTP/1.1 200 OK"
2026-07-04 09:05:21,675 [INFO] HTTP Request: POST https://xrplcluster.com "HTTP/1.1 200 OK"
2026-07-04 09:05:22,096 [INFO] HTTP Request: POST https://xrplcluster.com "HTTP/1.1 200 OK"
2026-07-04 09:05:22,521 [INFO] HTTP Request: POST https://xrplcluster.com "HTTP/1.1 200 OK"
2026-07-04 09:05:22,943 [INFO] HTTP Request: POST https://xrplcluster.com "HTTP/1.1 200 OK"
2026-07-04 09:05:22,946 [INFO] ✓ [421/500] mojave-desert — tesSUCCESS
2026-07-04 09:05:24,308 [INFO] HTTP Request: POST https://xrplcluster.com "HTTP/1.1 200 OK"
2026-07-04 09:05:25,258 [INFO] HTTP Request: POST https://xrplcluster.com "HTTP/1.1 200 OK"
2026-07-04 09:05:25,671 [INFO] HTTP Request: POST https://xrplcluster.com "HTTP/1.1 200 OK"
2026-07-04 09:05:26,081 [INFO] HTTP Request: POST https://xrplcluster.com "HTTP/1.1 200 OK"
2026-07-04 09:05:26,516 [INFO] HTTP Request: POST https://xrplcluster.com "HTTP/1.1 200 OK"
2026-07-04 09:05:26,999 [INFO] HTTP Request: POST https://xrplcluster.com "HTTP/1.1 200 OK"
2026-07-04 09:05:27,001 [INFO] ✓ [422/500] great-plains — tesSUCCESS
2026-07-04 09:05:28,433 [INFO] HTTP Request: POST https://xrplcluster.com "HTTP/1.1 200 OK"
2026-07-04 09:05:28,772 [INFO] HTTP Request: POST https://xrplcluster.com "HTTP/1.1 200 OK"
2026-07-04 09:05:29,255 [INFO] HTTP Request: POST https://xrplcluster.com "HTTP/1.1 200 OK"
2026-07-04 09:05:29,664 [INFO] HTTP Request: POST https://xrplcluster.com "HTTP/1.1 200 OK"
2026-07-04 09:05:30,001 [INFO] HTTP Request: POST https://xrplcluster.com "HTTP/1.1 200 OK"
2026-07-04 09:05:30,584 [INFO] HTTP Request: POST https://xrplcluster.com "HTTP/1.1 200 OK"
2026-07-04 09:05:30,585 [ERROR] ✗ rocky-mountains exception: Request failed, amendmentBlocked: Amendment blocked, need upgrade.
2026-07-04 09:05:32,008 [INFO] HTTP Request: POST https://xrplcluster.com "HTTP/1.1 200 OK"
2026-07-04 09:05:32,417 [INFO] HTTP Request: POST https://xrplcluster.com "HTTP/1.1 200 OK"
2026-07-04 09:05:32,941 [INFO] HTTP Request: POST https://xrplcluster.com "HTTP/1.1 200 OK"
2026-07-04 09:05:33,364 [INFO] HTTP Request: POST https://xrplcluster.com "HTTP/1.1 200 OK"
2026-07-04 09:05:33,812 [INFO] HTTP Request: POST https://xrplcluster.com "HTTP/1.1 200 OK"
2026-07-04 09:05:34,170 [INFO] HTTP Request: POST https://xrplcluster.com "HTTP/1.1 200 OK"
2026-07-04 09:05:34,171 [INFO] ✓ [423/500] mount-whitney — tesSUCCESS
2026-07-04 09:05:35,523 [INFO] HTTP Request: POST https://xrplcluster.com "HTTP/1.1 200 OK"
2026-07-04 09:05:35,945 [INFO] HTTP Request: POST https://xrplcluster.com "HTTP/1.1 200 OK"
2026-07-04 09:05:37,447 [INFO] HTTP Request: POST https://xrplcluster.com "HTTP/1.1 200 OK"
2026-07-04 09:05:37,974 [INFO] HTTP Request: POST https://xrplcluster.com "HTTP/1.1 200 OK"
2026-07-04 09:05:37,976 [ERROR] ✗ mount-mckinley exception: Request failed, amendmentBlocked: Amendment blocked, need upgrade.
2026-07-04 09:05:39,493 [INFO] HTTP Request: POST https://xrplcluster.com "HTTP/1.1 200 OK"
2026-07-04 09:05:39,826 [INFO] HTTP Request: POST https://xrplcluster.com "HTTP/1.1 200 OK"
2026-07-04 09:05:40,156 [INFO] HTTP Request: POST https://xrplcluster.com "HTTP/1.1 200 OK"
2026-07-04 09:05:40,499 [INFO] HTTP Request: POST https://xrplcluster.com "HTTP/1.1 200 OK"
2026-07-04 09:05:40,928 [INFO] HTTP Request: POST https://xrplcluster.com "HTTP/1.1 200 OK"
2026-07-04 09:05:41,282 [INFO] HTTP Request: POST https://xrplcluster.com "HTTP/1.1 200 OK"
2026-07-04 09:05:41,284 [INFO] ✓ [424/500] florida-keys — tesSUCCESS
2026-07-04 09:05:42,625 [INFO] HTTP Request: POST https://xrplcluster.com "HTTP/1.1 200 OK"
2026-07-04 09:05:43,077 [INFO] HTTP Request: POST https://xrplcluster.com "HTTP/1.1 200 OK"
2026-07-04 09:05:43,513 [INFO] HTTP Request: POST https://xrplcluster.com "HTTP/1.1 200 OK"
2026-07-04 09:05:43,999 [INFO] HTTP Request: POST https://xrplcluster.com "HTTP/1.1 200 OK"
2026-07-04 09:05:44,417 [INFO] HTTP Request: POST https://xrplcluster.com "HTTP/1.1 200 OK"
2026-07-04 09:05:44,779 [INFO] HTTP Request: POST https://xrplcluster.com "HTTP/1.1 200 OK"
2026-07-04 09:05:44,782 [INFO] ✓ [425/500] outer-banks — tesSUCCESS
2026-07-04 09:05:46,235 [INFO] HTTP Request: POST https://xrplcluster.com "HTTP/1.1 200 OK"
2026-07-04 09:05:46,661 [INFO] HTTP Request: POST https://xrplcluster.com "HTTP/1.1 200 OK"
2026-07-04 09:05:47,276 [INFO] HTTP Request: POST https://xrplcluster.com "HTTP/1.1 200 OK"
2026-07-04 09:05:47,686 [INFO] HTTP Request: POST https://xrplcluster.com "HTTP/1.1 200 OK"
2026-07-04 09:05:48,197 [INFO] HTTP Request: POST https://xrplcluster.com "HTTP/1.1 200 OK"
2026-07-04 09:05:48,632 [INFO] HTTP Request: POST https://xrplcluster.com "HTTP/1.1 200 OK"
2026-07-04 09:05:48,636 [INFO] ✓ [426/500] cape-cod — tesSUCCESS
2026-07-04 09:05:49,969 [INFO] HTTP Request: POST https://xrplcluster.com "HTTP/1.1 200 OK"
2026-07-04 09:05:50,391 [INFO] HTTP Request: POST https://xrplcluster.com "HTTP/1.1 200 OK"
2026-07-04 09:05:50,859 [INFO] HTTP Request: POST https://xrplcluster.com "HTTP/1.1 200 OK"
2026-07-04 09:05:51,371 [INFO] HTTP Request: POST https://xrplcluster.com "HTTP/1.1 200 OK"
2026-07-04 09:05:51,708 [INFO] HTTP Request: POST https://xrplcluster.com "HTTP/1.1 200 OK"
2026-07-04 09:05:52,069 [INFO] HTTP Request: POST https://xrplcluster.com "HTTP/1.1 200 OK"
2026-07-04 09:05:52,071 [INFO] ✓ [427/500] pacific-coast — tesSUCCESS
2026-07-04 09:05:53,418 [INFO] HTTP Request: POST https://xrplcluster.com "HTTP/1.1 200 OK"
2026-07-04 09:05:53,823 [INFO] HTTP Request: POST https://xrplcluster.com "HTTP/1.1 200 OK"
2026-07-04 09:05:54,250 [INFO] HTTP Request: POST https://xrplcluster.com "HTTP/1.1 200 OK"
2026-07-04 09:05:54,580 [INFO] HTTP Request: POST https://xrplcluster.com "HTTP/1.1 200 OK"
2026-07-04 09:05:55,057 [INFO] HTTP Request: POST https://xrplcluster.com "HTTP/1.1 200 OK"
2026-07-04 09:05:55,480 [INFO] HTTP Request: POST https://xrplcluster.com "HTTP/1.1 200 OK"
2026-07-04 09:05:55,484 [INFO] ✓ [428/500] congress — tesSUCCESS
2026-07-04 09:05:57,003 [INFO] HTTP Request: POST https://xrplcluster.com "HTTP/1.1 200 OK"
2026-07-04 09:05:57,352 [INFO] HTTP Request: POST https://xrplcluster.com "HTTP/1.1 200 OK"
2026-07-04 09:05:58,130 [INFO] HTTP Request: POST https://xrplcluster.com "HTTP/1.1 200 OK"
2026-07-04 09:05:58,547 [INFO] HTTP Request: POST https://xrplcluster.com "HTTP/1.1 200 OK"
2026-07-04 09:05:58,968 [INFO] HTTP Request: POST https://xrplcluster.com "HTTP/1.1 200 OK"
2026-07-04 09:05:59,318 [INFO] HTTP Request: POST https://xrplcluster.com "HTTP/1.1 200 OK"
2026-07-04 09:05:59,321 [INFO] ✓ [429/500] house-of-representatives — tesSUCCESS
2026-07-04 09:06:00,866 [INFO] HTTP Request: POST https://xrplcluster.com "HTTP/1.1 200 OK"
2026-07-04 09:06:00,869 [ERROR] ✗ central-intelligence-agency exception: Request failed, amendmentBlocked: Amendment blocked, need upgrade.
2026-07-04 09:06:02,291 [INFO] HTTP Request: POST https://xrplcluster.com "HTTP/1.1 200 OK"
2026-07-04 09:06:02,774 [INFO] HTTP Request: POST https://xrplcluster.com "HTTP/1.1 200 OK"
2026-07-04 09:06:03,354 [INFO] HTTP Request: POST https://xrplcluster.com "HTTP/1.1 200 OK"
2026-07-04 09:06:03,786 [INFO] HTTP Request: POST https://xrplcluster.com "HTTP/1.1 200 OK"
2026-07-04 09:06:04,274 [INFO] HTTP Request: POST https://xrplcluster.com "HTTP/1.1 200 OK"
2026-07-04 09:06:04,686 [INFO] HTTP Request: POST https://xrplcluster.com "HTTP/1.1 200 OK"
2026-07-04 09:06:04,687 [INFO] ✓ [430/500] secret-service — tesSUCCESS
2026-07-04 09:06:06,324 [INFO] HTTP Request: POST https://xrplcluster.com "HTTP/1.1 200 OK"
2026-07-04 09:06:06,326 [ERROR] ✗ pentagon exception: Request failed, amendmentBlocked: Amendment blocked, need upgrade.
2026-07-04 09:06:07,751 [INFO] HTTP Request: POST https://xrplcluster.com "HTTP/1.1 200 OK"
2026-07-04 09:06:08,167 [INFO] HTTP Request: POST https://xrplcluster.com "HTTP/1.1 200 OK"
2026-07-04 09:06:08,701 [INFO] HTTP Request: POST https://xrplcluster.com "HTTP/1.1 200 OK"
2026-07-04 09:06:09,119 [INFO] HTTP Request: POST https://xrplcluster.com "HTTP/1.1 200 OK"
2026-07-04 09:06:09,562 [INFO] HTTP Request: POST https://xrplcluster.com "HTTP/1.1 200 OK"
2026-07-04 09:06:09,911 [INFO] HTTP Request: POST https://xrplcluster.com "HTTP/1.1 200 OK"
2026-07-04 09:06:09,913 [INFO] ✓ [431/500] arlington-cemetery — tesSUCCESS
2026-07-04 09:06:11,449 [INFO] HTTP Request: POST https://xrplcluster.com "HTTP/1.1 200 OK"
2026-07-04 09:06:11,452 [ERROR] ✗ gettysburg exception: Request failed, amendmentBlocked: Amendment blocked, need upgrade.
2026-07-04 09:06:12,877 [INFO] HTTP Request: POST https://xrplcluster.com "HTTP/1.1 200 OK"
2026-07-04 09:06:13,210 [INFO] HTTP Request: POST https://xrplcluster.com "HTTP/1.1 200 OK"
2026-07-04 09:06:13,695 [INFO] HTTP Request: POST https://xrplcluster.com "HTTP/1.1 200 OK"
2026-07-04 09:06:14,130 [INFO] HTTP Request: POST https://xrplcluster.com "HTTP/1.1 200 OK"
2026-07-04 09:06:14,558 [INFO] HTTP Request: POST https://xrplcluster.com "HTTP/1.1 200 OK"
2026-07-04 09:06:15,006 [INFO] HTTP Request: POST https://xrplcluster.com "HTTP/1.1 200 OK"
2026-07-04 09:06:15,008 [INFO] ✓ [432/500] normandy-american — tesSUCCESS
2026-07-04 09:06:16,359 [INFO] HTTP Request: POST https://xrplcluster.com "HTTP/1.1 200 OK"
2026-07-04 09:06:16,785 [INFO] HTTP Request: POST https://xrplcluster.com "HTTP/1.1 200 OK"
2026-07-04 09:06:17,205 [INFO] HTTP Request: POST https://xrplcluster.com "HTTP/1.1 200 OK"
2026-07-04 09:06:17,588 [INFO] HTTP Request: POST https://xrplcluster.com "HTTP/1.1 200 OK"
2026-07-04 09:06:17,997 [INFO] HTTP Request: POST https://xrplcluster.com "HTTP/1.1 200 OK"
2026-07-04 09:06:18,343 [INFO] HTTP Request: POST https://xrplcluster.com "HTTP/1.1 200 OK"
2026-07-04 09:06:18,345 [INFO] ✓ [433/500] pearl-harbor — tesSUCCESS
2026-07-04 09:06:19,759 [INFO] HTTP Request: POST https://xrplcluster.com "HTTP/1.1 200 OK"
2026-07-04 09:06:20,259 [INFO] HTTP Request: POST https://xrplcluster.com "HTTP/1.1 200 OK"
2026-07-04 09:06:20,594 [INFO] HTTP Request: POST https://xrplcluster.com "HTTP/1.1 200 OK"
2026-07-04 09:06:20,920 [INFO] HTTP Request: POST https://xrplcluster.com "HTTP/1.1 200 OK"
2026-07-04 09:06:21,331 [INFO] HTTP Request: POST https://xrplcluster.com "HTTP/1.1 200 OK"
2026-07-04 09:06:21,759 [INFO] HTTP Request: POST https://xrplcluster.com "HTTP/1.1 200 OK"
2026-07-04 09:06:21,761 [INFO] ✓ [434/500] thanksgiving — tesSUCCESS
2026-07-04 09:06:23,103 [INFO] HTTP Request: POST https://xrplcluster.com "HTTP/1.1 200 OK"
2026-07-04 09:06:23,440 [INFO] HTTP Request: POST https://xrplcluster.com "HTTP/1.1 200 OK"
2026-07-04 09:06:23,878 [INFO] HTTP Request: POST https://xrplcluster.com "HTTP/1.1 200 OK"
2026-07-04 09:06:24,346 [INFO] HTTP Request: POST https://xrplcluster.com "HTTP/1.1 200 OK"
2026-07-04 09:06:24,755 [INFO] HTTP Request: POST https://xrplcluster.com "HTTP/1.1 200 OK"
2026-07-04 09:06:25,266 [INFO] HTTP Request: POST https://xrplcluster.com "HTTP/1.1 200 OK"
2026-07-04 09:06:25,268 [INFO] ✓ [435/500] right-to-bear-arms — tesSUCCESS
2026-07-04 09:06:26,701 [INFO] HTTP Request: POST https://xrplcluster.com "HTTP/1.1 200 OK"
2026-07-04 09:06:27,139 [INFO] HTTP Request: POST https://xrplcluster.com "HTTP/1.1 200 OK"
2026-07-04 09:06:27,622 [INFO] HTTP Request: POST https://xrplcluster.com "HTTP/1.1 200 OK"
2026-07-04 09:06:28,042 [INFO] HTTP Request: POST https://xrplcluster.com "HTTP/1.1 200 OK"
2026-07-04 09:06:28,543 [INFO] HTTP Request: POST https://xrplcluster.com "HTTP/1.1 200 OK"
2026-07-04 09:06:28,892 [INFO] HTTP Request: POST https://xrplcluster.com "HTTP/1.1 200 OK"
2026-07-04 09:06:28,896 [INFO] ✓ [436/500] due-process — tesSUCCESS
2026-07-04 09:06:30,252 [INFO] HTTP Request: POST https://xrplcluster.com "HTTP/1.1 200 OK"
2026-07-04 09:06:30,687 [INFO] HTTP Request: POST https://xrplcluster.com "HTTP/1.1 200 OK"
2026-07-04 09:06:31,111 [INFO] HTTP Request: POST https://xrplcluster.com "HTTP/1.1 200 OK"
2026-07-04 09:06:31,457 [INFO] HTTP Request: POST https://xrplcluster.com "HTTP/1.1 200 OK"
2026-07-04 09:06:31,906 [INFO] HTTP Request: POST https://xrplcluster.com "HTTP/1.1 200 OK"
2026-07-04 09:06:32,333 [INFO] HTTP Request: POST https://xrplcluster.com "HTTP/1.1 200 OK"
2026-07-04 09:06:32,337 [INFO] ✓ [437/500] rule-of-law — tesSUCCESS
2026-07-04 09:06:33,765 [INFO] HTTP Request: POST https://xrplcluster.com "HTTP/1.1 200 OK"
2026-07-04 09:06:34,179 [INFO] HTTP Request: POST https://xrplcluster.com "HTTP/1.1 200 OK"
2026-07-04 09:06:34,520 [INFO] HTTP Request: POST https://xrplcluster.com "HTTP/1.1 200 OK"
2026-07-04 09:06:34,894 [INFO] HTTP Request: POST https://xrplcluster.com "HTTP/1.1 200 OK"
2026-07-04 09:06:35,406 [INFO] HTTP Request: POST https://xrplcluster.com "HTTP/1.1 200 OK"
2026-07-04 09:06:35,833 [INFO] HTTP Request: POST https://xrplcluster.com "HTTP/1.1 200 OK"
2026-07-04 09:06:35,837 [INFO] ✓ [438/500] great-society — tesSUCCESS
2026-07-04 09:06:37,375 [INFO] HTTP Request: POST https://xrplcluster.com "HTTP/1.1 200 OK"
2026-07-04 09:06:37,379 [ERROR] ✗ american-exceptionalism exception: Request failed, amendmentBlocked: Amendment blocked, need upgrade.
2026-07-04 09:06:38,887 [INFO] HTTP Request: POST https://xrplcluster.com "HTTP/1.1 200 OK"
2026-07-04 09:06:39,400 [INFO] HTTP Request: POST https://xrplcluster.com "HTTP/1.1 200 OK"
2026-07-04 09:06:39,814 [INFO] HTTP Request: POST https://xrplcluster.com "HTTP/1.1 200 OK"
2026-07-04 09:06:40,253 [INFO] HTTP Request: POST https://xrplcluster.com "HTTP/1.1 200 OK"
2026-07-04 09:06:40,680 [INFO] HTTP Request: POST https://xrplcluster.com "HTTP/1.1 200 OK"
2026-07-04 09:06:41,181 [INFO] HTTP Request: POST https://xrplcluster.com "HTTP/1.1 200 OK"
2026-07-04 09:06:41,183 [INFO] ✓ [439/500] e-pluribus-unum — tesSUCCESS
2026-07-04 09:06:42,615 [INFO] HTTP Request: POST https://xrplcluster.com "HTTP/1.1 200 OK"
2026-07-04 09:06:42,947 [INFO] HTTP Request: POST https://xrplcluster.com "HTTP/1.1 200 OK"
2026-07-04 09:06:43,361 [INFO] HTTP Request: POST https://xrplcluster.com "HTTP/1.1 200 OK"
2026-07-04 09:06:43,700 [INFO] HTTP Request: POST https://xrplcluster.com "HTTP/1.1 200 OK"
2026-07-04 09:06:44,143 [INFO] HTTP Request: POST https://xrplcluster.com "HTTP/1.1 200 OK"
2026-07-04 09:06:44,521 [INFO] HTTP Request: POST https://xrplcluster.com "HTTP/1.1 200 OK"
2026-07-04 09:06:44,523 [INFO] ✓ [440/500] land-of-the-free — tesSUCCESS
2026-07-04 09:06:45,948 [INFO] HTTP Request: POST https://xrplcluster.com "HTTP/1.1 200 OK"
2026-07-04 09:06:46,313 [INFO] HTTP Request: POST https://xrplcluster.com "HTTP/1.1 200 OK"
2026-07-04 09:06:46,683 [INFO] HTTP Request: POST https://xrplcluster.com "HTTP/1.1 200 OK"
2026-07-04 09:06:47,008 [INFO] HTTP Request: POST https://xrplcluster.com "HTTP/1.1 200 OK"
2026-07-04 09:06:47,436 [INFO] HTTP Request: POST https://xrplcluster.com "HTTP/1.1 200 OK"
2026-07-04 09:06:47,874 [INFO] HTTP Request: POST https://xrplcluster.com "HTTP/1.1 200 OK"
2026-07-04 09:06:47,876 [INFO] ✓ [441/500] american-work-ethic — tesSUCCESS
2026-07-04 09:06:49,231 [INFO] HTTP Request: POST https://xrplcluster.com "HTTP/1.1 200 OK"
2026-07-04 09:06:49,773 [INFO] HTTP Request: POST https://xrplcluster.com "HTTP/1.1 200 OK"
2026-07-04 09:06:50,103 [INFO] HTTP Request: POST https://xrplcluster.com "HTTP/1.1 200 OK"
2026-07-04 09:06:50,548 [INFO] HTTP Request: POST https://xrplcluster.com "HTTP/1.1 200 OK"
2026-07-04 09:06:50,942 [INFO] HTTP Request: POST https://xrplcluster.com "HTTP/1.1 200 OK"
2026-07-04 09:06:51,382 [INFO] HTTP Request: POST https://xrplcluster.com "HTTP/1.1 200 OK"
2026-07-04 09:06:51,385 [INFO] ✓ [442/500] world-war-two-victory — tesSUCCESS
2026-07-04 09:06:52,808 [INFO] HTTP Request: POST https://xrplcluster.com "HTTP/1.1 200 OK"
2026-07-04 09:06:53,146 [INFO] HTTP Request: POST https://xrplcluster.com "HTTP/1.1 200 OK"
2026-07-04 09:06:53,600 [INFO] HTTP Request: POST https://xrplcluster.com "HTTP/1.1 200 OK"
2026-07-04 09:06:54,045 [INFO] HTTP Request: POST https://xrplcluster.com "HTTP/1.1 200 OK"
2026-07-04 09:06:54,517 [INFO] HTTP Request: POST https://xrplcluster.com "HTTP/1.1 200 OK"
2026-07-04 09:06:54,904 [INFO] HTTP Request: POST https://xrplcluster.com "HTTP/1.1 200 OK"
2026-07-04 09:06:54,905 [INFO] ✓ [443/500] korean-war — tesSUCCESS
2026-07-04 09:06:56,472 [INFO] HTTP Request: POST https://xrplcluster.com "HTTP/1.1 200 OK"
2026-07-04 09:06:56,474 [ERROR] ✗ watergate exception: Request failed, amendmentBlocked: Amendment blocked, need upgrade.
2026-07-04 09:06:57,820 [INFO] HTTP Request: POST https://xrplcluster.com "HTTP/1.1 200 OK"
2026-07-04 09:06:58,225 [INFO] HTTP Request: POST https://xrplcluster.com "HTTP/1.1 200 OK"
2026-07-04 09:06:58,634 [INFO] HTTP Request: POST https://xrplcluster.com "HTTP/1.1 200 OK"
2026-07-04 09:06:59,163 [INFO] HTTP Request: POST https://xrplcluster.com "HTTP/1.1 200 OK"
2026-07-04 09:06:59,166 [ERROR] ✗ iran-hostage exception: Request failed, amendmentBlocked: Amendment blocked, need upgrade.
2026-07-04 09:07:00,605 [INFO] HTTP Request: POST https://xrplcluster.com "HTTP/1.1 200 OK"
2026-07-04 09:07:01,020 [INFO] HTTP Request: POST https://xrplcluster.com "HTTP/1.1 200 OK"
2026-07-04 09:07:01,621 [INFO] HTTP Request: POST https://xrplcluster.com "HTTP/1.1 200 OK"
2026-07-04 09:07:02,041 [INFO] HTTP Request: POST https://xrplcluster.com "HTTP/1.1 200 OK"
2026-07-04 09:07:02,457 [INFO] HTTP Request: POST https://xrplcluster.com "HTTP/1.1 200 OK"
2026-07-04 09:07:03,022 [INFO] HTTP Request: POST https://xrplcluster.com "HTTP/1.1 200 OK"
2026-07-04 09:07:03,024 [ERROR] ✗ war-on-terror exception: Request failed, amendmentBlocked: Amendment blocked, need upgrade.
2026-07-04 09:07:04,590 [INFO] HTTP Request: POST https://xrplcluster.com "HTTP/1.1 200 OK"
2026-07-04 09:07:04,593 [ERROR] ✗ january-6 exception: Request failed, amendmentBlocked: Amendment blocked, need upgrade.
2026-07-04 09:07:06,025 [INFO] HTTP Request: POST https://xrplcluster.com "HTTP/1.1 200 OK"
2026-07-04 09:07:06,379 [INFO] HTTP Request: POST https://xrplcluster.com "HTTP/1.1 200 OK"
2026-07-04 09:07:06,841 [INFO] HTTP Request: POST https://xrplcluster.com "HTTP/1.1 200 OK"
2026-07-04 09:07:07,184 [INFO] HTTP Request: POST https://xrplcluster.com "HTTP/1.1 200 OK"
2026-07-04 09:07:07,518 [INFO] HTTP Request: POST https://xrplcluster.com "HTTP/1.1 200 OK"
2026-07-04 09:07:08,173 [INFO] HTTP Request: POST https://xrplcluster.com "HTTP/1.1 200 OK"
2026-07-04 09:07:08,175 [ERROR] ✗ ai-revolution-usa exception: Request failed, amendmentBlocked: Amendment blocked, need upgrade.
2026-07-04 09:07:09,608 [INFO] HTTP Request: POST https://xrplcluster.com "HTTP/1.1 200 OK"
2026-07-04 09:07:10,018 [INFO] HTTP Request: POST https://xrplcluster.com "HTTP/1.1 200 OK"
2026-07-04 09:07:10,528 [INFO] HTTP Request: POST https://xrplcluster.com "HTTP/1.1 200 OK"
2026-07-04 09:07:11,040 [INFO] HTTP Request: POST https://xrplcluster.com "HTTP/1.1 200 OK"
2026-07-04 09:07:11,585 [INFO] HTTP Request: POST https://xrplcluster.com "HTTP/1.1 200 OK"
2026-07-04 09:07:12,066 [INFO] HTTP Request: POST https://xrplcluster.com "HTTP/1.1 200 OK"
2026-07-04 09:07:12,069 [INFO] ✓ [444/500] america-250-celebration — tesSUCCESS
2026-07-04 09:07:13,416 [INFO] HTTP Request: POST https://xrplcluster.com "HTTP/1.1 200 OK"
2026-07-04 09:07:13,753 [INFO] HTTP Request: POST https://xrplcluster.com "HTTP/1.1 200 OK"
2026-07-04 09:07:14,182 [INFO] HTTP Request: POST https://xrplcluster.com "HTTP/1.1 200 OK"
2026-07-04 09:07:14,523 [INFO] HTTP Request: POST https://xrplcluster.com "HTTP/1.1 200 OK"
2026-07-04 09:07:14,933 [INFO] HTTP Request: POST https://xrplcluster.com "HTTP/1.1 200 OK"
2026-07-04 09:07:15,287 [INFO] HTTP Request: POST https://xrplcluster.com "HTTP/1.1 200 OK"
2026-07-04 09:07:15,289 [INFO] ✓ [445/500] space-force-usa — tesSUCCESS
2026-07-04 09:07:16,673 [INFO] HTTP Request: POST https://xrplcluster.com "HTTP/1.1 200 OK"
2026-07-04 09:07:17,209 [INFO] HTTP Request: POST https://xrplcluster.com "HTTP/1.1 200 OK"
2026-07-04 09:07:17,797 [INFO] HTTP Request: POST https://xrplcluster.com "HTTP/1.1 200 OK"
2026-07-04 09:07:18,235 [INFO] HTTP Request: POST https://xrplcluster.com "HTTP/1.1 200 OK"
2026-07-04 09:07:18,720 [INFO] HTTP Request: POST https://xrplcluster.com "HTTP/1.1 200 OK"
2026-07-04 09:07:19,078 [INFO] HTTP Request: POST https://xrplcluster.com "HTTP/1.1 200 OK"
2026-07-04 09:07:19,083 [INFO] ✓ [446/500] american-church — tesSUCCESS
2026-07-04 09:07:20,565 [INFO] HTTP Request: POST https://xrplcluster.com "HTTP/1.1 200 OK"
2026-07-04 09:07:20,913 [INFO] HTTP Request: POST https://xrplcluster.com "HTTP/1.1 200 OK"
2026-07-04 09:07:21,258 [INFO] HTTP Request: POST https://xrplcluster.com "HTTP/1.1 200 OK"
2026-07-04 09:07:21,596 [INFO] HTTP Request: POST https://xrplcluster.com "HTTP/1.1 200 OK"
2026-07-04 09:07:22,101 [INFO] HTTP Request: POST https://xrplcluster.com "HTTP/1.1 200 OK"
2026-07-04 09:07:22,654 [INFO] HTTP Request: POST https://xrplcluster.com "HTTP/1.1 200 OK"
2026-07-04 09:07:22,657 [ERROR] ✗ bible exception: Request failed, amendmentBlocked: Amendment blocked, need upgrade.
2026-07-04 09:07:24,004 [INFO] HTTP Request: POST https://xrplcluster.com "HTTP/1.1 200 OK"
2026-07-04 09:07:24,661 [INFO] HTTP Request: POST https://xrplcluster.com "HTTP/1.1 200 OK"
2026-07-04 09:07:24,996 [INFO] HTTP Request: POST https://xrplcluster.com "HTTP/1.1 200 OK"
2026-07-04 09:07:25,478 [INFO] HTTP Request: POST https://xrplcluster.com "HTTP/1.1 200 OK"
2026-07-04 09:07:26,014 [INFO] HTTP Request: POST https://xrplcluster.com "HTTP/1.1 200 OK"
2026-07-04 09:07:26,606 [INFO] HTTP Request: POST https://xrplcluster.com "HTTP/1.1 200 OK"
2026-07-04 09:07:26,608 [ERROR] ✗ freedom exception: Request failed, amendmentBlocked: Amendment blocked, need upgrade.
2026-07-04 09:07:28,042 [INFO] HTTP Request: POST https://xrplcluster.com "HTTP/1.1 200 OK"
2026-07-04 09:07:28,550 [INFO] HTTP Request: POST https://xrplcluster.com "HTTP/1.1 200 OK"
2026-07-04 09:07:28,962 [INFO] HTTP Request: POST https://xrplcluster.com "HTTP/1.1 200 OK"
2026-07-04 09:07:29,472 [INFO] HTTP Request: POST https://xrplcluster.com "HTTP/1.1 200 OK"
2026-07-04 09:07:29,984 [INFO] HTTP Request: POST https://xrplcluster.com "HTTP/1.1 200 OK"
2026-07-04 09:07:30,417 [INFO] HTTP Request: POST https://xrplcluster.com "HTTP/1.1 200 OK"
2026-07-04 09:07:30,419 [INFO] ✓ [447/500] capitalism — tesSUCCESS
2026-07-04 09:07:31,845 [INFO] HTTP Request: POST https://xrplcluster.com "HTTP/1.1 200 OK"
2026-07-04 09:07:32,171 [INFO] HTTP Request: POST https://xrplcluster.com "HTTP/1.1 200 OK"
2026-07-04 09:07:32,647 [INFO] HTTP Request: POST https://xrplcluster.com "HTTP/1.1 200 OK"
2026-07-04 09:07:33,056 [INFO] HTTP Request: POST https://xrplcluster.com "HTTP/1.1 200 OK"
2026-07-04 09:07:33,479 [INFO] HTTP Request: POST https://xrplcluster.com "HTTP/1.1 200 OK"
2026-07-04 09:07:33,875 [INFO] HTTP Request: POST https://xrplcluster.com "HTTP/1.1 200 OK"
2026-07-04 09:07:33,877 [INFO] ✓ [448/500] gold — tesSUCCESS
2026-07-04 09:07:35,310 [INFO] HTTP Request: POST https://xrplcluster.com "HTTP/1.1 200 OK"
2026-07-04 09:07:35,720 [INFO] HTTP Request: POST https://xrplcluster.com "HTTP/1.1 200 OK"
2026-07-04 09:07:36,130 [INFO] HTTP Request: POST https://xrplcluster.com "HTTP/1.1 200 OK"
2026-07-04 09:07:36,466 [INFO] HTTP Request: POST https://xrplcluster.com "HTTP/1.1 200 OK"
2026-07-04 09:07:37,051 [INFO] HTTP Request: POST https://xrplcluster.com "HTTP/1.1 200 OK"
2026-07-04 09:07:37,664 [INFO] HTTP Request: POST https://xrplcluster.com "HTTP/1.1 200 OK"
2026-07-04 09:07:37,666 [ERROR] ✗ sea-to-shining-sea exception: Request failed, amendmentBlocked: Amendment blocked, need upgrade.
2026-07-04 09:07:39,200 [INFO] HTTP Request: POST https://xrplcluster.com "HTTP/1.1 200 OK"
2026-07-04 09:07:39,611 [INFO] HTTP Request: POST https://xrplcluster.com "HTTP/1.1 200 OK"
2026-07-04 09:07:40,122 [INFO] HTTP Request: POST https://xrplcluster.com "HTTP/1.1 200 OK"
2026-07-04 09:07:40,553 [INFO] HTTP Request: POST https://xrplcluster.com "HTTP/1.1 200 OK"
2026-07-04 09:07:40,979 [INFO] HTTP Request: POST https://xrplcluster.com "HTTP/1.1 200 OK"
2026-07-04 09:07:41,334 [INFO] HTTP Request: POST https://xrplcluster.com "HTTP/1.1 200 OK"
2026-07-04 09:07:41,336 [INFO] ✓ [449/500] cftc — tesSUCCESS
2026-07-04 09:07:42,788 [INFO] HTTP Request: POST https://xrplcluster.com "HTTP/1.1 200 OK"
2026-07-04 09:07:43,350 [INFO] HTTP Request: POST https://xrplcluster.com "HTTP/1.1 200 OK"
2026-07-04 09:07:43,807 [INFO] HTTP Request: POST https://xrplcluster.com "HTTP/1.1 200 OK"
2026-07-04 09:07:44,355 [INFO] HTTP Request: POST https://xrplcluster.com "HTTP/1.1 200 OK"
2026-07-04 09:07:44,357 [ERROR] ✗ sec exception: Request failed, amendmentBlocked: Amendment blocked, need upgrade.
2026-07-04 09:07:45,784 [INFO] HTTP Request: POST https://xrplcluster.com "HTTP/1.1 200 OK"
2026-07-04 09:07:46,164 [INFO] HTTP Request: POST https://xrplcluster.com "HTTP/1.1 200 OK"
2026-07-04 09:07:46,697 [INFO] HTTP Request: POST https://xrplcluster.com "HTTP/1.1 200 OK"
2026-07-04 09:07:47,279 [INFO] HTTP Request: POST https://xrplcluster.com "HTTP/1.1 200 OK"
2026-07-04 09:07:47,281 [ERROR] ✗ usmnt exception: Request failed, amendmentBlocked: Amendment blocked, need upgrade.
2026-07-04 09:07:48,614 [INFO] HTTP Request: POST https://xrplcluster.com "HTTP/1.1 200 OK"
2026-07-04 09:07:48,964 [INFO] HTTP Request: POST https://xrplcluster.com "HTTP/1.1 200 OK"
2026-07-04 09:07:49,440 [INFO] HTTP Request: POST https://xrplcluster.com "HTTP/1.1 200 OK"
2026-07-04 09:07:49,780 [INFO] HTTP Request: POST https://xrplcluster.com "HTTP/1.1 200 OK"
2026-07-04 09:07:50,125 [INFO] HTTP Request: POST https://xrplcluster.com "HTTP/1.1 200 OK"
2026-07-04 09:07:50,469 [INFO] HTTP Request: POST https://xrplcluster.com "HTTP/1.1 200 OK"
2026-07-04 09:07:50,481 [INFO] ✓ [450/500] uswnt — tesSUCCESS
2026-07-04 09:07:51,918 [INFO] HTTP Request: POST https://xrplcluster.com "HTTP/1.1 200 OK"
2026-07-04 09:07:52,410 [INFO] HTTP Request: POST https://xrplcluster.com "HTTP/1.1 200 OK"
2026-07-04 09:07:52,923 [INFO] HTTP Request: POST https://xrplcluster.com "HTTP/1.1 200 OK"
2026-07-04 09:07:53,434 [INFO] HTTP Request: POST https://xrplcluster.com "HTTP/1.1 200 OK"
2026-07-04 09:07:53,846 [INFO] HTTP Request: POST https://xrplcluster.com "HTTP/1.1 200 OK"
2026-07-04 09:07:54,355 [INFO] HTTP Request: POST https://xrplcluster.com "HTTP/1.1 200 OK"
2026-07-04 09:07:54,357 [INFO] ✓ [451/500] american-veteran — tesSUCCESS
2026-07-04 09:07:55,718 [INFO] HTTP Request: POST https://xrplcluster.com "HTTP/1.1 200 OK"
2026-07-04 09:07:56,125 [INFO] HTTP Request: POST https://xrplcluster.com "HTTP/1.1 200 OK"
2026-07-04 09:07:56,486 [INFO] HTTP Request: POST https://xrplcluster.com "HTTP/1.1 200 OK"
2026-07-04 09:07:56,917 [INFO] HTTP Request: POST https://xrplcluster.com "HTTP/1.1 200 OK"
2026-07-04 09:07:57,460 [INFO] HTTP Request: POST https://xrplcluster.com "HTTP/1.1 200 OK"
2026-07-04 09:07:57,878 [INFO] HTTP Request: POST https://xrplcluster.com "HTTP/1.1 200 OK"
2026-07-04 09:07:57,881 [INFO] ✓ [452/500] american-cowboy — tesSUCCESS
2026-07-04 09:07:59,314 [INFO] HTTP Request: POST https://xrplcluster.com "HTTP/1.1 200 OK"
2026-07-04 09:07:59,637 [INFO] HTTP Request: POST https://xrplcluster.com "HTTP/1.1 200 OK"
2026-07-04 09:08:00,091 [INFO] HTTP Request: POST https://xrplcluster.com "HTTP/1.1 200 OK"
2026-07-04 09:08:00,501 [INFO] HTTP Request: POST https://xrplcluster.com "HTTP/1.1 200 OK"
2026-07-04 09:08:00,910 [INFO] HTTP Request: POST https://xrplcluster.com "HTTP/1.1 200 OK"
2026-07-04 09:08:01,344 [INFO] HTTP Request: POST https://xrplcluster.com "HTTP/1.1 200 OK"
2026-07-04 09:08:01,348 [INFO] ✓ [453/500] independence-hall — tesSUCCESS
2026-07-04 09:08:02,356 [INFO] 
==================================================
2026-07-04 09:08:02,357 [INFO] COMPLETE: 453 minted | 47 failed
2026-07-04 09:08:02,357 [INFO] Progress: /Users/colin/seo/agentiscript/mint/mint_america_progress.json
